RatingID,PoleSpeed,MotorRotorInertia,Connection,BarMaterial,ERMaterial,WindingResistAt105,BarRes,ERRes,StatorOD,RotorOD,RotorSlotType,StatorSlotType,NemaDesign,NemaKVACode,Name,SRPM,Efficiency100,PowerFactor100,HorsePower,Voltage,Frequency,RPM,Amps,NoLoadAmps,LockedRotorAmps,LockedRotorTorque,BreakDownTorque,SFRiseByRes1,BDTCorelFactor,ReactCoilEndRun,ResTotalStart,ReactTotalRun,ReactStatorSlotRun,ReactStatorSlotStart,ReactRotorSlotRun,ReactRotorSlotStart,ReactZigZagRun,ReactZigZagStart,ReactBeltLeakRun,ReactTotalStart,FrameSize
3H4075,4,2.58418636857651,Delta,AL,AL,0.0985720297917392,0.109241403639317,0.0141907089868554,350,218.200000047684,Dbl - Closed,48,"A,B,C",G,TIC Premium Brand,1800,0.954,0.83,75.000001022707,460,60,1779,88.67,32.6,573,233,287,55,1.2532751091703056,6.95516972114685,0.512836754322052,2.1364758014679,14.4394159317017,14.4394159317017,67.5961380004883,41.4576568603516,19.6596126556396,17.1220054626465,5.9713005558791,1.55066668987274,365T
H0301117,4,26.6555165068372,Delta,AL,AL,0.0164069515832517,0.0165589656680822,0.00340060540536018,520,337.599999904633,Dbl - Closed,72,"A,B",G,TIC Premium Brand,1500,0.954,0.892,250,380,50,1487,333.07,61.68,2147,190.7,249.8,66,1.266092245311708,10.0892894103056,0.0870096385478973,0.540744423866272,16.2688331604004,16.2688331604004,61.9074096679688,27.6499977111816,15.5642595291138,13.9764385223389,8.29871221779611,0.363796472549438,N449
H991397,4,34.6619702287615,Delta,AL,AL,0.0156586369260463,0.0136490445584059,0.00366554040535997,550,362.200000047684,Dbl - Closed,72,"A,B",G,TIC Premium Brand,1800,0.951,0.867,300.000004090828,460,60,1781,340.83,84.53,2183.4,210.1,239.5,46,1.2023092369477912,9.8156500836799,0.129393175244331,0.646232068538666,15.6144571304321,15.6144571304321,78.8184127807617,37.9698905944824,14.596851348877,13.8401546478271,7.72014430172045,0.431756168603897,5010
H0103010,2,32.418368483682,Wye,CU,CU,0.134402926503256,0.0816994234919548,0.0102124896889433,670,368.400000095367,Trapeze,48,,F,Standard / High Efficiency,3600,0.965,0.907,1200.00001636331,4000,60,3582,147.61,31.11,882,87,290.7,45,0.890897946674839,23.6850203312102,0.566750347614288,2.47136831283569,18.5331363677979,18.5331363677979,16.8041362762451,14.8054065704346,4.12748765945435,3.75501847267151,7.19222266031972,2.36525678634644,5811/12UDZ
H010251,2,24.6821669137124,Delta,CU,CU,0.7743339887049,0.424265056848526,0.0661701811250543,670,368.400000095367,Trapeze,48,,F,Standard / High Efficiency,3600,0.949,0.907,700.000016363313,4000,60,3576,87.53,17.35,511,95.7,252.9,41,0.8227065712426807,31.108683420097,3.03265070915222,13.4782485961914,18.5331363677979,18.5331363677979,16.8041362762451,14.8054065704346,4.12748765945435,3.94400238990784,7.19222266031972,13.0446157455444,5811/12UDZ
H110291,6,85.790000179875,Wye,Special,Special,0.394812925136707,0.284676194190979,0.0183495867831592,610,422.200000047684,Rectang,72,,G,Standard / High Efficiency,1200,0.955,0.903,600,4160,60,1190,72.07,17.69,489.9,151.2,256.1,73,1.1316836058329651,4.17882625221169,1.41871893405914,7.60711574554443,20.3576927185059,20.3576927185059,20.7341747283936,12.5564184188843,6.55716180801392,5.06691646575928,4.0779279890454,6.16547918319702,5811UZ
H080451,6,40.450793420726,Wye,AL,AL,0.402590352421864,0.375188708305359,0.0291448442794071,550,362.599999904633,Dbl - Closed,72,,G,Standard / High Efficiency,1200,0.948,0.739,450.000016363313,4160,60,1182,66.52,32.55,391.7,223.2,271.5,80,1.1986754966887416,4.47825742729114,2.21651601791382,9.40594100952148,25.8709335327148,25.8709335327148,60.9152183532715,35.1879272460938,8.50071239471436,7.08900165557861,4.41161776202479,6.88945817947388,5011
H050111,4,26.6555165068372,Wye,AL,AL,0.353862769847114,0.284701883792877,0.046260631141008,520,337.599999904633,Dbl - Closed,48,A,K,Standard / High Efficiency,1800,0.955,0.81,350,4160,60,1790,46.82,19.24,407.9,287.2,340.6,80,1.4444444444444444,6.82159993226337,1.73737525939941,12.3525457382202,15.9386224746704,15.9386224746704,60.8622169494629,31.2228679656982,10.9243240356445,6.96485710144043,5.83941178291976,7.50915145874023,N449
H0803710,6,79.375028860236,Wye,AL,AL,0.247140344694571,0.190606817603111,0.0232023181593602,610,421.27999997139,Dbl - Closed,72,,H,Standard / High Efficiency,1200,0.952,0.763,600.000008181656,4000,60,1191,88.84,39.96,554.3,196.3,283.8,74,1.3598466698610447,4.47731384165538,1.19952738285065,7.29875135421753,20.2764301300049,20.2764301300049,45.0543937683105,23.5921630859375,5.64254426956177,5.15394115447998,3.30657626723977,4.98471689224243,5811UZ
H0803710A,6,79.375028860236,Wye,AL,AL,0.247140344694571,0.190606817603111,0.0232023181593602,610,421.27999997139,Dbl - Closed,72,,J,Standard / High Efficiency,1200,0.954,0.735,500,4000,60,1192,76.78,39.96,554.3,235.8,328.2,57,1.35956917978459,4.47731384165538,1.19952738285065,7.55681180953979,20.2764301300049,20.2764301300049,47.9804573059082,23.5921630859375,5.64254426956177,5.15394115447998,3.30657626723977,4.98471689224243,5811UZ
H0803710B,6,79.375028860236,Wye,AL,AL,0.247140344694571,0.190606817603111,0.0232023181593602,610,421.27999997139,Dbl - Closed,72,,F,Standard / High Efficiency,1200,0.95,0.78,700,4000,60,1189,101.7,39.96,554.3,168.1,250,94,1.3594344752582925,4.47731384165538,1.19952738285065,7.10947847366333,20.2764301300049,20.2764301300049,42.9082870483398,23.5921630859375,5.64254426956177,5.15394115447998,3.30657626723977,4.98471689224243,5811UZ
H09010,6,90.7143186974126,Wye,AL,AL,0.179626741802939,0.156303554773331,0.0167636748701377,610,421.27999997139,Dbl - Closed,72,,J,Standard / High Efficiency,1200,0.961,0.732,700.000016363313,4160,60,1192,103.08,52.75,717.7,224.5,315.7,73,1.358433734939759,3.91764961144846,0.958351016044617,6.01057577133179,20.2764301300049,20.2764301300049,45.8574066162109,23.3834171295166,5.64254426956177,5.03907823562622,3.30657626723977,4.04672765731812,5811US
H11037,4,32.6807277479647,Wye,AL,AL,0.382896703621306,0.412241756916046,0.0615112536607582,590,386.599999904633,Dbl - Closed,60,,G,Standard / High Efficiency,1800,0.94,0.851,600,4160,60,1771,77.7,25.12,505.2,171.2,300.5,68,1.135247449943332,13.4256722253374,1.4881294965744,6.29023313522339,18.6943454742432,18.6943454742432,31.3526172637939,17.8730640411377,8.25512504577637,5.40246534347534,5.461621131424,4.80550575256348,5012
H11037,4,32.6807277479647,Wye,AL,AL,0.406325576004628,0.412241756916046,0.0615112536607582,590,386.599999904633,Dbl - Closed,60,,G,Standard / High Efficiency,1800,0.939,0.851,600,4160,60,1771,77.77,25.12,504.4,170.7,299.4,69,1.134950720242608,13.4256722253374,1.51155841350555,6.28920030593872,18.6943454742432,18.6943454742432,31.3399429321289,17.8760871887207,8.25512504577637,5.40807342529297,5.461621131424,4.80651187896729,5012
H920367,4,19.6633542018963,Wye,AL,AL,0.74249585059682,0.35850864648819,0.113773307203553,550,362.400000095367,Dbl - Closed,60,,H,Standard / High Efficiency,1800,0.952,0.854,399.999991818344,4160,60,1783,50.96,16.73,384.5,296.9,237.7,74,1.0158119658119658,15.2346049041197,2.60457587242126,10.6274785995483,19.9653816223145,19.9653816223145,44.9844169616699,21.3945178985596,9.70170497894287,6.02553606033325,6.75254271703497,7.01335048675537,505U
H920367A,4,19.6633542018963,Delta,AL,AL,0.74249585059682,0.35850864648819,0.113773307203553,550,362.400000095367,Dbl - Closed,60,,H,Standard / High Efficiency,1800,0.951,0.869,400,2300,60,1782,90.64,25.59,633.9,268.8,219.8,76,1.0161812297734627,15.2346049041197,2.60457587242126,10.5959882736206,19.9653816223145,19.9653816223145,44.2933120727539,21.5082931518555,9.70170497894287,6.22756290435791,6.75254271703497,7.06125974655151,505U
H920369,4,19.6633542018963,Delta,AL,AL,0.74249585059682,0.35850864648819,0.113773307203553,550,362.400000095367,Dbl - Closed,60,,H,Standard / High Efficiency,1800,0.951,0.869,400,2300,60,1782,90.64,25.59,633.9,268.8,219.8,76,1.0161812297734627,15.2346049041197,2.60457587242126,10.5959882736206,19.9653816223145,19.9653816223145,44.2933120727539,21.5082931518555,9.70170497894287,6.22756290435791,6.75254271703497,7.06125974655151,505U
H0102510,2,24.6821669137124,Wye,CU,CU,0.232989811027726,0.121759742498398,0.0189901667769607,670,368.400000095367,Trapeze,48,,F,Standard / High Efficiency,3600,0.952,0.891,800,4160,60,3582,97.64,24.64,593.8,112.2,257,34,0.7676224611708482,31.108683420097,0.88110363483429,3.86811995506287,18.5331363677979,18.5331363677979,16.8041362762451,14.8054065704346,4.12748765945435,3.849928855896,7.19222266031972,3.73083853721619,5812USS
H940243,4,51.6037026794947,Wye,CU,CU,0.301062802579006,0.226696744561195,0.0114794001192338,610,396.400000095367,Rectang,60,A,H,Standard / High Efficiency,1800,0.95,0.916,500,4160,60,1788,59.5,13,449,112,240,68,0.9248554913294798,10.1893786047034,1.11032736301422,8.16964721679688,22.5957794189453,22.5957794189453,17.3123531341553,10.9984550476074,5.94718360900879,5.18791484832764,5.08689760126846,7.13759565353394,5810
4H4002,4,0.024398102466903,Wye,AL,AL,4.88729963260918,4.1655158996582,1.02154305559091,160,94.6499999761581,Diamond,36,"A,B,C",K,TIC Premium Brand,1800,0.866,0.803,2,460,60,1734,2.69,1.38,21.3,339,395.9,39,1.5944422070076518,10.4723537705959,10.0743589401245,19.0428409576416,13.7188405990601,13.7188405990601,36.9264297485352,18.6745452880859,31.0262050628662,20.9921283721924,6.66294855878327,11.9111948013306,145T
4H4005,4,0.0865321128145722,Wye,AL,AL,2.02004028932487,1.39234447479248,0.353228766742891,190,119.9500015378,Diamond,36,"A,B,C",J,TIC Premium Brand,1800,0.891,0.854,5.00000002556768,460,60,1742,6.15,2.33,53.3,265.5,301.8,57,1.4801373222167729,9.52032160963261,3.7656135559082,10.0496740341187,11.6013660430908,11.6013660430908,29.5144386291504,15.195725440979,33.7297401428223,19.7748794555664,7.23802380440603,5.85333633422852,184T
H0402024,4,0.24790191739334,Delta,AL,AL,2.75364538352442,2.70945358276367,0.690636657896611,230,142.100000023842,Dbl - Closed,48,"A,B",H,TIC Premium Brand,1500,0.905,0.865,5,380,50,1449,7.24,2.44,52.7,267.3,285.9,26,1.3150873965041396,9.68411208893812,7.24818134307861,20.9826164245605,15.2172355651855,15.2172355651855,64.2552032470703,28.7238731384277,21.5398426055908,19.5433177947998,7.05493016577206,13.1986436843872,215T
H040245,4,22.7065510984169,Wye,AL,AL,0.725136961702398,0.463581115007401,0.0874615057509683,520,337.599999904633,Dbl - Closed,48,A,H,Standard / High Efficiency,1800,0.955,0.839,250,4160,60,1789,32.28,10.43,225.4,228,278.1,62,1.3726554787759133,7.48530074659122,2.99005055427551,20.262523651123,15.9386224746704,15.9386224746704,60.9358444213867,31.9821834564209,10.9243240356445,7.98371934890747,5.83941178291976,12.6522188186646,N449
H040245,4,22.7065510984169,Wye,AL,AL,0.725136961702398,0.463581115007401,0.0874615057509683,520,337.599999904633,Dbl - Closed,48,A,H,Standard / High Efficiency,1800,0.955,0.839,250,4160,60,1789,32.28,10.43,225.4,228,278.1,62,1.3726554787759133,7.48530074659122,2.99005055427551,20.262523651123,15.9386224746704,15.9386224746704,60.9358444213867,31.9821834564209,10.9243240356445,7.98371934890747,5.83941178291976,12.6522188186646,N449
3Q8150C,8,39.8034910781001,Delta,AL,AL,0.0501354259206184,0.0643178299069405,0.00424896549977617,520,373.399999976158,Dbl - Closed,72,"A,B",G,Standard / High Efficiency,900,0.949,0.79,150.000002045414,575,60,891,149.8,57.04,911.6,157,248.6,46,1.3216374269005848,2.78969197089793,0.309534966945648,2.03509783744812,16.2961120605469,16.2961120605469,58.02294921875,29.2119102478027,25.5488548278809,21.7801399230957,5.30552184987748,1.3091516494751,N449
4H6010,6,0.596715881851309,Delta,AL,AL,1.38761882033251,1.52856683731079,0.13656863617746,265,174.199999988079,Dbl - Closed,54,A,J,TIC Premium Brand,1200,0.928,0.788,10,460,60,1177,12.8,5.75,94.3,250,315.3,38,1.342273307790549,5.72118810446678,3.99688911437988,14.5501327514648,16.2862148284912,16.2862148284912,51.6517677307129,22.5192966461182,28.1186256408691,19.1454410552979,6.06818059651195,8.16727447509766,256T
4H6010,6,0.596715881851309,Delta,AL,AL,1.38761882033251,1.52856683731079,0.13656863617746,265,174.199999988079,Dbl - Closed,54,"A,B,C",H,TIC Premium Brand,1200,0.928,0.788,10,460,60,1177,12.8,5.75,94.3,250,315.3,38,1.342273307790549,5.72118810446678,3.99688911437988,14.5501327514648,16.2862148284912,16.2862148284912,51.6517677307129,22.5192966461182,28.1186256408691,19.1454410552979,6.06818059651195,8.16727447509766,256T
4H6010BJ,6,0.596715881851309,Delta,AL,AL,1.38761882033251,1.52856683731079,0.13656863617746,265,174.199999988079,Dbl - Closed,54,"A,B,C",H,TIC Premium Brand,1200,0.928,0.788,10,460,60,1177,12.8,5.75,94.3,250,315.3,38,1.342273307790549,5.72118810446678,3.99688911437988,14.5501327514648,16.2862148284912,16.2862148284912,51.6517677307129,22.5192966461182,28.1186256408691,19.1454410552979,6.06818059651195,8.16727447509766,256T
4H4005,4,0.0865321128145722,Wye,AL,AL,2.02004028932487,1.39234447479248,0.353228766742891,190,119.9500015378,Diamond,36,"A,B,C",J,TIC Premium Brand,1800,0.891,0.854,5.00000002556768,460,60,1742,6.15,2.33,53.3,265.5,301.8,57,1.4801373222167729,9.52032160963261,3.7656135559082,10.0496740341187,11.6013660430908,11.6013660430908,29.5144386291504,15.195725440979,33.7297401428223,19.7748794555664,7.23802380440603,5.85333633422852,184T
4H4005BJ,4,0.0865321128145722,Wye,AL,AL,2.02004028932487,1.39234447479248,0.353228766742891,190,119.9500015378,Diamond,36,"A,B,C",J,TIC Premium Brand,1800,0.891,0.854,5.00000002556768,460,60,1742,6.15,2.33,53.3,265.5,301.8,57,1.4801373222167729,9.52032160963261,3.7656135559082,10.0496740341187,11.6013660430908,11.6013660430908,29.5144386291504,15.195725440979,33.7297401428223,19.7748794555664,7.23802380440603,5.85333633422852,184T
H11020,4,20.9279820249126,Delta,AL,AL,0.0203687290066845,0.0138708744198084,0.00588130286612886,550,362.200000047684,Dbl - Closed,72,"A,B",E,TIC EPACT,1800,0.961,0.878,400,460,60,1780,443.54,87,2436.9,149,201.8,47,1.1075740944017565,17.0256758798907,0.101790487766266,0.525789618492126,15.3922443389893,15.3922443389893,51.7250785827637,23.2731018066406,14.596851348877,12.1195802688599,7.72014430172045,0.36656391620636,505U
H9113783,4,10.6367858185496,Delta,AL,AL,0.032823344362661,0.0317678563296795,0.00374916683479793,430,277.799999952316,Dbl - Closed,60,,H,TIC Premium Brand,1800,0.959,0.854,175,460,60,1786,199.88,58.92,1403.6,234.3,275.5,53,1.3781890945472737,7.18751471848501,0.212241739034653,1.08082032203674,14.2458810806274,14.2458810806274,75.1956939697266,35.5145797729492,16.7636814117432,15.1506099700928,6.88815409804838,0.694222688674927,447T
H9113783,4,10.6367858185496,Delta,AL,AL,0.0270629734499658,0.0274897590279579,0.00324427604300251,430,277.799999952316,Dbl - Closed,60,A,J,TIC Premium Brand,1800,0.964,0.819,175,460,60,1786,207.71,76.55,1645.3,272.6,301.3,62,1.3438893844781445,7.18751471848501,0.182319551706314,0.951349318027496,14.2458810806274,14.2458810806274,77.5377807617188,35.0878677368164,16.7636814117432,14.8049945831299,6.88815409804838,0.593720614910126,447T
H080196,4,24.634789376088,Delta,AL,AL,0.375396372590622,0.298875033855438,0.0762625791848047,550,348.400000095367,Dbl - Closed,60,A,H,Standard / High Efficiency,1800,0.948,0.784,300.000004090828,2300,60,1786,75.58,35.02,502.3,210,319.8,50,1.1397006414825375,11.3022961707511,2.58873748779297,11.1058359146118,22.2583332061768,22.2583332061768,58.8921890258789,36.2110443115234,6.65249872207642,6.19344902038574,4.77270695014521,8.59665489196777,5011
H01031,4,68.3540633073078,Wye,AL,AL,0.222178686303751,0.248985409736633,0.0332834445246875,610,396.200000047684,Dbl - Closed,48,,H,Standard / High Efficiency,1800,0.945,0.878,600.000008181656,4160,60,1781,74.86,19.87,565.5,198.3,266.9,75,1.1405982905982905,5.81067789996033,1.23350167274475,7.53660917282104,15.3189306259155,15.3189306259155,29.0612754821777,14.3230466842651,8.11056327819824,6.27793550491333,4.41028381080412,5.42538499832153,5810
H010238,2,34.9971023403385,Wye,AL,AL,0.475373801827234,0.349922329187393,0.118706202951252,670,368.400000095367,Dbl - Closed,48,,G,Standard / High Efficiency,3000,0.949,0.905,1000,6000,50,2966,83.59,16.2,545.5,125,238.8,65,1.105043961129107,21.9398083068052,1.94009578227997,10.0101289749146,18.5331363677979,18.5331363677979,43.7039604187012,21.5382347106934,4.33453512191772,4.09978628158569,7.29233651799227,7.628333568573,5812USS
H010244,2,37.5758361969951,Wye,AL,AL,0.371322849790063,0.270595222711563,0.0857652316322797,670,368.400000095367,Dbl - Closed,48,,G,Standard / High Efficiency,3000,0.952,0.895,1250,6000,50,2968,105.34,23.85,724.6,135.8,251.3,75,1.1051011433597187,20.4341351877108,1.49796319007874,7.55788803100586,18.5331363677979,18.5331363677979,42.6515884399414,21.0622386932373,4.33453512191772,3.99112796783447,7.29233651799227,5.73333406448364,5812USS
H110292,6,85.790000179875,Wye,Special,Special,0.321601868343249,0.239207088947296,0.0154187500052935,610,422.200000047684,Rectang,72,,H,Standard / High Efficiency,1200,0.957,0.897,600,4000,60,1191,75.22,20.81,564.3,168.7,282,68,1.1316211878009632,4.17882625221169,1.18196725845337,6.39209032058716,20.3576927185059,20.3576927185059,20.7341747283936,12.5564184188843,6.55716180801392,4.88685274124146,4.0779279890454,5.14732360839844,5811UZ
1T2600K_REV2,2,17.4644059167922,Wye,AL,AL,0.360570959370485,0.214283064007759,0.09686963627161,590,334.199999809265,Dbl - Closed,42,,F,Standard / High Efficiency,3600,0.942,0.866,600.000008181656,4000,60,3560,79.26,18.93,458.7,116.5,255.7,46,0.9861164674122637,23.3489570281573,1.30660784244537,6.08118963241577,11.7860479354858,11.7860479354858,29.9199962615967,15.0267496109009,7.0829815864563,6.40304565429688,5.86065694186802,4.82315826416016,5012
H110292,6,85.790000179875,Wye,Special,Special,0.394812925136707,0.284676194190979,0.0183495867831592,610,422.200000047684,Rectang,72,,F,Standard / High Efficiency,1200,0.951,0.905,600,4000,60,1189,75.1,16.72,468.7,138.2,236.8,77,1.1319311663479925,4.17882625221169,1.41871893405914,7.60711574554443,20.3576927185059,20.3576927185059,20.7341747283936,12.5564184188843,6.55716180801392,5.21841812133789,4.0779279890454,6.19891452789307,5811UZ
3Q6200K,6,25.7523958787077,Wye,AL,AL,1.07177631187236,0.783851802349091,0.108960112127767,520,347.599999904633,Dbl - Closed,72,,G,Standard / High Efficiency,1200,0.954,0.8,200,4000,60,1187,28.23,8.64,155.4,160.4,207.1,65,1.2498491249245625,6.08073543269831,5.04385852813721,27.9928722381592,25.3298778533936,25.3298778533936,53.7541122436523,23.1061000823975,7.46734523773193,6.90177011489868,4.1341803588959,17.7617225646973,N449
H020251,2,25.3602438811313,Delta,Special,Special,0.00765678085149264,0.00542518915608525,0.000637382342129989,610,331.5,Trapeze,48,,J,Standard / High Efficiency,3600,0.948,0.899,600,460,60,3576,658.98,209.44,5672.8,140.2,389,76,0.7541682822799536,19.5646868868153,0.0282939653843641,0.124252326786518,13.6454544067383,13.6454544067383,13.8190603256226,11.3958435058594,4.77738285064697,4.38327646255493,5.57605281690907,0.117155857384205,5810
H090134,4,33.5928946037564,Delta,Special,Special,0.0421380146786776,0.0320170298218727,0.00378326988089791,550,348.400000095367,Rectang,60,"A,B",F,Standard / High Efficiency,1800,0.938,0.926,350.000008181656,575,60,1782,301.79,55.37,1898.4,168.1,268.8,56,1.2135440180586907,8.28835052521748,0.143245235085487,0.771467506885529,22.2583332061768,22.2583332061768,18.0940437316895,12.1698627471924,5.53956365585327,5.25367164611816,4.61587241061449,0.686859130859375,5011UZ
H9126921,2,1.4310620654015,Delta,AL,AL,0.0792410986376549,0.0804380476474762,0.0396425638796881,350,192.599999904633,Dbl - Closed,36,"A,B",H,TIC Premium Brand,3000,0.931,0.829,75,415,50,2950,100.9,37.76,714.4,310.7,318.6,70,1.167032967032967,16.3088679217809,0.35857480764389,1.46116554737091,11.478175163269,11.478175163269,72.6972808837891,47.3199501037598,19.0527896881104,16.6345405578613,9.77237301523873,1.11756014823914,365T
H080302,4,60.1692231355741,Wye,AL,AL,0.248870754142331,0.200569450855255,0.026294785542855,610,396.599999904633,Dbl - Closed,60,,G,Standard / High Efficiency,1800,0.949,0.864,600,4160,60,1787,75.72,24.07,520.2,190.1,287.1,59,1.1219226260257913,8.75649723841699,1.26928675174713,6.82161808013916,18.4720134735107,18.4720134735107,37.4821624755859,21.9788436889648,5.5697340965271,5.12051677703857,4.35061261971922,5.33141040802002,5811US
3H4100,4,4.37455108731065,Delta,AL,AL,0.0686887723744968,0.0728474780917168,0.0160051918219548,380,237.799999952316,Dbl - Closed,48,"A,B",G,TIC Premium Brand,1800,0.954,0.841,99.9999979545859,460,60,1780,116,37,725,200,256,69,1.2586037364798426,6.46382371203977,0.368956416845322,1.80694210529327,13.7677316665649,13.7677316665649,56.580005645752,25.9068450927734,18.114652633667,15.9459228515625,5.42590420753509,1.13721799850464,405T
A2506FLF4BMQ,6,27.442538304645,Delta,AL,AL,0.023576374297238,0.0262726582586765,0.00452718040366432,550,362.799999952316,Dbl - Closed,72,A,G,Standard / High Efficiency,1200,0.948,0.834,250,460,60,1187,296.14,79.92,1864.7,220,211.3,72,1.2270615563298493,5.65936930171882,0.136485919356346,0.870544254779816,18.1943759918213,18.1943759918213,58.1245346069336,25.4511260986328,18.4347820281982,15.5692615509033,5.50667265231442,0.518173336982727,N587
5003FTAB41F-A,2,24.9371775415583,Delta,AL,AL,0.00694273655416022,0.0049055889248848,0.0020575882128809,550,315.400000095367,Dbl - Closed,48,"A,B",G,Standard / High Efficiency,3600,0.961,0.888,500,460,60,3581,548.72,116.21,3520.5,221.7,292.5,72,1.2223150856665272,12.5670981462756,0.0679603889584541,0.331600993871689,12.8240871429443,12.8240871429443,79.8957443237305,45.0601844787598,12.1953344345093,12.1026573181152,10.1353263680925,0.240643471479416,5011USS
5004FTQL11E-C,4,33.5928946037564,Wye,Special,Special,0.496615081615669,0.355744749307632,0.0420363320099768,550,348.400000095367,Rectang,60,"A,B",F,Standard / High Efficiency,1800,0.944,0.924,500,4000,60,1782,61.76,11.98,398.9,173.2,272,79,1.2137438643462741,8.28835052521748,1.62002861499786,8.57186126708984,22.2583332061768,22.2583332061768,18.0940437316895,12.1698627471924,5.53956365585327,5.02799940109253,4.61587241061449,7.57145261764526,5011US
H010235,2,34.9971023403385,Wye,AL,AL,0.123468308782808,0.105851508677006,0.0359086263927538,670,368.400000095367,Dbl - Closed,48,,G,Standard / High Efficiency,3600,0.954,0.888,1250,4160,60,3571,152.83,32.29,979.7,147.4,280.4,48,1.2164859002169197,21.9398083068052,0.692017734050751,3.65203070640564,18.5331363677979,18.5331363677979,44.1878623962402,20.1578235626221,4.33453512191772,4.03837442398071,7.29233651799227,2.71048045158386,5812USS
B1508FLG3BMHL,8,39.8034910781001,Delta,AL,AL,0.0317775480141472,0.0411634109914303,0.00271933791985675,520,373.399999976158,Dbl - Closed,72,"A,B",G,TIC Premium Brand,900,0.949,0.79,150.000002045414,460,60,891,187.24,71.3,1139.6,157,248.7,46,1.3221690590111643,2.78969197089793,0.197793260216713,1.30249094963074,16.2961120605469,16.2961120605469,58.0254669189453,29.2114410400391,25.5488548278809,21.7785778045654,5.30552184987748,0.837830603122711,N449
B0052YLF2AMH,2,0.0385793236595662,Wye,AL,AL,1.92520183726805,1.00527107715607,0.456842742949318,190,99.1000000238419,Diamond,36,"A,B",J,TIC Premium Brand,3600,0.873,0.927,5.00000002556768,460,60,3485,5.78,1.4,47,258,302,52,1.1139800811508667,30.6738620119389,3.38731551170349,7.69265699386597,12.6802444458008,12.6802444458008,33.2192840576172,16.032075881958,20.5784225463867,15.7889490127563,11.646110425402,5.44996452331543,184T
H080193,4,24.634789376088,Wye,AL,AL,0.421441559327583,0.298875033855438,0.0762625791848047,550,348.400000095367,Dbl - Closed,60,"A,B",G,Standard / High Efficiency,1800,0.948,0.783,350,4160,60,1786,48.81,22.31,303.1,196.5,300.4,62,1.1396054628224581,11.3022961707511,2.63478255271912,10.952428817749,22.2583332061768,22.2583332061768,57.4573020935059,36.1193656921387,6.65249872207642,6.13073205947876,4.77270695014521,8.57533740997314,5011
H080193A,4,24.634789376088,Delta,AL,AL,0.421441559327583,0.298875033855438,0.0762625791848047,550,348.400000095367,Dbl - Closed,60,"A,B",G,Standard / High Efficiency,1800,0.946,0.804,350,2300,60,1785,86.16,35.02,501.5,179.2,278.4,64,1.14004914004914,11.3022961707511,2.63478255271912,10.8921957015991,22.2583332061768,22.2583332061768,56.893913269043,36.21435546875,6.65249872207642,6.19561815261841,4.77270695014521,8.59740734100342,5011
H080193B,4,24.634789376088,Delta,AL,AL,0.421441559327583,0.298875033855438,0.0762625791848047,550,348.400000095367,Dbl - Closed,60,A,H,Standard / High Efficiency,1800,0.947,0.784,300,2300,60,1786,75.65,35.02,501.5,209.3,318.5,51,1.1395348837209303,11.3022961707511,2.63478255271912,11.1042222976685,22.2583332061768,22.2583332061768,58.8770904541016,36.21435546875,6.65249872207642,6.19561815261841,4.77270695014521,8.59740734100342,5011
H080193C,4,24.634789376088,Wye,AL,AL,0.421441559327583,0.298875033855438,0.0762625791848047,550,348.400000095367,Dbl - Closed,60,A,J,Standard / High Efficiency,1800,0.948,0.759,300,4160,60,1787,43.19,22.31,303.1,229.4,343.6,50,1.1396351575456054,11.3022961707511,2.63478255271912,11.1701002120972,22.2583332061768,22.2583332061768,59.4932823181152,36.1193656921387,6.65249872207642,6.13073205947876,4.77270695014521,8.57533740997314,5011
H080193D,4,24.634789376088,Delta,AL,AL,0.421441559327583,0.298875033855438,0.0762625791848047,550,348.400000095367,Dbl - Closed,60,"A,B",E,Standard / High Efficiency,1800,0.945,0.815,400,2300,60,1783,97.19,35.02,501.5,156.7,247.2,79,1.1396957123098201,11.3022961707511,2.63478255271912,10.7313508987427,22.2583332061768,22.2583332061768,55.3894538879395,36.21435546875,6.65249872207642,6.19561815261841,4.77270695014521,8.59740734100342,5011
H080193E,4,24.634789376088,Wye,AL,AL,0.421441559327583,0.298875033855438,0.0762625791848047,550,348.400000095367,Dbl - Closed,60,"A,B",F,Standard / High Efficiency,1800,0.947,0.799,400,4160,60,1784,54.7,22.31,303.1,171.8,267,75,1.1395646606914211,11.3022961707511,2.63478255271912,10.7836771011353,22.2583332061768,22.2583332061768,55.8788909912109,36.1193656921387,6.65249872207642,6.13073205947876,4.77270695014521,8.57533740997314,5011
H070291,4,60.1692231355741,Wye,AL,AL,0.259691221713737,0.218389421701431,0.0286309952224659,610,396.599999904633,Dbl - Closed,60,,G,Standard / High Efficiency,1800,0.948,0.869,600.000008181656,4160,60,1786,75.38,21.65,476.6,173.7,265.8,62,1.1219924018573237,8.75649723841699,1.37076795101166,7.3875880241394,18.4720134735107,18.4720134735107,37.0791511535645,22.051815032959,5.5697340965271,5.17442989349365,4.35061261971922,5.82190895080566,5811US
H0204114,4,8.59995449159327,Delta,AL,AL,0.0573167495484593,0.0543490648269653,0.00779437271374622,430,277.799999952316,Dbl - Closed,60,A,K,TIC Premium Brand,1800,0.963,0.806,125,575,60,1789,120.66,49.75,1018.2,274.9,315.4,51,1.3103448275862069,8.6675753151204,0.365649461746216,1.93342280387878,14.2458810806274,14.2458810806274,81.7617568969727,35.2155914306641,16.7636814117432,14.9142742156982,6.88815409804838,1.1795209646225,445T
H010273,2,29.8396346270255,Delta,CU,CU,0.458314362201783,0.305171370506287,0.0408499587557733,670,368.400000095367,Trapeze,48,,F,Standard / High Efficiency,3600,0.953,0.895,1000,4160,60,3587,121.43,26.67,761,85.3,287.9,47,0.8537959667852906,25.7318739400802,2.07596230506897,9.36390113830566,18.5331363677979,18.5331363677979,16.8041362762451,14.8054065704346,4.12748765945435,3.8027195930481,7.19222266031972,8.99013900756836,5811/12UDZ
8003TCQG11F-A,2,27.260900770369,Delta,AL,AL,0.189607603269508,0.135294184088707,0.0581660394461135,670,368.400000095367,Dbl - Closed,48,,H,Standard / High Efficiency,3600,0.944,0.9,800,2300,60,3573,176.29,46,1312.9,138.4,242.6,57,1.026661024121879,28.1659701236013,0.9285688996315,5.07300043106079,18.5331363677979,18.5331363677979,47.6780548095703,20.6768321990967,4.33453512191772,4.14543771743774,7.29233651799227,3.75653719902039,5811/12USS
H060021,8,92.2702946042087,Wye,AL,AL,0.358546724423272,0.319491297006607,0.0207515975115306,610,422.799999952316,Dbl - Closed,72,,G,Standard / High Efficiency,900,0.958,0.765,399.999991818344,4000,60,893,58.8,23.64,357.4,160.8,236.8,70,1.3214285714285716,2.17520182725605,1.81122100353241,12.7826852798462,24.1123695373535,24.1123695373535,39.3996047973633,17.4358978271484,11.084789276123,8.58670902252197,3.78624636887963,7.87491273880005,5810
H010289,2,37.5758361969951,Wye,CU,CU,0.0980093281078667,0.0690021514892578,0.00761716689609203,670,368.400000095367,Trapeze,48,,F,Standard / High Efficiency,3600,0.954,0.908,1500,4160,60,3586,179.27,45,1163.1,83.5,275.6,60,0.7903642099225696,20.842817891465,0.462155550718308,2.01003861427307,18.5331363677979,18.5331363677979,16.8041362762451,14.8054065704346,4.12748765945435,3.65006589889526,7.19222266031972,1.91152954101563,5811/12UDZ
4004FTAG11E-A,4,29.1138419899222,Delta,AL,AL,0.354126506306032,0.262699127197266,0.0572816705876978,550,348.400000095367,Dbl - Closed,60,"A,B",G,Standard / High Efficiency,1800,0.949,0.811,399.999991818344,2300,60,1785,97.34,38.4,577.2,181.8,280.2,64,1.1394875965839772,9.56348137525094,2.28981423377991,9.51706409454346,22.2583332061768,22.2583332061768,57.034423828125,36.2193412780762,6.65249872207642,6.1988730430603,4.77270695014521,7.46770286560059,5011
3H4125,4,7.24206694028907,Delta,AL,AL,0.0547108525713099,0.0435984954237938,0.00729962109675565,430,277.799999952316,Dbl - Closed,60,"A,B",G,TIC Premium Brand,1800,0.957,0.841,125,460,60,1786,144,47.71,907,218.7,256.3,63,1.2304368698991839,10.3917143952315,0.303100526332855,1.42579245567322,14.2458810806274,14.2458810806274,71.5886993408203,35.4636116027832,16.7636814117432,15.1121253967285,6.88815409804838,0.956683695316315,444T
3H4150,4,8.59995449159327,Delta,AL,AL,0.0369260048500293,0.0353466905653477,0.00506918131719142,430,277.799999952316,Dbl - Closed,60,"A,B,C",G,TIC Premium Brand,1800,0.957,0.836,150.000002045414,460,60,1786,176,60.1,1085,220,265,69,1.2722035525684108,8.6675753151204,0.237454578280449,1.1961362361908,14.2458810806274,14.2458810806274,75.4094314575195,35.2612266540527,16.7636814117432,14.952054977417,6.88815409804838,0.76807689666748,445T
3H4200,4,10.6367858185496,Delta,AL,AL,0.0270629734499658,0.0274897590279579,0.00324427604300251,430,277.799999952316,Dbl - Closed,60,"A,B,C",G,TIC Premium Brand,1800,0.961,0.845,199.999995909172,460,60,1785,232,76.55,1450,238.3,272.9,78,1.343673067454456,7.18751471848501,0.182319551706314,0.920174837112427,14.2458810806274,14.2458810806274,73.4732360839844,35.0878677368164,16.7636814117432,14.8049945831299,6.88815409804838,0.593720614910126,447T
3H4250,4,18.6054594778995,Delta,AL,AL,0.0183325653151918,0.0174104645848274,0.00256518189477015,480,317.799999952316,Dbl - Closed,60,"A,B",G,TIC Premium Brand,1800,0.959,0.851,250,460,60,1788,288,93.32,2085.8,276.8,263.2,57,1.2397550635892605,8.02746191377671,0.141558811068535,0.709006130695343,14.0214376449585,14.0214376449585,68.7187194824219,35.043758392334,19.5074729919434,16.3803119659424,7.94823510460189,0.480656057596207,505U
3H4200,4,18.6054594778995,Delta,AL,AL,0.0183325653151918,0.0174104645848274,0.00256518189477015,480,317.799999952316,Dbl - Closed,60,A,H,TIC Premium Brand,1800,0.959,0.851,250,460,60,1788,288,93.32,2085.8,240,263.2,57,1.2397550635892605,8.02746191377671,0.141558811068535,0.709006130695343,14.0214376449585,14.0214376449585,68.7187194824219,35.043758392334,19.5074729919434,16.3803119659424,7.94823510460189,0.480656057596207,505U
3Q4250,4,25.1746544786796,Delta,AL,AL,0.0195962533816807,0.019489673897624,0.00422278503660005,520,337.599999904633,Dbl - Closed,72,"A,B",G,TIC Premium Brand,1800,0.962,0.883,250,460,60,1782,275.53,58,1824.8,184.7,230.9,56,1.1476143141153083,10.6827770226765,0.117630988359451,0.781887054443359,16.2688331604004,16.2688331604004,64.3894271850586,26.5141716003418,15.5642595291138,14.1101503372192,8.29871221779611,0.509697437286377,N449
3Q4300,4,26.6555165068372,Delta,AL,AL,0.0164069515832517,0.0165589656680822,0.00340060540536018,520,337.599999904633,Dbl - Closed,72,"A,B",G,TIC Premium Brand,1800,0.964,0.883,300.000004090828,460,60,1782,329.99,69,2178,185,231,65,1.1481113320079523,10.0892894103056,0.0995127782225609,0.651498913764954,16.2688331604004,16.2688331604004,62.3576622009277,26.1548175811768,15.5642595291138,13.8520612716675,8.29871221779611,0.42679950594902,N449
H010222,2,32.418368483682,Delta,AL,AL,0.432812544242279,0.325318425893784,0.118706202951252,670,368.400000095367,Dbl - Closed,48,,G,Standard / High Efficiency,3600,0.952,0.882,1200,4160,60,3571,147.89,32.96,936.7,144.5,279.4,50,1.216369177187636,23.6850203312102,2.18850874900818,11.3650312423706,18.5331363677979,18.5331363677979,44.0077705383301,20.1427764892578,4.33453512191772,4.03486347198486,7.29233651799227,8.49989128112793,5811/12UDZ
H12002,4,54.2123100154447,Wye,CU,CU,0.164892004582614,0.118582352995872,0.0055271896341605,670,420.800000190735,Rectang,60,,F,Standard / High Efficiency,1800,0.945,0.909,1300,4000,60,1787,163.06,37.95,1020.5,94.6,244.4,72,1.0364715860899067,12.3168312804107,0.587731063365936,3.09895896911621,19.604923248291,19.604923248291,19.6731281280518,12.4982442855835,6.69928598403931,4.2553071975708,4.7742621198831,2.5407407283783,5811/12
H010288,2,37.5758361969951,Wye,CU,CU,0.0980093281078667,0.0690021514892578,0.00761716689609203,670,368.400000095367,Trapeze,48,,E,Standard / High Efficiency,3600,0.951,0.917,1750,4160,60,3583,207.77,45,1163.1,71.5,236,46,0.7903549899531145,20.842817891465,0.462155550718308,2.01003861427307,18.5331363677979,18.5331363677979,16.8041362762451,14.8054065704346,4.12748765945435,3.65006589889526,7.19222266031972,1.91152954101563,5811/12UDZ
H9220324,2,8.28028199057433,Delta,AL,AL,0.0349365580106435,0.0252847261726856,0.0107508222903965,430,255.599999904633,Dbl - Closed,48,A,H,TIC Premium Brand,3600,0.962,0.88,200,575,60,3579,176.89,45.61,1315.6,344.9,265,60,1.0715729882733522,14.0673175711883,0.249781399965286,1.2230476140976,12.6763505935669,12.6763505935669,80.5856170654297,43.3750190734863,10.3734884262085,10.3734884262085,8.62287012307442,0.862785577774048,447T
H090123,4,26.6555165068372,Delta,AL,AL,0.449991620027792,0.360325813293457,0.0585486112878383,520,337.599999904633,Dbl - Closed,48,"A,B",G,Standard / High Efficiency,1800,0.946,0.854,350,2300,60,1786,81.12,20.89,517.9,194.9,257.5,89,1.4450056116722785,6.82159993226337,2.20099949836731,15.2215824127197,15.9386224746704,15.9386224746704,56.8098907470703,31.9359836578369,10.9243240356445,7.92306184768677,5.83941178291976,9.82464981079102,N449
H9126271,4,0.823667154389694,Delta,AL,AL,0.419076452166959,0.299347668886185,0.0554820618412912,265,170.249996900558,Dbl - Closed,48,A,H,Standard / High Efficiency,1500,0.925,0.824,30,400,50,1466,42.34,17.29,291.7,287.7,254.1,72,1.222810394610202,6.39004970073785,1.22481191158295,4.16618347167969,12.8362894058228,12.8362894058228,61.3670501708984,31.6388149261475,20.2172069549561,15.0868330001831,6.49902291566676,2.68823385238647,286T
3H4300,4,32.6999719139259,Delta,AL,AL,0.0157670645992909,0.0144805880263448,0.00410898082569734,550,362.200000047684,Dbl - Closed,72,"A,B",G,TIC Premium Brand,1800,0.965,0.885,300.000004090828,460,60,1785,330,67,2200,150,220,86,1.1524358302776323,10.3795780572375,0.136650800704956,0.677103877067566,15.6144571304321,15.6144571304321,77.0873565673828,38.0003128051758,14.596851348877,13.8551397323608,7.72014430172045,0.459925472736359,5010
3H4350,4,32.6999719139259,Delta,AL,AL,0.0135498211400156,0.0121677163988352,0.00345268527714845,550,362.200000047684,Dbl - Closed,72,"A,B",G,TIC Premium Brand,1800,0.963,0.88,350.000008181656,460,60,1787,388,95.1,2500,180,240,59,1.2219959266802443,10.3795780572375,0.115125738084316,0.561425864696503,15.6144571304321,15.6144571304321,75.4278411865234,37.4967079162598,14.596851348877,13.5857639312744,7.72014430172045,0.38231161236763,5010
3Q4350,4,26.6555165068372,Delta,AL,AL,0.014375370783612,0.0147222643718123,0.0030234141386308,520,337.599999904633,Dbl - Closed,72,"A,B",G,TIC Premium Brand,1800,0.961,0.915,350.000008181656,460,60,1786,380,78,2550,196,239,88,1.2040302267002518,10.0892894103056,0.0882631987333298,0.566352903842926,16.2688331604004,16.2688331604004,59.8538475036621,25.8163242340088,15.5642595291138,13.5752353668213,8.29871221779611,0.375534057617188,N449
3H4400,4,32.6999719139259,Delta,AL,AL,0.0112963790085994,0.0106254629790783,0.00301505870616086,550,362.200000047684,Dbl - Closed,72,"A,B",F,TIC Premium Brand,1800,0.962,0.867,399.999991818344,460,60,1787,450,115,2800,180,240,71,1.2170385395537526,11.4373902081082,0.0999975875020027,0.485272526741028,15.6144571304321,15.6144571304321,73.8837814331055,37.1379470825195,14.596851348877,13.3309211730957,7.72014430172045,0.332975775003433,5010
KH4001,4,0.0188097103427505,Wye,AL,AL,8.26109030817758,4.34287977218628,1.45467127122306,160,97.3999999761581,Diamond,36,"A,B,C",N,TIC Premium Brand,1800,0.855,0.695,1,460,60,1768,1.7,1.1,15,340,491,20,1.736209335219236,13.144185964267,14.0586414337158,33.6182403564453,12.9976539611816,12.9976539611816,60.3478622436523,21.9250049591064,30.6926822662354,20.4936714172363,0,17.3746738433838,143T
KH4Y15,4,0.0205196840102732,Wye,AL,AL,6.54921758521333,3.55314064025879,1.11373269203015,160,97.3999999761581,Diamond,36,"A,B,C",M,TIC Premium Brand,1800,0.855,0.727,1.5,460,60,1758,2.4,1.38,19,286,426,31,1.7387755102040816,12.0488371339114,11.2160911560059,25.5310573577881,12.9976539611816,12.9976539611816,50.5428428649902,21.5669918060303,30.6926822662354,19.3257846832275,0,13.9569778442383,145T
3H4500,4,36.9509682627363,Delta,AL,AL,0.00916586614319091,0.00847948156297207,0.00214326626223696,550,362.200000047684,Dbl - Closed,72,"A,B",G,TIC Premium Brand,1800,0.954,0.854,500,460,60,1785,575,163,3615,210,240,72,1.1964107676969093,9.22973461961409,0.0796895995736122,0.381369560956955,15.6144571304321,15.6144571304321,72.6678848266602,36.7807846069336,14.596851348877,13.1057729721069,7.72014430172045,0.259899407625198,5010
KH4002,4,0.0225716524113005,Wye,AL,AL,5.34146216745912,3.00348114967346,0.873711932278348,160,97.3999999761581,Diamond,36,"A,B",L,TIC Premium Brand,1800,0.865,0.848,2,460,60,1750,3,1.69,24,259,392,34,1.7484388938447815,10.9534883035558,9.21865558624268,20.7998905181885,12.9976539611816,12.9976539611816,45.9712829589844,21.3200454711914,30.6926822662354,18.5050773620605,0,11.6489372253418,145T
KH4003,4,0.061579385818324,Wye,AL,AL,2.65668891737422,1.47799801826477,0.584289007818206,190,119.300000011921,Diamond,36,"A,B,C",K,TIC Premium Brand,1800,0.895,0.796,3,460,60,1762,4,1.86,32,270,394,30,1.7691962281095646,11.8236252248663,4.71897602081299,15.6384916305542,11.8650979995728,11.8650979995728,40.2103729248047,18.7896041870117,34.9409561157227,20.6963596343994,0,8.61777210235596,182T
KH4005,4,0.0846716555001954,Wye,AL,AL,1.55179233437195,0.984104096889496,0.296475081634276,190,119.300000011921,Diamond,36,"A,B,C",J,TIC Premium Brand,1800,0.897,0.812,5,460,60,1757,6.5,2.75,46,255,370,44,1.7728797316722569,8.59900016353913,2.83237147331238,10.2252082824707,11.8650979995728,11.8650979995728,36.6689567565918,18.4407367706299,34.9409561157227,19.1141319274902,0,5.52185583114624,184T
H9506112,2,4.46676598784,Delta,AL,AL,0.0573013998968679,0.0250688102096319,0.0185883507849092,430,256,Dbl - Closed,48,A,F,TIC Premium Brand,3600,0.957,0.886,160,460,60,3569,176.67,40,1096,142.4,246.7,38,1.0052974735126323,19.4350510496832,0.223713681101799,0.967544615268707,11.4516925811768,11.4516925811768,53.2498512268066,24.6810035705566,11.0819873809814,10.834324836731,9.32990338143512,0.678525686264038,405T
H12003,4,26.6555165068372,Delta,AL,AL,0.0136925780298495,0.0127220582216978,0.00298179797703929,520,337.599999904633,Dbl - Closed,72,"A,B",H,Standard / High Efficiency,1500,0.96,0.877,250,380,50,1488,336.47,87.2,2401.7,213.1,293.8,61,1.4125,10.0892894103056,0.0773024708032608,0.5096315741539,16.2688331604004,16.2688331604004,68.6397705078125,30.5197601318359,15.5642595291138,13.8798160552979,8.29871221779611,0.335113883018494,N449
H08018,6,34.227594432922,Wye,AL,AL,0.491442707974613,0.490542858839035,0.044675543611971,550,362.599999904633,Dbl - Closed,72,"A,B",G,Standard / High Efficiency,1200,0.947,0.762,350.000008181656,4160,60,1182,50.21,22.86,296.2,215.1,268.3,68,1.196699375557538,5.29248605043498,2.86964106559753,12.383279800415,25.8709335327148,25.8709335327148,61.6660652160645,35.3987922668457,8.50071239471436,7.39126920700073,4.41161776202479,9.10980224609375,5011
DT2M50U,2,79.030050842052,Wye,CU,CU,0.0705130253088699,0.0472467541694641,0.014128500472619,815,443,Trapeze,54,,F,Standard / High Efficiency,3600,0.957,0.909,2500,4000,60,3580,309.28,51.45,1814.5,71.8,182.8,43,0.7516447368421053,31.7044193687225,0.325631618499756,1.61954188346863,14.9932565689087,14.9932565689087,16.3181533813477,13.7977905273438,4.69078540802002,4.25251626968384,6.78576122154626,1.54143416881561,6810USS
3H6060,6,5.45696845706715,Delta,AL,AL,0.133698116304994,0.141303554177284,0.0117451014841047,380,258.399999976158,Dbl - Closed,72,"A,B,C",G,TIC Premium Brand,1200,0.95,0.814,59.9999977500445,460,60,1187,72,26,435,210,244,45,1.280167890870934,5.30350632331459,0.695531189441681,3.14124274253845,15.9694128036499,15.9694128036499,71.3934631347656,28.3074855804443,16.795051574707,15.298152923584,5.11705738772969,1.90647125244141,404T
3H6075,6,6.41996289066723,Delta,AL,AL,0.106090323457599,0.11370325833559,0.00815632047507272,380,258.399999976158,Dbl - Closed,72,"A,B,C",G,TIC Premium Brand,1200,0.949,0.816,75.000001022707,460,60,1186,90,32,542,210,241,60,1.2737843551797041,4.52944694803082,0.556887984275818,2.52082943916321,15.9694128036499,15.9694128036499,70.1341018676758,28.0996360778809,16.795051574707,15.1527967453003,5.11705738772969,1.53133368492126,405T
3H6100,6,9.81690740687276,Delta,AL,AL,0.0753912538989269,0.0735398977994919,0.0101660109478315,430,293,Dbl - Closed,72,"A,B",G,TIC Premium Brand,1200,0.955,0.801,99.9999979545859,460,60,1187,123,41,717,200,225,81,1.1497189575881452,5.47687705769322,0.396080076694489,1.88070404529572,15.8170175552368,15.8170175552368,69.9274063110352,28.7973880767822,16.0607528686523,14.7307624816895,4.78468325272447,1.16149079799652,444T
3H6125,6,11.1435165159096,Delta,AL,AL,0.0556611450282888,0.0575338527560234,0.00703451593237743,430,293,Dbl - Closed,72,"A,B,C",G,TIC Premium Brand,1200,0.955,0.791,125,460,60,1187,156,63.2,907,206,230,88,1.1482775836245631,4.78397917327561,0.305632829666138,1.45782053470612,15.8170175552368,15.8170175552368,68.751953125,28.3963050842285,16.0607528686523,14.4447069168091,4.78468325272447,0.89620566368103,445T
3H6150,6,13.2660910903686,Delta,AL,AL,0.0463598370842579,0.0509831830859184,0.0053026415129121,430,293,Dbl - Closed,72,"A,B,C",G,TIC Premium Brand,1200,0.958,0.811,150.000002045414,460,60,1186,181,64,1085,220,245,103,1.303191489361702,4.24179486697104,0.266939371824265,1.28171110153198,15.8170175552368,15.8170175552368,67.447624206543,28.5242099761963,16.0607528686523,14.5404996871948,4.78468325272447,0.797939240932465,447
KH4Y75,4,0.194219123392904,Delta,AL,AL,1.96328380780763,1.59131598472595,0.344759663915081,230,142.199999988079,Dbl - Closed,48,"A,B,C",H,TIC Premium Brand,1800,0.918,0.799,7.5,460,60,1768,9.8,4.42,64,271,344,34,1.493703864524533,11.1705106886356,5.11912250518799,19.5786457061768,14.6962871551514,14.6962871551514,83.8005828857422,47.0574493408203,23.8074741363525,17.6091461181641,0,11.8300161361694,213T
KH4010,4,0.225294183135769,Delta,AL,AL,1.44737495882103,1.25823378562927,0.239416433274362,230,142.199999988079,Dbl - Closed,48,"A,B,C",H,TIC Premium Brand,1800,0.918,0.802,10,460,60,1771,13,5.7,81,263,334,47,1.501123595505618,9.62975059365138,3.90947675704956,15.6110467910767,14.6962871551514,14.6962871551514,80.552001953125,46.717113494873,23.8074741363525,16.7855186462402,0,9.24503040313721,215T
KH4020,4,0.536534323811381,Delta,AL,AL,0.571694858807621,0.479331016540527,0.110281383423345,265,162,Dbl - Closed,48,"A,B,C",G,TIC Premium Brand,1800,0.933,0.81,20,460,60,1772,25.44,10.59,145,264,283,47,1.4424057084607544,9.0084763618029,1.84407091140747,8.87645530700684,15.2106876373291,15.2106876373291,84.8257369995117,49.2727737426758,23.416576385498,18.2227096557617,0,5.5272274017334,256T
KH4025,4,0.880823610682058,Delta,AL,AL,0.439733026600898,0.366131126880646,0.105081282632693,310,193.600000023842,Dbl - Closed,48,"A,B",G,TIC Premium Brand,1800,0.938,0.835,25,460,60,1773,31,10.98,182,189,299,49,1.341408703454464,12.6118669065241,1.57463705539703,6.41810512542725,13.8184518814087,13.8184518814087,56.9821395874023,27.5819072723389,21.2902946472168,16.4151725769043,0,4.02690553665161,284T
KH4030,4,0.960898484380426,Delta,AL,AL,0.35896727612173,0.316789507865906,0.0841232428832361,310,193.600000023842,Dbl - Closed,48,"A,B",G,TIC Premium Brand,1800,0.938,0.836,30,460,60,1771,36,12.75,217,188,294,57,1.3424657534246576,11.4607838158492,1.33412933349609,5.46468448638916,13.8184518814087,13.8184518814087,55.4169540405273,27.399450302124,21.2902946472168,15.8600263595581,0,3.42251181602478,286T
KH4040,4,1.65170439596253,Delta,AL,AL,0.20984254038055,0.173258602619171,0.0600317489496363,350,218.700000047684,Dbl - Closed,48,"A,B",G,TIC Premium Brand,1800,0.941,0.854,40,460,60,1778,48,15.98,289,183,277,44,1.2355040142729705,12.0903235382092,0.851159274578094,4.09845066070557,13.4524946212769,13.4524946212769,59.7401847839355,30.8790454864502,24.9652805328369,15.9635257720947,0,2.49602293968201,324T
KH4050,4,1.95596573206089,Delta,AL,AL,0.159169301641923,0.147435829043388,0.0438380606379328,350,218.700000047684,Dbl - Closed,48,"A,B",G,TIC Premium Brand,1800,0.945,0.857,50,460,60,1776,58.37,18.43,363,177,266,55,1.2389380530973453,10.2096065433766,0.697656571865082,3.45006608963013,13.4524946212769,13.4524946212769,58.4000968933105,30.8150253295898,24.9652805328369,15.7468032836914,0,2.09402585029602,326T
KH4050,4,1.95596573206089,Delta,AL,AL,0.159169301641923,0.147435829043388,0.0438380606379328,350,218.700000047684,Dbl - Closed,48,"A,B",G,TIC Premium Brand,1800,0.945,0.857,50,460,60,1776,60,18.43,363,177,266,55,1.2389380530973453,10.2096065433766,0.697656571865082,3.45006608963013,13.4524946212769,13.4524946212769,58.4000968933105,30.8150253295898,24.9652805328369,15.7468032836914,0,2.09402585029602,326T
KH4060,4,2.8326517476429,Delta,AL,AL,0.133651974539698,0.110390305519104,0.0403734670882879,380,238.600000023842,Dbl - Closed,48,"A,B",G,TIC Premium Brand,1800,0.951,0.873,60,460,60,1780,69,18.97,435,158,271,48,1.2587087784486761,9.70662440954472,0.528134226799011,2.89940023422241,14.1526288986206,14.1526288986206,62.1577987670898,36.1589698791504,27.3272533416748,18.0400485992432,0,1.82465350627899,364T
KH4075,4,3.44844560582614,Delta,AL,AL,0.0966485675697747,0.088579036295414,0.0270268663979448,380,238.600000023842,Dbl - Closed,48,"A,B",G,TIC Premium Brand,1800,0.954,0.874,75,460,60,1780,86,23.23,543,160,272,57,1.261010662957812,7.97329862212602,0.407818287611008,2.34723114967346,14.1526288986206,14.1526288986206,61.7589530944824,36.0544815063477,27.3272533416748,17.6256980895996,0,1.44409418106079,365T
KH4015,4,0.392586090593694,Delta,AL,AL,0.88355239727595,0.676770508289337,0.20741902645501,265,162,Dbl - Closed,48,"A,B,C",G,TIC Premium Brand,1800,0.926,0.81,15,460,60,1768,19,7.58,113,242,266,41,1.4347357065803668,12.3115843611306,2.73174023628235,12.414514541626,15.2106876373291,15.2106876373291,83.7356491088867,49.5678291320801,23.416576385498,18.9122695922852,0,7.96222352981567,254T
PH4400,4,38.5859668584326,Delta,AL,AL,0.0100438747526323,0.0100681278854609,0.0024421975519903,550,362.200000047684,Dbl - Closed,72,"A,B",G,TIC Premium Brand,1800,0.962,0.873,399.999991818344,460,60,1786,446.36,108.77,2903.6,219.5,251.8,57,1.2105769230769232,8.79765661526108,0.093677744269371,0.464489191770554,15.6144571304321,15.6144571304321,76.7004089355469,37.2791862487793,14.596851348877,13.42356300354,7.72014430172045,0.309388965368271,5011US
PH4450,4,39.2399662967111,Delta,AL,AL,0.0096601911078659,0.00904746446758509,0.00215978295180695,550,362.200000047684,Dbl - Closed,72,"A,B",G,TIC Premium Brand,1800,0.962,0.869,450.000016363313,460,60,1786,504.28,126.77,3250.9,219.7,250.8,65,1.2110091743119267,8.08690017310871,0.0847807824611664,0.412863552570343,15.6144571304321,15.6144571304321,75.2049102783203,37.0255355834961,14.596851348877,13.2851085662842,7.72014430172045,0.276001423597336,5011US
PH4400,4,38.5859668584326,Delta,AL,AL,0.0100438747526323,0.0100681278854609,0.0024421975519903,550,362.200000047684,Dbl - Closed,72,"A,B",G,TIC Premium Brand,1800,0.962,0.873,399.999991818344,460,60,1786,446.36,108.77,2903.6,219.5,251.8,57,1.2105769230769232,8.79765661526108,0.093677744269371,0.464489191770554,15.6144571304321,15.6144571304321,76.7004089355469,37.2791862487793,14.596851348877,13.42356300354,7.72014430172045,0.309388965368271,5011US
PH4500,4,39.2399662967111,Delta,AL,AL,0.00800791453545003,0.00808337144553661,0.00192963757194295,550,362.200000047684,Dbl - Closed,72,"A,B",G,TIC Premium Brand,1800,0.963,0.86,500,460,60,1786,564.96,153.22,3667.5,224.8,254.7,70,1.2111269614835947,8.65102900500673,0.0751236975193024,0.36455237865448,15.6144571304321,15.6144571304321,73.9791717529297,36.7250328063965,14.596851348877,13.0286455154419,7.72014430172045,0.244654059410095,5011US
KH4001C,4,0.0188097103427505,Wye,AL,AL,13.7481172758632,6.7857494354248,2.27292386128603,160,97.3999999761581,Diamond,36,"A,B,C",N,TIC Premium Brand,1800,0.856,0.698,1,575,60,1768,1.29,0.88,12,330,485,21,1.7395982783357244,13.144185964267,22.806791305542,52.4405250549316,12.9976539611816,12.9976539611816,60.1256866455078,22.0003147125244,30.6926822662354,20.7362499237061,0,27.2738037109375,143T
KH4Y15C,4,0.0205196840102732,Wye,AL,AL,10.4587846639642,5.53064823150635,1.73358287022585,160,97.3999999761581,Diamond,36,"A,B",L,TIC Premium Brand,1800,0.865,0.726,1.5,575,60,1758,1.9,1.08,15,284,426,32,1.7423312883435582,12.0488371339114,17.723014831543,39.8741188049316,12.9976539611816,12.9976539611816,50.5805549621582,21.5851917266846,30.6926822662354,19.385763168335,0,21.7505187988281,145T
KH4002C,4,0.0225716524113005,Wye,AL,AL,8.52795699478748,4.67277193069458,1.35930823625039,160,97.3999999761581,Diamond,36,"A,B",K,TIC Premium Brand,1800,0.865,0.747,2,575,60,1750,2.4,1.29,18,257,391,34,1.7455357142857142,10.9534883035558,14.560037612915,32.572338104248,12.9976539611816,12.9976539611816,46.044994354248,21.3356761932373,30.6926822662354,18.5574131011963,0,18.1425609588623,145T
3H6200,6,22.0834614939,Delta,AL,AL,0.0372987414712377,0.032869141548872,0.00537248018889343,480,338,Dbl - Closed,72,"A,B,C",G,TIC Premium Brand,1200,0.96,0.842,199.999995909172,460,60,1188,233,70,1450,200,210,98,1.1705685618729096,5.00582217912855,0.203131973743439,1.04327321052551,14.7590551376343,14.7590551376343,59.1125755310059,25.4119682312012,18.1543216705322,15.1258859634399,5.45257189174631,0.614382326602936,505U
KH4003C,4,0.061579385818324,Wye,AL,AL,4.25377685817048,2.29673647880554,0.907956450442996,190,119.300000011921,Diamond,36,"A,B",K,TIC Premium Brand,1800,0.895,0.796,3,575,60,1762,3.2,1.22,25,269,394,29,1.7828054298642535,11.8236252248663,7.4584698677063,25.0876693725586,11.8650979995728,11.8650979995728,40.3273696899414,18.7939834594727,34.9409561157227,20.7159366607666,0,13.3966732025146,182T
KH4005C,4,0.0846716555001954,Wye,AL,AL,2.51820753670932,1.53766632080078,0.463243436503787,190,119.300000011921,Diamond,36,"A,B",J,TIC Premium Brand,1800,0.895,0.812,5,575,60,1756,5.2,2.18,36,253,368,48,1.7734939759036144,8.59900016353913,4.51911735534668,15.9887714385986,11.8650979995728,11.8650979995728,36.6256408691406,18.4559497833252,34.9409561157227,19.1841125488281,0,8.64058971405029,184T
KH4Y75C,4,0.194219123392904,Delta,AL,AL,2.97870856495221,2.45638394355774,0.532177222260102,230,142.199999988079,Dbl - Closed,48,"A,B,C",H,TIC Premium Brand,1800,0.918,0.797,7.5,575,60,1770,7.8,3.63,50,275,348,37,1.4903640256959314,11.1705106886356,7.8501181602478,30.1799945831299,14.6962871551514,14.6962871551514,83.8492889404297,47.0165138244629,23.8074741363525,17.5108451843262,0,18.2329406738281,215T
KH4010C,4,0.225294183135769,Delta,AL,AL,2.2828367266086,1.98031449317932,0.376813764898921,230,142.199999988079,Dbl - Closed,48,"A,B,C",H,TIC Premium Brand,1800,0.918,0.804,10,575,60,1768,10.4,4.51,64,261,332,47,1.502262443438914,9.62975059365138,6.15789985656738,24.5629444122314,14.6962871551514,14.6962871551514,80.4153594970703,46.7374458312988,23.8074741363525,16.8351459503174,0,14.562198638916,215T
KH4015C,4,0.392586090593694,Delta,AL,AL,1.41037970000567,1.05745387077332,0.324092228835953,265,162,Dbl - Closed,48,"A,B,C",G,TIC Premium Brand,1800,0.926,0.81,15,575,60,1768,15.2,4.71,92,241,266,43,1.4393939393939392,12.3115843611306,4.29817295074463,19.9539833068848,15.2106876373291,15.2106876373291,83.6905136108398,49.5725288391113,23.416576385498,18.9231777191162,0,12.4429969787598,254T
KH4020C,4,0.536534323811381,Delta,AL,AL,0.879594629110531,0.757538676261902,0.174289598618446,265,162,Dbl - Closed,48,"A,B,C",G,TIC Premium Brand,1800,0.932,0.812,20,575,60,1771,20,6.42,116,261,280,43,1.4425553838227718,9.0084763618029,2.89046812057495,14.446704864502,15.2106876373291,15.2106876373291,84.6521606445313,49.3032531738281,23.416576385498,18.2943859100342,0,8.74500465393066,256T
KH4025C,4,0.880823610682058,Delta,AL,AL,0.700353649969426,0.57207989692688,0.164189504113583,310,193.600000023842,Dbl - Closed,48,"A,B",G,TIC Premium Brand,1800,0.936,0.835,25,575,60,1773,24,7.52,146,189,299,48,1.3402061855670104,12.6118669065241,2.47364115715027,10.1398935317993,13.8184518814087,13.8184518814087,56.9487152099609,27.5850067138672,21.2902946472168,16.4245491027832,0,6.2931547164917,284T
KH4030C,4,0.960898484380426,Delta,AL,AL,0.572320410772314,0.494983613491058,0.131442567005056,310,193.600000023842,Dbl - Closed,48,"A,B",G,TIC Premium Brand,1800,0.938,0.837,30,575,60,1771,29,8.8,172,188,294,64,1.34185303514377,11.4607838158492,2.0960111618042,8.62893581390381,13.8184518814087,13.8184518814087,55.3833885192871,27.4024448394775,21.2902946472168,15.8691883087158,0,5.34862327575684,286T
KH4040C,4,1.65170439596253,Delta,AL,AL,0.331808558638894,0.272688984870911,0.094483027024535,350,218.700000047684,Dbl - Closed,48,"A,B",G,TIC Premium Brand,1800,0.941,0.854,40,575,60,1778,38,10.77,231,182,275,59,1.2348450830713966,12.0903235382092,1.34116697311401,6.52619314193726,13.4524946212769,13.4524946212769,59.6200637817383,30.893367767334,24.9652805328369,16.0118789672852,0,3.9318528175354,324T
KH4050C,4,1.95596573206089,Delta,AL,AL,0.243229787594007,0.224524274468422,0.0667592738732484,350,218.700000047684,Dbl - Closed,48,"A,B",G,TIC Premium Brand,1800,0.945,0.857,50,575,60,1776,48,15.47,288,183,272,68,1.238051888939463,10.2096065433766,1.0632711648941,5.25733089447021,13.4524946212769,13.4524946212769,58.7092742919922,30.7673625946045,24.9652805328369,15.5847969055176,0,3.17938923835754,326T
KH4060C,4,2.8326517476429,Delta,AL,AL,0.220105786163295,0.1788140386343,0.0653983433826812,380,238.600000023842,Dbl - Closed,48,"A,B",G,TIC Premium Brand,1800,0.951,0.873,60,575,60,1779,55,12.94,348,150,261,66,1.2572254335260116,9.70662440954472,0.859101891517639,4.73301982879639,14.1526288986206,14.1526288986206,61.7010765075684,36.2278099060059,27.3272533416748,18.3112487792969,0,2.96851253509521,364T
KH4075C,4,3.44844560582614,Delta,AL,AL,0.158084629315601,0.144624412059784,0.0441271985324469,380,238.600000023842,Dbl - Closed,48,"A,B",G,TIC Premium Brand,1800,0.954,0.874,75,575,60,1779,69,15.75,434,150,261,52,1.2602607436021247,7.97329862212602,0.66613644361496,3.82047581672668,14.1526288986206,14.1526288986206,61.2686347961426,36.1349754333496,27.3272533416748,17.9451904296875,0,2.37023639678955,365T
3Q6200,6,22.0734821817494,Delta,AL,AL,0.0246612723572303,0.0288908015936613,0.00463952102534456,520,347.599999904633,Dbl - Closed,72,"A,B",F,TIC Premium Brand,1200,0.962,0.831,199.999995909172,460,60,1190,245.25,89,1398,150,240,70,1.3377926421404682,5.92886307799114,0.171685740351677,1.03640234470367,17.7223033905029,17.7223033905029,53.3418006896973,22.5668754577637,16.5796775817871,14.8499622344971,4.84712386974348,0.649940252304077,N449
3H6250,6,31.11599493902,Delta,AL,AL,0.0164413291793691,0.020924611017108,0.00283930988678701,550,362.599999904633,Dbl - Closed,72,"A,B",G,TIC Premium Brand,1200,0.959,0.812,250,460,60,1190,300,109,1825,170,220,85,1.049618320610687,5.23784386407355,0.121843263506889,0.710536777973175,17.5404281616211,17.5404281616211,56.2841262817383,23.4307518005371,17.3808670043945,15.1646566390991,5.06923708887483,0.460542947053909,5010
3Q6250,6,26.8035140778386,Delta,AL,AL,0.0177136157843885,0.0226098783314228,0.00302666978132685,520,347.599999904633,Dbl - Closed,72,"A,B",G,TIC Premium Brand,1200,0.965,0.822,250,460,60,1185,295,119,1805,157,245,77,1.335149863760218,4.76473742697787,0.132170438766479,0.808614313602448,17.7223033905029,17.7223033905029,53.2877731323242,22.3904685974121,16.5796775817871,14.6682090759277,4.84712386974348,0.502455949783325,N449
3Q6300,6,29.1685300258832,Delta,AL,AL,0.0153258827281943,0.020048638805747,0.00247761403868252,520,347.599999904633,Dbl - Closed,72,"A,B",F,TIC Premium Brand,1200,0.965,0.823,300.000004090828,460,60,1187,354,143,2027,147,232,91,1.3257142857142856,4.3938787694488,0.116610869765282,0.702969789505005,17.7223033905029,17.7223033905029,51.5390701293945,22.2929878234863,16.5796775817871,14.5610179901123,4.84712386974348,0.443343967199326,N449
3H6300,6,31.11599493902,Delta,AL,AL,0.0146913360653301,0.0188844613730907,0.00256247717282527,550,362.599999904633,Dbl - Closed,72,"A,B",G,TIC Premium Brand,1200,0.961,0.806,300.000004090828,460,60,1190,362,134,2200,160,210,104,1.0611419909044972,5.23784386407355,0.109816581010818,0.623702347278595,17.5404281616211,17.5404281616211,53.5048065185547,23.1972751617432,17.3808670043945,14.6335868835449,5.06923708887483,0.40983185172081,5010
3Q6350,6,37.3146960691479,Delta,AL,AL,0.011405027364712,0.0158031228929758,0.00154421927618717,520,347.599999904633,Dbl - Closed,72,"A,B",F,TIC Premium Brand,1200,0.965,0.82,350.000008181656,460,60,1188,414,161,2308,144,227,102,1.213254943880278,3.45883940227439,0.0908330976963043,0.567050397396088,17.7223033905029,17.7223033905029,53.4230651855469,22.268798828125,16.5796775817871,14.5336227416992,4.84712386974348,0.347932726144791,L449
3H6350,6,34.8499143317024,Delta,AL,AL,0.0145198502130169,0.0188676826655865,0.00229984100829747,550,362.599999904633,Dbl - Closed,72,"A,B",F,TIC Premium Brand,1200,0.953,0.831,350.000008181656,460,60,1186,414,121,2305,160,221,100,1.247178329571106,4.70731284037055,0.109300218522549,0.610032021999359,17.5404281616211,17.5404281616211,51.3709983825684,23.4295654296875,17.3808670043945,15.1632194519043,5.06923708887483,0.414416372776031,5010
3H6400,6,40.450793420726,Delta,AL,AL,0.0106263708779646,0.0141112813726068,0.00149241225924242,550,362.599999904633,Dbl - Closed,72,,G,TIC Premium Brand,1200,0.954,0.813,399.999991818344,460,60,1187,482,177,3130,200,240,102,1.1928429423459246,4.09516165917478,0.0812856629490852,0.465241521596909,17.5404281616211,17.5404281616211,53.187255859375,23.0789642333984,17.3808670043945,14.3144025802612,5.06923708887483,0.302294224500656,5010
3H2100,2,2.92693357572,Delta,AL,AL,0.0704175055140712,0.0465226545929909,0.0260899832464502,380,217,Dbl - Closed,48,"A,B",G,TIC Premium Brand,3600,0.95,0.878,99.9999979545859,460,60,3564,112,26,725,215,260,89,1.0965837199493884,14.3259471450173,0.392698138952255,1.61325943470001,13.6330766677856,13.6330766677856,86.7522964477539,45.6579437255859,12.3576555252075,12.3576555252075,10.452798789756,1.09957659244537,405T
3H2125,2,5.49755813888,Delta,AL,AL,0.0452009321495032,0.0254511181265116,0.0158843478215488,430,256,Dbl - Closed,48,"A,B",G,TIC Premium Brand,3600,0.953,0.882,125,460,60,3575,139,36,907,215,265,75,1.0905349794238683,19.4559685766879,0.266956597566605,1.26645338535309,12.6763505935669,12.6763505935669,81.6915588378906,43.7487335205078,11.3546104431152,11.3546104431152,9.45488040387662,0.909537255764008,444T
3H2150,2,6.52835028992,Delta,AL,AL,0.0342068989750757,0.0196074042469263,0.0104806775607862,430,256,Dbl - Closed,48,A,G,TIC Premium Brand,3600,0.957,0.881,150.000002045414,460,60,3579,168,47,1185,230,270,71,1.021566401816118,14.9738429582257,0.203289732336998,0.968267619609833,12.6763505935669,12.6763505935669,82.632942199707,43.3939819335938,11.3546104431152,11.3546104431152,9.45488040387662,0.678443372249603,445T
3H2200,2,7.90273982464,Delta,AL,AL,0.022524377998987,0.0160711035132408,0.00721044248254713,430,256,Dbl - Closed,48,"A,B",G,TIC Premium Brand,3600,0.96,0.88,199.999995909172,460,60,3576,221,58,1450,230,260,83,1.0633946830265848,14.8318457000572,0.159732237458229,0.788848757743835,12.6763505935669,12.6763505935669,80.0117111206055,43.3832130432129,11.3546104431152,11.3546104431152,9.45488040387662,0.563691079616547,447T
3Q2250,2,17.7316032,Delta,AL,AL,0.016822455755783,0.00945947505533695,0.00555243309743519,520,310,Dbl - Closed,48,"A,B",G,TIC Premium Brand,3600,0.959,0.905,250,460,60,3580,270,50,1859,200,275,84,1.1951325510647546,17.2128187323099,0.124400787055492,0.692158341407776,12.4705247879028,12.4705247879028,73.5654907226563,37.36083984375,13.7466402053833,13.7466402053833,11.4242084417517,0.497021973133087,N449
3H2250,2,17.8122696725416,Delta,AL,AL,0.0151204408513016,0.0093624284490943,0.00530937638965592,550,315.400000095367,Dbl - Closed,48,"A,B",G,TIC Premium Brand,3600,0.959,0.904,250,460,60,3583,270.79,52,1825,150,260,70,1.0272619517977084,19.559926622366,0.115243792533875,0.626976907253265,12.8240871429443,12.8240871429443,77.2429046630859,37.571174621582,12.1953344345093,12.1953344345093,10.1353263680925,0.4384825527668,5010
3Q2300,2,19.5786452,Delta,AL,AL,0.0119142414772525,0.00746494717895985,0.00399734393791477,520,310,Dbl - Closed,48,"A,B",G,TIC Premium Brand,3600,0.958,0.899,300.000004090828,460,60,3580,328,68,2200,155,270,75,1.1024908125765618,15.6172600462721,0.0964253470301628,0.542192757129669,12.4705247879028,12.4705247879028,73.2898788452148,36.9238319396973,13.7466402053833,13.5553026199341,11.4242084417517,0.384882628917694,N449
3H2300,2,19.7914107472685,Delta,AL,AL,0.0118564458426081,0.00789954885840416,0.00406499129833031,550,315.400000095367,Dbl - Closed,48,"A,B",G,TIC Premium Brand,3600,0.959,0.902,300.000004090828,460,60,3582,322,62,2200,145,255,93,0.99687255668491,17.3340269658514,0.0959207341074944,0.518645823001862,12.8240871429443,12.8240871429443,75.8270034790039,37.3213768005371,12.1953344345093,12.1953344345093,10.1353263680925,0.36300802230835,5010
3H2350,2,19.5786452,Delta,AL,AL,0.0112204843335407,0.00694125797599554,0.00371691802390289,520,310,Dbl - Closed,48,"A,B",G,TIC Premium Brand,3600,0.957,0.895,350.000008181656,460,60,3579,382,80,2550,147,255,96,1.1062906724511932,15.6172600462721,0.0898028761148453,0.491754025220871,12.4705247879028,12.4705247879028,70.1767883300781,36.7424430847168,13.7466402053833,13.4694080352783,11.4242084417517,0.356532722711563,N449
3Q2350,2,19.5786452,Delta,AL,AL,0.0112204843335407,0.00694125797599554,0.00371691802390289,520,310,Dbl - Closed,48,"A,B",G,TIC Premium Brand,3600,0.957,0.895,350.000008181656,460,60,3579,382,80,2550,147,255,96,1.1062906724511932,15.6172600462721,0.0898028761148453,0.491754025220871,12.4705247879028,12.4705247879028,70.1767883300781,36.7424430847168,13.7466402053833,13.4694080352783,11.4242084417517,0.356532722711563,N449
3H2350,2,21.7705518219953,Delta,AL,AL,0.0121431939695994,0.00792431831359863,0.00367156273835952,550,315.400000095367,Dbl - Closed,48,"A,B",G,TIC Premium Brand,3600,0.958,0.902,350.000008181656,460,60,3578,380,66,2533.1,140,220,84,0.9511456982274102,13.7760271500116,0.0960648953914642,0.491602331399918,12.8240871429443,12.8240871429443,72.6947479248047,37.3660926818848,12.1953344345093,12.1953344345093,10.1353263680925,0.348806262016296,5010
3H2400,2,21.7705518219953,Delta,AL,AL,0.011751819251067,0.00683270301669836,0.00316578623868755,550,315.400000095367,Dbl - Closed,48,"A,B",G,TIC Premium Brand,3600,0.96,0.891,399.999991818344,460,60,3578,438,87,2900,200,210,100,0.89666951323655,14.9774248665824,0.0841128751635551,0.42336043715477,12.8240871429443,12.8240871429443,71.3438034057617,37.0909423828125,12.1953344345093,12.1672887802124,10.1353263680925,0.303805530071259,5010
3H2450,2,23.3538646817768,Delta,AL,AL,0.00917108355745969,0.00621333951130509,0.0026974746649172,550,315.400000095367,Dbl - Closed,48,"A,B",G,TIC Premium Brand,3600,0.961,0.891,450.000016363313,460,60,3575,493,97,3250,200,210,100,0.8959044368600683,12.8669469192807,0.0747914910316467,0.377672106027603,12.8240871429443,12.8240871429443,70.5360565185547,36.9361534118652,12.1953344345093,12.1013355255127,10.1353263680925,0.270089507102966,5010
3H2500,2,23.3538646817768,Delta,AL,AL,0.00917108355745969,0.00621333951130509,0.0026974746649172,550,315.400000095367,Dbl - Closed,48,"A,B",G,TIC Premium Brand,3600,0.961,0.892,500,460,60,3574,547,97,3625,180,200,100,0.929368029739777,12.8669469192807,0.0747914910316467,0.37000760436058,12.8240871429443,12.8240871429443,68.1300354003906,36.9361534118652,12.1953344345093,12.1013355255127,10.1353263680925,0.270089507102966,5010
3H4500C,4,36.9509682627363,Delta,AL,AL,0.0141013719023942,0.0128447310999036,0.00324662264624881,550,362.200000047684,Dbl - Closed,72,"A,B",G,TIC Premium Brand,1800,0.955,0.85,500,575,60,1785,460,137,2900,219,247,95,1.2007778317938747,9.22973461961409,0.120930828154087,0.579853236675262,15.6144571304321,15.6144571304321,73.1147003173828,36.7019996643066,14.596851348877,13.0441198348999,7.72014430172045,0.392861723899841,5010
PH500C,4,39.2399662967111,Delta,AL,AL,0.0127084263846744,0.0126302670687437,0.00301505870616086,550,362.200000047684,Dbl - Closed,72,"A,B",G,TIC Premium Brand,1800,0.963,0.86,500,575,60,1786,452.02,122.58,2933.5,224.8,254.6,71,1.2106514503090822,8.65102900500673,0.117576837539673,0.569598793983459,15.6144571304321,15.6144571304321,73.9761352539063,36.7257614135742,14.596851348877,13.0292253494263,7.72014430172045,0.382279604673386,5011US
3H4450C,4,34.6619702287615,Delta,AL,AL,0.0163012493015619,0.0153002440929413,0.00410898082569734,550,362.200000047684,Dbl - Closed,72,"A,B",F,TIC Premium Brand,1800,0.95,0.862,450.000016363313,575,60,1780,411,107,2485,200,230,95,1.18801652892562,9.8156500836799,0.143794879317284,0.688742518424988,15.6144571304321,15.6144571304321,72.5867004394531,37.0190238952637,14.596851348877,13.2805614471436,7.72014430172045,0.4736487865448,5010
3H4400C,4,32.6999719139259,Delta,AL,AL,0.0162667857723832,0.0153006669133902,0.00434168453687164,550,362.200000047684,Dbl - Closed,72,"A,B",F,TIC Premium Brand,1800,0.962,0.867,399.999991818344,575,60,1788,357,92,2240,180,240,103,1.147227533460803,11.4373902081082,0.143996521830559,0.70531290769577,15.6144571304321,15.6144571304321,75.0338592529297,36.9174003601074,14.596851348877,13.1757164001465,7.72014430172045,0.476889371871948,5010
PH4400C,4,38.5859668584326,Delta,AL,AL,0.0172602070639814,0.0150209162384272,0.0036435818010104,550,362.200000047684,Dbl - Closed,72,"A,B",G,TIC Premium Brand,1800,0.962,0.869,399.999991818344,575,60,1787,358,93.22,2436.4,230,260,75,1.207617278216442,8.22396627773768,0.142035871744156,0.697596848011017,15.6144571304321,15.6144571304321,77.3155212402344,37.1566505432129,14.596851348877,13.374249458313,7.72014430172045,0.460142880678177,5011US
3Q4350C,4,26.6555165068372,Delta,AL,AL,0.0226827104403793,0.0227256640791893,0.00466701949418589,520,337.599999904633,Dbl - Closed,72,"A,B",G,TIC Premium Brand,1800,0.961,0.916,350.000008181656,575,60,1786,304,63,2040,198,241,88,1.2013958125623132,10.0892894103056,0.136737853288651,0.875667035579681,16.2688331604004,16.2688331604004,60.0339241027832,25.7835521697998,15.5642595291138,13.589898109436,8.29871221779611,0.579602241516113,N449
3H4350C,4,32.6999719139259,Delta,AL,AL,0.0217884106110664,0.0197096895426512,0.00559277945719915,550,362.200000047684,Dbl - Closed,72,"A,B",G,TIC Premium Brand,1800,0.963,0.88,350.000008181656,575,60,1787,308,70,2000,175,230,80,1.2067156348373558,10.3795780572375,0.18632461130619,0.905173003673553,15.6144571304321,15.6144571304321,74.8503799438477,37.6030082702637,14.596851348877,13.6466417312622,7.72014430172045,0.620746910572052,5010
3Q4300C,4,26.6555165068372,Delta,AL,AL,0.0258006070590304,0.0261730346828699,0.00537498316651187,520,337.599999904633,Dbl - Closed,72,"A,B",E,TIC Premium Brand,1800,0.963,0.883,300.000004090828,460,60,1780,264,55,1760,183,229,86,1.691285081240768,10.0892894103056,0.157157346606255,0.965941846370697,16.2688331604004,16.2688331604004,55.3810768127441,27.6773223876953,15.5642595291138,14.7601900100708,8.29871221779611,0.701259613037109,N449
3H4300C,4,32.6999719139259,Delta,AL,AL,0.024636038436392,0.022625919431448,0.00642028254015208,550,362.200000047684,Dbl - Closed,72,"A,B",F,TIC Premium Brand,1800,0.965,0.885,300.000004090828,575,60,1785,264,54,1600,150,220,86,1.1524358302776323,10.3795780572375,0.213516876101494,1.05797481536865,15.6144571304321,15.6144571304321,77.0873565673828,38.0003128051758,14.596851348877,13.8551397323608,7.72014430172045,0.718633592128754,5010
3Q4250C,4,25.1746544786796,Delta,AL,AL,0.0293449005780551,0.0295228213071823,0.0063966447891693,520,337.599999904633,Dbl - Closed,72,"A,B",G,TIC Premium Brand,1800,0.963,0.883,250,575,60,1782,220,48,1460,190,235,71,1.139117789626757,10.6827770226765,0.177847221493721,1.19142472743988,16.2688331604004,16.2688331604004,65.0730056762695,26.4171695709229,15.5642595291138,14.0437345504761,8.29871221779611,0.770041942596436,N449
3H4250C,4,18.6054594778995,Delta,AL,AL,0.0303350855792368,0.0287805628031492,0.0042404027240078,480,317.799999952316,Dbl - Closed,60,"A,B",G,TIC Premium Brand,1800,0.959,0.851,250,575,60,1788,230,71,1440,230,240,78,1.1805213969503197,8.02746191377671,0.234035611152649,1.16473710536957,14.0214376449585,14.0214376449585,67.9830169677734,35.1891784667969,19.5074729919434,16.7693634033203,7.94823510460189,0.801423966884613,505U
3H4200C,4,10.6367858185496,Delta,AL,AL,0.0427166565280645,0.0429527498781681,0.00506918131719142,430,277.799999952316,Dbl - Closed,60,"A,B,C",G,TIC Premium Brand,1800,0.961,0.845,199.999995909172,575,60,1785,184.5,56,1160,240,260,105,1.2801575578532742,7.18751471848501,0.285305052995682,1.43773472309113,14.2458810806274,14.2458810806274,73.4700241088867,35.0885925292969,16.7636814117432,14.8056306838989,6.88815409804838,0.92770791053772,447T
3H4150C,4,8.59995449159327,Delta,AL,AL,0.0573167495484593,0.0543490648269653,0.00779437271374622,430,277.799999952316,Dbl - Closed,60,"A,B,C",G,TIC Premium Brand,1800,0.957,0.836,150.000002045414,575,60,1786,140.4,46,868,220,260,83,1.2333965844402277,8.6675753151204,0.365649461746216,1.84285151958466,14.2458810806274,14.2458810806274,75.6824417114258,35.2155914306641,16.7636814117432,14.9142742156982,6.88815409804838,1.1795209646225,445T
3H4125C,4,7.24206694028907,Delta,AL,AL,0.0854857071426717,0.0681226477026939,0.0114056579636807,430,277.799999952316,Dbl - Closed,60,"A,B,C",G,TIC Premium Brand,1800,0.957,0.841,125,575,60,1786,116.3,36,726,215,255,79,1.2241958713394143,10.3917143952315,0.473594576120377,2.22780060768127,14.2458810806274,14.2458810806274,71.5886993408203,35.4636116027832,16.7636814117432,15.1121253967285,6.88815409804838,1.4948183298111,444T
3H4100C,4,4.37455108731065,Delta,AL,AL,0.110520232397303,0.116458997130394,0.0257053668350515,380,237.799999952316,Dbl - Closed,48,"A,B,C",G,TIC Premium Brand,1800,0.954,0.841,99.9999979545859,575,60,1778,93.3,29,580,200,255,87,1.2016965127238455,6.46382371203977,0.600226819515228,2.7172167301178,13.7677316665649,13.7677316665649,49.8747673034668,24.7668190002441,18.114652633667,15.9543008804321,5.42590420753509,1.79378926753998,405T
PH4450C,4,39.2399662967111,Delta,AL,AL,0.0148108726189937,0.0136853512376547,0.00326692498584968,550,362.200000047684,Dbl - Closed,72,"A,B",G,TIC Premium Brand,1800,0.962,0.865,450.000016363313,575,60,1787,404.86,106.9,2691.6,227.8,257.7,64,1.2109962406015036,8.08690017310871,0.128439575433731,0.626576960086823,15.6144571304321,15.6144571304321,75.607177734375,36.9390106201172,14.596851348877,13.2237167358398,7.72014430172045,0.416555225849152,5011US
3H2100C,2,2.92693357572,Delta,AL,AL,0.112165205988333,0.0726916491985321,0.0407655988225784,380,217,Dbl - Closed,48,"A,B",G,TIC Premium Brand,3600,0.95,0.878,99.9999979545859,575,60,3564,89.8,21,580,215,260,89,1.0975094976783453,14.3259471450173,0.615728676319122,2.52056360244751,13.6330766677856,13.6330766677856,86.7436370849609,45.6599769592285,12.3576555252075,12.3576555252075,10.452798789756,1.71812462806702,405T
3H2125C,2,5.49755813888,Delta,AL,AL,0.0660446540989671,0.0375274159014225,0.0234213087776918,430,256,Dbl - Closed,48,"A,B",G,TIC Premium Brand,3600,0.953,0.882,125,575,60,3576,111.4,29,726,215,265,75,1.0420762878489973,19.4559685766879,0.393021136522293,1.87951242923737,12.6763505935669,12.6763505935669,82.5668106079102,43.6164741516113,11.3546104431152,11.3546104431152,9.45488040387662,1.33926904201508,444T
3H2150C,2,6.52835028992,Delta,AL,AL,0.0534482796485557,0.0306365694850683,0.0163760586887284,430,256,Dbl - Closed,48,A,H,TIC Premium Brand,3600,0.957,0.881,150.000002045414,575,60,3579,133.2,37,950,210,260,71,0.9837306091562618,14.9738429582257,0.317640215158463,1.51291811466217,12.6763505935669,12.6763505935669,82.632942199707,43.3939819335938,11.3546104431152,11.3546104431152,9.45488040387662,1.0600677728653,445T
KH2Y15,2,0.00869469020161415,Wye,AL,AL,8.09261828321393,2.89055800437927,2.1667990651915,160,81.1999999880791,Diamond,24,"A,B",L,TIC Premium Brand,3600,0.843,0.832,1.5,460,60,3488,2,1,18,269,362,39,1.3026268441885571,29.7279719939496,13.1499757766724,21.1810932159424,10.5765571594238,10.5765571594238,42.3606185913086,15.6929311752319,23.6178817749023,19.0306549072266,0,13.62828540802,143T
KH2002,2,0.010433628241937,Wye,AL,AL,6.05060307273772,2.26850008964539,1.48403836093972,160,81.1999999880791,Diamond,24,"A,B",L,TIC Premium Brand,3600,0.856,0.844,2,460,60,3488,2.6,1.2,24,275,363,47,1.3204801746089487,24.773309994958,9.80314159393311,16.2888145446777,10.5765571594238,10.5765571594238,40.018726348877,15.3226709365845,23.6178817749023,17.7938823699951,0,10.2212152481079,145T
KH2003,2,0.0213044030238713,Wye,AL,AL,3.90917841075732,1.47674143314362,0.900232651793367,190,99.1999999880791,Diamond,36,"A,B",J,TIC Premium Brand,3600,0.867,0.888,3,460,60,3504,3.7,1.2,29,196,339,51,1.2513842746400887,49.1371437916522,6.28615236282349,11.6232995986938,13.2668418884277,13.2668418884277,50.4465675354004,18.3343029022217,22.7339878082275,16.2882270812988,0,7.77997255325317,182T
KH2005,2,0.0329249864914375,Wye,AL,AL,2.00364346987871,1.01976978778839,0.445775461483632,190,99.1999999880791,Diamond,36,"A,B",J,TIC Premium Brand,3600,0.887,0.918,5,460,60,3492,5.8,1.47,46,219,343,59,1.270841052241571,31.794622453422,3.46918869018555,7.52626371383667,13.2668418884277,13.2668418884277,45.8270492553711,17.5332736968994,22.7339878082275,14.4351978302002,0,4.72677373886108,184TS
H12008,2,15.8733268980771,Delta,AL,AL,0.5325506996231,0.211367353796959,0.12340648504573,550,315.599999904633,Dbl - Closed,42,"A,B",G,Standard / High Efficiency,3600,0.95,0.902,400,2300,60,3571,87.49,13.26,567.7,140.4,186,72,0.8819345661450925,17.9997492499852,2.2841420173645,11.5073728561401,17.1682815551758,17.1682815551758,48.856014251709,24.9635181427002,6.85563516616821,6.37618207931519,8.45221666020092,8.20562744140625,509
3H4200,4,10.6367858185496,Delta,AL,AL,0.0270629734499658,0.0274897590279579,0.00324427604300251,430,277.799999952316,Dbl - Closed,60,"A,B,C",G,TIC Premium Brand,1800,0.961,0.845,199.999995909172,460,60,1785,232,76.55,1450,240,260,78,1.2801575578532742,7.18751471848501,0.182319551706314,0.920174837112427,14.2458810806274,14.2458810806274,73.4732360839844,35.0878677368164,16.7636814117432,14.8049945831299,6.88815409804838,0.593720614910126,447T
KH2060,2,1.8961770191743,Delta,AL,AL,0.165756642290358,0.0704905167222023,0.0899064346092455,380,217.200000047684,Dbl - Closed,48,"A,B",G,TIC Premium Brand,3600,0.936,0.899,60,460,60,3554,69,15.1,434,204,258,57,0.9426379247351114,21.7299619973971,0.634767174720764,2.28841996192932,13.1455774307251,13.1455774307251,81.700309753418,43.4076271057129,13.5859413146973,13.2561378479004,0,1.51593554019928,364TS
KH2075C,2,2.1187330073403,Delta,AL,AL,0.203208401288599,0.0990012288093567,0.114143868314702,380,217.200000047684,Dbl - Closed,48,"A,B",G,TIC Premium Brand,3600,0.938,0.899,75,575,60,3554,69,14.8,433,198,253,76,1.0284552845528456,20.1747319631424,0.877748847007751,3.21603059768677,13.1455774307251,13.1455774307251,78.2487258911133,42.904598236084,13.5859413146973,13.1912240982056,0,2.15759539604187,365TS
KH2075,2,2.1187330073403,Delta,AL,AL,0.119623941809014,0.0585806109011173,0.0675407504820724,380,217.200000047684,Dbl - Closed,48,"A,B",G,TIC Premium Brand,3600,0.936,0.893,75,460,60,3558,86,21,542,218,273,65,1.0325264750378216,20.1747319631424,0.51876026391983,1.91599476337433,13.1455774307251,13.1455774307251,79.360466003418,42.7515830993652,13.5859413146973,13.0931482315063,0,1.27309846878052,365TS
KH2060C,2,1.8961770191743,Delta,AL,AL,0.250802193128842,0.107004456222057,0.136477780526716,380,217.200000047684,Dbl - Closed,48,"A,B",G,TIC Premium Brand,3600,0.937,0.899,60,575,60,3554,55,12.1,345,201,257,60,0.9355660720786313,21.7299619973971,0.992978811264038,3.5563383102417,13.1455774307251,13.1455774307251,81.7554092407227,42.9179458618164,13.5859413146973,13.2461462020874,0,2.35571980476379,364TS
KH2050C,2,1.07776163634255,Delta,AL,AL,0.289028489263069,0.167143180966377,0.131260950417142,350,192.799999952316,Dbl - Closed,36,"A,B",G,TIC Premium Brand,3600,0.93,0.876,50,575,60,3546,46,12.2,290,273,283,69,1.1360899237254114,16.6309767092908,1.08963787555695,4.69988679885864,11.2848091125488,11.2848091125488,97.5754013061523,61.1992263793945,20.6550712585449,18.7436199188232,0,3.27051424980164,326TS
KH2050,2,1.07776163634255,Delta,AL,AL,0.197462690008899,0.116071656346321,0.0911534377896816,350,192.799999952316,Dbl - Closed,36,"A,B",G,TIC Premium Brand,3600,0.93,0.882,50,460,60,3542,58,13.7,362,250,263,64,1.1360691144708424,16.6309767092908,0.753441393375397,3.23261308670044,11.2848091125488,11.2848091125488,96.3148193359375,61.3852729797363,20.6550712585449,18.9487953186035,0,2.27942848205566,326TS
KH2040,2,0.967221981333058,Delta,AL,AL,0.263820787714379,0.139251261949539,0.120513923917924,350,192.799999952316,Dbl - Closed,36,"A,B",G,TIC Premium Brand,3600,0.925,0.877,40,460,60,3548,47,12,290,266,275,53,1.1382450331125828,18.5316597617812,0.915899574756622,3.83339238166809,11.2848091125488,11.2848091125488,98.8998107910156,62.0671539306641,20.6550712585449,19.1512413024902,0,2.6951117515564,324T
KH2040C,2,0.967221981333058,Delta,AL,AL,0.403629650022009,0.212490677833557,0.183898409853995,350,192.799999952316,Dbl - Closed,36,"A,B",G,TIC Premium Brand,3600,0.925,0.877,40,575,60,3548,38,9.7,232,272,281,59,1.1381125961927905,18.5316597617812,1.3986701965332,5.88526582717896,11.2848091125488,11.2848091125488,99.2705688476563,62.0101699829102,20.6550712585449,19.0951862335205,0,4.10842323303223,324T
KH2030C,2,0.603333645416371,Delta,AL,AL,0.568846813571884,0.273166477680206,0.254176393699913,310,173.100000023842,Dbl - Closed,36,"A,B",G,TIC Premium Brand,3600,0.919,0.887,30,575,60,3546,28,7.7,173,222,270,57,0.994475138121547,18.3053392043456,1.74067068099976,7.06723117828369,11.674750328064,11.674750328064,71.3020858764648,42.326057434082,20.5705528259277,18.1343936920166,0,4.92947483062744,286TS
KH2030,2,0.603333645416371,Delta,AL,AL,0.368577927936287,0.178204759955406,0.165816256836778,310,173.100000023842,Dbl - Closed,36,"A,B",G,TIC Premium Brand,3600,0.919,0.889,30,460,60,3545,35,9.2,217,217,266,59,0.9966279505432747,18.3053392043456,1.13303697109222,4.5872917175293,11.674750328064,11.674750328064,71.0769653320313,42.3578643798828,20.5705528259277,18.1881160736084,0,3.21886706352234,284TS
KH2025,2,0.520734396341511,Delta,AL,AL,0.494720084983577,0.221800476312637,0.235000363997701,310,173.100000023842,Dbl - Closed,36,"A,B",G,TIC Premium Brand,3600,0.918,0.893,25,460,60,3543,29,7.2,181,206,253,56,0.9976340694006309,21.2089447333108,1.47481429576874,5.76053428649902,11.674750328064,11.674750328064,71.2272415161133,42.5757217407227,20.5705528259277,18.5301761627197,0,4.08798503875732,284TS
KH2025,2,0.520734396341511,Delta,AL,AL,0.494720084983577,0.221800476312637,0.235000363997701,310,173.100000023842,Dbl - Closed,36,"A,B",G,TIC Premium Brand,3600,0.918,0.893,25,460,60,3543,29,7.2,181,206,253,56,0.9976340694006309,21.2089447333108,1.47481429576874,5.76053428649902,11.674750328064,11.674750328064,71.2272415161133,42.5757217407227,20.5705528259277,18.5301761627197,0,4.08798503875732,284TS
KH2025C,2,0.520734396341511,Delta,AL,AL,0.778062759060128,0.341040432453156,0.361336559682865,310,173.100000023842,Dbl - Closed,36,"A,B",G,TIC Premium Brand,3600,0.918,0.892,25,575,60,3544,23,5.9,144,209,256,48,0.9964966913195797,21.2089447333108,2.28505563735962,8.90474510192871,11.674750328064,11.674750328064,71.4030456542969,42.5499305725098,20.5705528259277,18.4918899536133,0,6.28140068054199,284TS
KH2020C,2,0.23251648713625,Delta,AL,AL,1.05463195383887,0.618378043174744,0.469242930717694,265,141.5,Dbl - Closed,36,"A,B",G,TIC Premium Brand,3600,0.913,0.877,20,575,60,3526,19.2,4.9,115,216,256,59,1.1053540587219344,29.6347808591723,2.99218273162842,12.2359943389893,12.63365650177,12.63365650177,72.1282730102539,43.3693389892578,20.3750553131104,17.7295818328857,0,8.86779880523682,256T
KH2020,2,0.23251648713625,Delta,AL,AL,0.668987198093982,0.398056983947754,0.302057012922941,265,141.5,Dbl - Closed,36,"A,B",G,TIC Premium Brand,3600,0.913,0.877,20,460,60,3526,24,6.1,143,215,255,59,1.1062906724511932,29.6347808591723,1.91621065139771,7.84751892089844,12.63365650177,12.63365650177,72.0724105834961,43.3798217773438,20.3750553131104,17.760181427002,0,5.71057176589966,256T
KH2015,2,0.20044524753125,Delta,AL,AL,0.824994362386486,0.457396954298019,0.395944154413335,265,141.5,Dbl - Closed,36,"A,B",G,TIC Premium Brand,3600,0.912,0.866,15,460,60,3538,18,5.5,116,236,280,44,1.096319498825372,34.3763457966399,2.30700492858887,9.41685771942139,12.63365650177,12.63365650177,75.9547729492188,43.5293426513672,20.3750553131104,17.9157276153564,0,6.76800203323364,254T
KH2015C,2,0.20044524753125,Delta,AL,AL,1.28159033410657,0.718324184417725,0.621814909400912,265,141.5,Dbl - Closed,36,"A,B",G,TIC Premium Brand,3600,0.914,0.867,15,575,60,3539,14.4,4.4,92,235,279,41,1.0971293747542272,34.3763457966399,3.60903024673462,14.7637767791748,12.63365650177,12.63365650177,75.8846664428711,43.5390892028809,20.3750553131104,17.9280586242676,0,10.6310482025146,254T
KH2010C,2,0.10528785486,Delta,AL,AL,2.56167808916771,1.71924233436584,0.977517242133289,230,123,Dbl - Closed,36,"A,B",G,TIC Premium Brand,3600,0.917,0.894,10,575,60,3510,9.4,2.9,63,268,358,59,1.2924187725631768,29.6388462380337,6.38952350616455,19.6187152862549,12.6566038131714,12.6566038131714,87.8110427856445,50.9738883972168,25.0088329315186,18.0468902587891,0,13.2054824829102,215T
KH2Y75C,2,0.07782145794,Delta,AL,AL,4.35883855130503,2.38987016677856,1.75863646883208,230,123,Dbl - Closed,36,"A,B",G,TIC Premium Brand,3600,0.897,0.874,7.5,575,60,3499,7.2,2.3,47,231,324,55,1.3176087840585604,40.5381436281131,10.0796356201172,28.5382442474365,12.6566038131714,12.6566038131714,86.8249664306641,51.7014999389648,25.0088329315186,19.6090183258057,0,20.3383750915527,213T
KH2003C,2,0.0213044030238713,Wye,AL,AL,6.05935539195453,2.28694367408752,1.39413807211062,190,99.1999999880791,Diamond,36,"A,B",J,TIC Premium Brand,3600,0.867,0.887,3,575,60,3505,3,1,24,188,351,44,1.2861854159032613,49.1371437916522,9.74043750762939,17.9111175537109,13.2668418884277,13.2668418884277,50.6285743713379,18.3118095397949,22.7339878082275,16.2372722625732,0,12.0392713546753,182T
KH2002C,2,0.010433628241937,Wye,AL,AL,8.60530240435165,3.54453158378601,2.31880993896831,160,81.1999999880791,Diamond,24,"A,B",K,TIC Premium Brand,3600,0.855,0.848,2,575,60,3489,2.1,0.9,18,287,372,38,1.3130956583127427,24.773309994958,14.4686441421509,25.5007820129395,10.5765571594238,10.5765571594238,40.2309722900391,15.2194442749023,23.6178817749023,17.4435195922852,0,15.8648433685303,145T
KH2Y15C,2,0.00869469020161415,Wye,AL,AL,13.0736052088638,4.53728628158569,3.40120751665216,160,81.1999999880791,Diamond,24,"A,B",L,TIC Premium Brand,3600,0.843,0.839,1.5,575,60,3487,1.6,0.7,14,264,359,40,1.3102189781021898,29.7279719939496,21.0120983123779,33.2223281860352,10.5765571594238,10.5765571594238,42.2038764953613,15.7594318389893,23.6178817749023,19.2496700286865,0,21.4736194610596,143T
KH2005C,2,0.0329249864914375,Wye,AL,AL,3.16670920158418,1.60011994838715,0.699465915516519,190,99.1999999880791,Diamond,36,"A,B",J,TIC Premium Brand,3600,0.887,0.919,5,575,60,3491,4.6,1.2,36,206,351,59,1.3077496274217586,31.794622453422,5.46629524230957,11.8010749816895,13.2668418884277,13.2668418884277,45.7287292480469,17.5496807098389,22.7339878082275,14.4739999771118,0,7.42209243774414,184T
KH6050C,6,3.38092756540052,Delta,AL,AL,0.408353492212218,0.315688133239746,0.067336513712622,380,258.600000023842,Dbl - Closed,72,"A,B",G,TIC Premium Brand,1200,0.941,0.851,50,575,60,1180,48,14.7,287,190,256,68,1.2723658051689861,7.97329862212602,1.40501046180725,5.58756351470947,17.151180267334,17.151180267334,60.8883171081543,26.1155109405518,18.4267501831055,14.2724380493164,0,3.23748469352722,365T
KH6050,6,3.38092756540052,Delta,AL,AL,0.266226543134629,0.204511821269989,0.0436225243504137,380,258.600000023842,Dbl - Closed,72,"A,B",G,TIC Premium Brand,1200,0.941,0.852,50,460,60,1180,60,18.2,360,187,253,60,1.272635814889336,7.97329862212602,0.911889493465424,3.59300541877747,17.151180267334,17.151180267334,60.7123680114746,26.1491050720215,18.4267501831055,14.3462896347046,0,2.10077524185181,365T
KH6040C,6,2.97843618856713,Delta,AL,AL,0.507330505789128,0.3699911236763,0.0884868285491862,380,258.600000023842,Dbl - Closed,72,"A,B",G,TIC Premium Brand,1200,0.941,0.845,40,575,60,1182,38,12.7,232,199,267,57,1.275680840898232,9.05077140889981,1.68499457836151,6.62869119644165,17.151180267334,17.151180267334,63.3755340576172,26.2698192596436,18.4267501831055,14.6106405258179,0,3.83771848678589,364T
KH6040,6,2.97843618856713,Delta,AL,AL,0.327096187410263,0.241859301924706,0.057842906484846,380,258.600000023842,Dbl - Closed,72,"A,B",G,TIC Premium Brand,1200,0.941,0.855,40,460,60,1182,48,15.5,288,194,262,47,1.2724623603691112,9.05077140889981,1.09692275524139,4.35076665878296,17.151180267334,17.151180267334,63.0546340942383,26.3239269256592,18.4267501831055,14.7286205291748,0,2.51511168479919,364T
KH6030C,6,2.08032969322968,Delta,AL,AL,0.783544277780927,0.62227064371109,0.108099940122644,350,238.700000047684,Dbl - Closed,72,"A,B,C",G,TIC Premium Brand,1200,0.933,0.819,30,575,60,1178,30,11.5,174,243,292,53,1.4541832669322707,8.95786694403996,2.39809703826904,8.95932865142822,17.4295253753662,17.4295253753662,74.300407409668,34.1345901489258,17.7327175140381,15.338264465332,0,5.40084457397461,326T
KH6030,6,2.08032969322968,Delta,AL,AL,0.501746292496765,0.398253202438354,0.0691839616784921,350,238.700000047684,Dbl - Closed,72,"A,B,C",G,TIC Premium Brand,1200,0.933,0.819,30,460,60,1178,37,14.4,217.5,243,292,52,1.4541832669322707,8.95786694403996,1.53506004810333,5.7339391708374,17.4295253753662,17.4295253753662,74.2997360229492,34.1347885131836,17.7327175140381,15.3386135101318,0,3.45656538009644,326T
KH6025,6,1.90502101121594,Delta,AL,AL,0.608781253126281,0.466096103191376,0.0875609514993415,350,238.700000047684,Dbl - Closed,72,"A,B,C",G,TIC Premium Brand,1200,0.933,0.814,25,460,60,1179,31,12.4,182.5,245,293,44,1.4476284584980237,9.78221052784732,1.82471263408661,6.81572818756104,17.4295253753662,17.4295253753662,76.5097885131836,34.4178810119629,17.7327175140381,15.5947456359863,0,4.0780668258667,324T
KH6025C,6,1.90502101121594,Delta,AL,AL,0.936471001712814,0.721816003322601,0.135600564889844,350,238.700000047684,Dbl - Closed,72,"A,B,C",G,TIC Premium Brand,1200,0.933,0.823,25,575,60,1179,25,10,145,247,296,48,1.4474327628361858,9.78221052784732,2.81951332092285,10.6065874099731,17.4295253753662,17.4295253753662,76.7094192504883,34.3853225708008,17.7327175140381,15.5694942474365,0,6.31073808670044,324T
KH6020C,6,1.02836552297716,Delta,AL,AL,1.2745483324517,1.11221718788147,0.177702839777078,310,208.899999976158,Dbl - Closed,72,"A,B,C",G,TIC Premium Brand,1200,0.919,0.804,20,575,60,1175,20,8.3,115,233,253,47,1.2377690802348336,10.5098890887701,4.16292238235474,13.0233278274536,19.624095916748,19.624095916748,79.8989868164063,32.2209815979004,18.6340217590332,15.7039566040039,0,7.43502330780029,286T
KH6020,6,1.02836552297716,Delta,AL,AL,0.799246521945022,0.700565099716187,0.111931745891332,310,208.899999976158,Dbl - Closed,72,A,G,TIC Premium Brand,1200,0.918,0.797,20,460,60,1175,25,11.2,158,255,275,51,1.3349514563106797,10.5098890887701,2.61858034133911,8.14554309844971,19.624095916748,19.624095916748,80.0081939697266,32.1673049926758,18.6340217590332,15.6023721694946,0,4.67386913299561,286T
KH6015,6,0.788413567615822,Delta,AL,AL,1.13728928126459,0.882166683673859,0.177702839777078,310,208.899999976158,Dbl - Closed,72,A,G,TIC Premium Brand,1200,0.919,0.777,15,460,60,1177,20,9.5,118,265,285,39,1.3330215154349858,13.7085509853522,3.46498942375183,10.2907991409302,19.624095916748,19.624095916748,81.9771041870117,32.2688407897949,18.6340217590332,15.7943239212036,0,5.94385766983032,284T
KH6015C,6,0.788413567615822,Delta,AL,AL,1.82543961188608,1.38715100288391,0.27942641044312,310,208.899999976158,Dbl - Closed,72,"A,B,C",G,TIC Premium Brand,1200,0.918,0.795,15,575,60,1177,15.8,6.7,91,234,257,38,1.2026204960224613,13.7085509853522,5.48559999465942,16.2611255645752,19.624095916748,19.624095916748,81.8541030883789,32.2999496459961,18.6340217590332,15.8529558181763,0,9.3566427230835,284T
KH6010C,6,0.447536911388482,Delta,AL,AL,2.75204457414281,2.73335385322571,0.512195804503589,265,174.199999988079,Dbl - Closed,54,"A,B,C",G,TIC Premium Brand,1200,0.912,0.802,10,575,60,1170,10.8,4.3,62,273,375,41,1.863817097415507,6.50612181685765,7.89409065246582,26.059476852417,16.5955543518066,16.5955543518066,46.968563079834,21.8376388549805,29.974142074585,19.0626659393311,0,13.9505176544189,256T
KH6010,6,0.447536911388482,Delta,AL,AL,1.73271242641647,1.71931374073029,0.32217756741027,265,174.199999988079,Dbl - Closed,54,"A,B,C",G,TIC Premium Brand,1200,0.913,0.799,10,460,60,1171,13.4,5.5,79,280,381,42,1.8522119591638309,6.50612181685765,4.96712350845337,16.0206985473633,16.5955543518066,16.5955543518066,47.1854553222656,21.8004493713379,29.974142074585,18.9278469085693,0,8.75146675109863,256T
KH6Y75,6,0.3646597055758,Delta,AL,AL,2.35252860187439,2.1321485042572,0.479747377791886,265,174.199999988079,Dbl - Closed,54,"A,B,C",H,TIC Premium Brand,1200,0.912,0.791,7.5,460,60,1173,10.2,4.4,63,285,391,33,1.7194371152154793,7.7766948384852,6.4437837600708,19.1947574615479,16.5955543518066,16.5955543518066,49.4234008789063,21.7527713775635,29.974142074585,19.1611938476563,0,10.2656145095825,254T
KH6Y75C,6,0.3646597055758,Delta,AL,AL,3.78473968391812,3.33148217201233,0.749605277799822,265,174.199999988079,Dbl - Closed,54,"A,B,C",H,TIC Premium Brand,1200,0.911,0.79,7.5,575,60,1173,8.2,3.6,49,284,393,34,1.7427937915742793,7.7766948384852,10.1773262023926,30.5411624908447,16.5955543518066,16.5955543518066,49.4081001281738,21.765380859375,29.974142074585,19.2080955505371,0,16.0546455383301,254T
KH6005C,6,0.222156456306661,Delta,AL,AL,7.338472406021,5.70901536941528,1.61221034142854,230,152.199999988079,Diamond,54,"A,B",J,TIC Premium Brand,1200,0.896,0.78,5,575,60,1168,5.5,2.5,36,188,325,33,1.5647568608570053,6.29418110673384,14.6596984863281,47.8358001708984,15.161075592041,15.161075592041,47.0411148071289,21.1527061462402,23.4200305938721,17.3243923187256,0,26.2268524169922,215T
KH6005,6,0.222156456306661,Delta,AL,AL,4.66578623901254,3.71293926239014,1.04852389530992,230,152.199999988079,Diamond,54,"A,B",J,TIC Premium Brand,1200,0.896,0.782,5,460,60,1167,6.9,3.1,45.5,185,332,39,1.6100872938894277,6.29418110673384,9.42724895477295,30.4706802368164,15.161075592041,15.161075592041,46.7751197814941,21.180570602417,23.4200305938721,17.4029998779297,0,17.087308883667,215T
KH6003,6,0.173861574500865,Delta,AL,AL,7.0247368958747,4.74972534179688,1.6689734245554,230,152.199999988079,Diamond,54,"A,B",K,TIC Premium Brand,1200,0.896,0.741,3,460,60,1176,4.4,2.4,32,227,373,24,1.5496468633153304,8.04256474749324,13.4434356689453,42.8294067382813,15.161075592041,15.161075592041,55.1303977966309,21.4370632171631,23.4200305938721,18.120641708374,0,22.9033126831055,213T
KH6003C,6,0.173861574500865,Delta,AL,AL,10.9971916045636,7.42144584655762,2.60777097586781,230,152.199999988079,Diamond,54,"A,B",K,TIC Premium Brand,1200,0.898,0.742,3,575,60,1176,3.5,1.9,25,226,373,25,1.552872606161532,8.04256474749324,21.0264091491699,68.0131378173828,15.161075592041,15.161075592041,55.2350730895996,21.4384250640869,23.4200305938721,18.1244258880615,0,35.7893600463867,213T
KH6Y15,6,0.0732829487441423,Wye,AL,AL,3.71239120021807,2.85737657546997,0.85100618111101,190,124.399999976158,Diamond,36,"A,B,C",M,TIC Premium Brand,1200,0.877,0.654,1.5,460,60,1177,2.5,1.5,20,250,430,22,1.835253947930004,5.14013062996989,7.42077398300171,29.103515625,11.9271726608276,11.9271726608276,47.2874336242676,17.1713600158691,30.5297698974609,22.0761833190918,0,14.1156768798828,182T
KH6001,6,0.0300284686568393,Wye,AL,AL,10.6775678983423,5.63753652572632,1.46507633306885,160,104.480000019073,Diamond,36,"A,B",L,TIC Premium Brand,1200,0.829,0.656,1,460,60,1167,1.8,1.2,12.5,241,354,30,1.6833095577746076,4.82596947953727,17.780179977417,42.8066101074219,11.4863929748535,11.4863929748535,46.3611106872559,19.4536724090576,26.9681339263916,21.1673698425293,0,22.2193050384521,145T
KH6X75,6,0.025738687420148,Wye,AL,AL,15.597050475966,7.23126983642578,2.13568459578686,160,104.480000019073,Diamond,36,"A,B",K,TIC Premium Brand,1200,0.809,0.662,0.75,460,60,1165,1.4,0.9,8,223,338,25,1.5294117647058822,5.36664330335405,24.9640045166016,52.0497970581055,11.4863929748535,11.4863929748535,48.4317626953125,19.7487468719482,26.9681339263916,23.0310306549072,0,27.2729072570801,143T
KH6002,6,0.0991475188891336,Wye,AL,AL,2.31613276640687,2.01824235916138,0.458953284686089,190,124.399999976158,Diamond,36,"A,B,C",L,TIC Premium Brand,1200,0.885,0.645,2,460,60,1180,3.4,2.2,25,278,461,24,1.8641326324302465,3.79922698736905,4.79332828521729,21.1166362762451,11.9271726608276,11.9271726608276,48.0191268920898,16.9243125915527,30.5297698974609,21.0404834747314,0,9.81966209411621,184T
KH6002C,6,0.0991475188891336,Wye,AL,AL,3.72182314851771,3.18039894104004,0.723230594835797,190,124.399999976158,Diamond,36,"A,B,C",L,TIC Premium Brand,1200,0.885,0.628,2,575,60,1180,2.7,1.8,20,279,462,24,1.8918918918918919,3.79922698736905,7.62545251846313,33.8806037902832,11.9271726608276,11.9271726608276,47.9547691345215,16.9510517120361,30.5297698974609,21.1553516387939,0,15.514892578125,184T
KH6Y15C,6,0.0732829487441423,Wye,AL,AL,5.92915680081256,4.690673828125,1.39701307660899,190,124.399999976158,Diamond,36,"A,B,C",M,TIC Premium Brand,1200,0.875,0.642,1.5,575,60,1175,2,1.3,16,251,430,20,1.9162210338680927,5.14013062996989,12.0168437957764,48.4213600158691,11.9271726608276,11.9271726608276,46.6213569641113,17.2764568328857,30.5297698974609,22.5133495330811,0,23.3954467773438,182T
KH6001C,6,0.0300284686568393,Wye,AL,AL,16.7523875482598,8.80865097045898,2.28918177042008,160,104.480000019073,Diamond,36,"A,B",L,TIC Premium Brand,1200,0.829,0.656,1,575,60,1167,1.5,1,10,240,354,25,1.6857142857142857,4.82596947953727,27.8502197265625,67.6990280151367,11.4863929748535,11.4863929748535,46.4928855895996,19.4583988189697,26.9681339263916,21.1838645935059,0,34.7306060791016,145T
KH6X75C,6,0.025738687420148,Wye,AL,AL,21.6021528265621,10.8917264938354,3.21676460811699,160,104.480000019073,Diamond,36,"A,B",L,TIC Premium Brand,1200,0.819,0.651,0.75,575,60,1167,1.1,0.7,7,245,356,23,1.5298667812634295,5.36664330335405,35.7106437683105,80.4493255615234,11.4863929748535,11.4863929748535,49.6635780334473,19.5410118103027,26.9681339263916,22.2870693206787,0,40.4228286743164,143T
3H6075C,6,6.41996289066723,Delta,AL,AL,0.166271058147345,0.177661344408989,0.0127442507423011,380,258.399999976158,Dbl - Closed,72,"A,B",G,TIC Premium Brand,1200,0.949,0.816,75.000001022707,575,60,1186,73.92,28.96,434,210,241,58,1.2737843551797041,4.52944694803082,0.870642364025116,3.93873596191406,15.9694128036499,15.9694128036499,70.1323776245117,28.1000633239746,16.795051574707,15.1531057357788,5.11705738772969,2.392737865448,405T
3H2200C,2,7.90273982464,Delta,AL,AL,0.0340073942337647,0.0240074526518583,0.0107711548196074,430,256,Dbl - Closed,48,"A,B",G,TIC Premium Brand,3600,0.96,0.88,199.999995909172,575,60,3577,180,46,1160,230,260,66,1.0272619517977084,14.8318457000572,0.238972216844559,1.18417620658875,12.6763505935669,12.6763505935669,80.6403579711914,43.2888870239258,11.3546104431152,11.3546104431152,9.45488040387662,0.841190874576569,447T
3H2250C,2,17.8122696725416,Delta,AL,AL,0.0236256888301587,0.0146287940442562,0.00829590060883738,550,315.400000095367,Dbl - Closed,48,"A,B",G,TIC Premium Brand,3600,0.959,0.902,250,575,60,3583,220,50,1460,145,255,74,1.0075069142631372,19.559926622366,0.18006843328476,0.97965145111084,12.8240871429443,12.8240871429443,77.2429046630859,37.571174621582,12.1953344345093,12.1953344345093,10.1353263680925,0.68512898683548,5010
3H2300C,2,19.7914107472685,Delta,AL,AL,0.0192206979187623,0.0130584379658103,0.00671967949315828,550,315.400000095367,Dbl - Closed,48,"A,B",G,TIC Premium Brand,3600,0.959,0.902,300.000004090828,575,60,3581,258,50,1760,145,255,74,1.0472279260780288,17.3340269658514,0.158184111118317,0.851534783840179,12.8240871429443,12.8240871429443,74.9561767578125,37.45361328125,12.1953344345093,12.1953344345093,10.1353263680925,0.600958049297333,5010
3H2350C,2,21.7705518219953,Delta,AL,AL,0.0198706810411627,0.0130993826314807,0.0060693179960637,550,315.400000095367,Dbl - Closed,48,"A,B",G,TIC Premium Brand,3600,0.959,0.902,350.000008181656,575,60,3577,304,56,2040,149,231,62,1.0495229441163108,13.7760271500116,0.158598393201828,0.807317078113556,12.8240871429443,12.8240871429443,71.8967742919922,37.5001678466797,12.1953344345093,12.1953344345093,10.1353263680925,0.577493906021118,5010
3H2400C,2,21.7705518219953,Delta,AL,AL,0.0161909252927992,0.0103501295670867,0.00479551051540835,550,315.400000095367,Dbl - Closed,48,"A,B",G,TIC Premium Brand,3600,0.96,0.892,399.999991818344,575,60,3579,350,66,2320,190,200,80,0.8206811653672549,13.7760271500116,0.125802934169769,0.637366771697998,12.8240871429443,12.8240871429443,71.7995300292969,36.9592247009277,12.1953344345093,12.1114654541016,10.1353263680925,0.452624976634979,5010
3H2450C,2,23.3538646817768,Delta,AL,AL,0.0146679918404005,0.00894720852375031,0.00388436331167978,550,315.400000095367,Dbl - Closed,48,"A,B",G,TIC Premium Brand,3600,0.961,0.891,450.000016363313,575,60,3578,394,76,2600,200,210,85,0.8356545961002785,12.8669469192807,0.109161376953125,0.548715651035309,12.8240871429443,12.8240871429443,71.5972366333008,36.7629699707031,12.1953344345093,12.0216817855835,10.1353263680925,0.387465387582779,5010
3H2500C,2,23.3538646817768,Delta,AL,AL,0.0126102398915071,0.00839045457541943,0.00370080361146397,550,315.400000095367,Dbl - Closed,48,"A,B",G,TIC Premium Brand,3600,0.961,0.891,500,575,60,3577,438,83,2900,190,200,95,0.8216926869350862,12.8669469192807,0.101281777024269,0.511017024517059,12.8240871429443,12.8240871429443,69.835693359375,36.6388092041016,12.1953344345093,11.9603404998779,10.1353263680925,0.36521315574646,5010
3Q2250C,2,17.7316032,Delta,AL,AL,0.0282097097771412,0.0153227858245373,0.00899402386030824,520,310,Dbl - Closed,48,"A,B",G,TIC Premium Brand,3600,0.958,0.904,250,575,60,3579,216,39,1433,195,270,67,1.2118491921005385,17.2128187323099,0.202468827366829,1.11604928970337,12.4705247879028,12.4705247879028,72.9775848388672,37.4591255187988,13.7466402053833,13.7466402053833,11.4242084417517,0.805951476097107,N449
3Q2300C,2,19.5786452,Delta,AL,AL,0.0196386674370621,0.0116639798507094,0.00624584990299183,520,310,Dbl - Closed,48,"A,B",G,TIC Premium Brand,3600,0.958,0.899,300.000004090828,575,60,3582,261,54,1760,158,270,59,1.1038430089942763,15.6172600462721,0.151687279343605,0.847106099128723,12.4705247879028,12.4705247879028,73.279411315918,36.9258499145508,13.7466402053833,13.5562210083008,11.4242084417517,0.601403832435608,N449
3Q2350C,2,19.5786452,Delta,AL,AL,0.0179239847861189,0.0103690400719643,0.00555243309743519,520,310,Dbl - Closed,48,"A,B",G,TIC Premium Brand,3600,0.957,0.89,350.000008181656,575,60,3581,307,71,2040,154,264,72,1.1055276381909547,15.6172600462721,0.135312497615814,0.738397300243378,12.4705247879028,12.4705247879028,70.8155975341797,36.6357460021973,13.7466402053833,13.4157285690308,11.4242084417517,0.531378328800201,N449
PH2400C,2,21.7705518219953,Delta,AL,AL,0.0148382008238593,0.00909160077571869,0.0043260792175821,550,315.400000095367,Dbl - Closed,48,"A,B",G,TIC Premium Brand,3600,0.958,0.887,399.999991818344,575,60,3581,352,77,2310,225,295,64,1.1952998379254456,14.3950396948247,0.128435850143433,0.625876307487488,12.8240871429443,12.8240871429443,81.6777877807617,45.2121467590332,12.1953344345093,12.1650886535645,10.1353263680925,0.451693087816238,5011USS
PH2450C,2,23.3538646817768,Delta,AL,AL,0.0137543884865414,0.00841063261032104,0.00374995451797545,550,315.400000095367,Dbl - Closed,48,"A,B",G,TIC Premium Brand,3600,0.959,0.889,450.000016363313,575,60,3581,394,82,2600,200,210,70,0.8753647353063776,13.4191048002603,0.118591375648975,0.572524547576904,12.8240871429443,12.8240871429443,80.5212631225586,45.1590270996094,12.1953344345093,12.1437377929688,10.1353263680925,0.415277391672134,5011USS
PH2500C,2,24.9371775415583,Delta,AL,AL,0.0122140735675041,0.00766498269513249,0.00321498158262641,550,315.400000095367,Dbl - Closed,48,"A,B",F,TIC Premium Brand,3600,0.96,0.889,500,575,60,3581,439,91,2768,215,285,75,1.193467336683417,12.5670981462756,0.107554160058498,0.518044233322144,12.8240871429443,12.8240871429443,79.8754653930664,45.0644874572754,12.1953344345093,12.1044845581055,10.1353263680925,0.376036494970322,5011USS
3A6250C,6,23.0231832595979,Delta,AL,AL,0.054055523331452,0.04655447229743,0.00731254247932717,480,338,Dbl - Closed,72,"A,B",G,TIC Premium Brand,1200,0.958,0.837,250,575,60,1185,234,56,1432,205,225,74,1.3744654856444718,4.8120167186268,0.288637936115265,1.42488181591034,14.7590551376343,14.7590551376343,55.4023132324219,25.2472400665283,18.1543216705322,14.7405958175659,5.45257189174631,0.860271155834198,449T
3H6060C,6,5.45696845706715,Delta,AL,AL,0.214911168542997,0.220786809921265,0.0183517210689136,380,258.399999976158,Dbl - Closed,72,A,H,TIC Premium Brand,1200,0.949,0.799,59.9999977500445,575,60,1187,59.22,22.67,385.6,195.1,252.9,45,1.3282563025210083,5.30350632331459,1.09277534484863,4.90747308731079,15.9694128036499,15.9694128036499,71.3766784667969,28.3117160797119,16.795051574707,15.301007270813,5.11705738772969,2.97920203208923,404T
3H6100C,6,9.81690740687276,Delta,AL,AL,0.117962858078007,0.114906094968319,0.0158843921059867,430,293,Dbl - Closed,72,"A,B,C",G,TIC Premium Brand,1200,0.955,0.801,99.9999979545859,575,60,1187,98.5,32,580,217.1,225,68,1.1497189575881452,5.47687705769322,0.619039177894592,2.93858170509338,15.8170175552368,15.8170175552368,69.9267044067383,28.7975578308105,16.0607528686523,14.7308740615845,4.78468325272447,1.81483769416809,444T
3H6125C,6,11.1435165159096,Delta,AL,AL,0.0906329119651797,0.09230986982584,0.0112864900070589,430,293,Dbl - Closed,72,"A,B,C",G,TIC Premium Brand,1200,0.955,0.791,125,575,60,1186,123.9,51,726,225.8,230,67,1.1722731906218145,4.78397917327561,0.491698563098907,2.33085751533508,15.8170175552368,15.8170175552368,68.3687057495117,28.4754638671875,16.0607528686523,14.5045261383057,4.78468325272447,1.44124031066895,445T
3H6150C,6,13.2660910903686,Delta,AL,AL,0.0709093390191132,0.0772289633750916,0.00803240371186685,430,293,Dbl - Closed,72,"A,B,C",G,TIC Premium Brand,1200,0.958,0.811,150.000002045414,575,60,1186,144.6,52,868,236.3,245,78,1.2753774076002082,4.24179486697104,0.405041664838791,1.95075440406799,15.8170175552368,15.8170175552368,67.9625930786133,28.433614730835,16.0607528686523,14.4731206893921,4.78468325272447,1.20552229881287,447
3H6200C,6,22.0834614939,Delta,AL,AL,0.0596359262203012,0.0513580329716206,0.00839450029514599,480,338,Dbl - Closed,72,"A,B",G,TIC Premium Brand,1200,0.96,0.842,199.999995909172,575,60,1188,186,64,1160,215.3,210,69,1.171875,5.00582217912855,0.318750351667404,1.62996804714203,14.7590551376343,14.7590551376343,59.1026992797852,25.4142646789551,18.1543216705322,15.1312341690063,5.45257189174631,0.960109353065491,505U
3H6250C,6,31.11599493902,Delta,AL,AL,0.0256157759382216,0.0326947048306465,0.0044364216981047,550,362.599999904633,Dbl - Closed,72,"A,B",G,TIC Premium Brand,1200,0.959,0.812,250,575,60,1190,240,87,1460,200,220,67,1.049618320610687,5.23784386407355,0.190306305885315,1.11021971702576,17.5404281616211,17.5404281616211,56.2846717834473,23.4306411743164,17.3808670043945,15.1645221710205,5.06923708887483,0.719595193862915,5010
3H6250C,6,31.11599493902,Delta,AL,AL,0.0256157759382216,0.0326947048306465,0.0044364216981047,550,362.599999904633,Dbl - Closed,72,"A,B",G,TIC Premium Brand,1200,0.959,0.812,250,575,60,1190,240,87,1460,200,220,67,1.049618320610687,5.23784386407355,0.190306305885315,1.11021971702576,17.5404281616211,17.5404281616211,56.2846717834473,23.4306411743164,17.3808670043945,15.1645221710205,5.06923708887483,0.719595193862915,5010
3H6300C,6,31.11599493902,Delta,AL,AL,0.0237379965609188,0.0301314406096935,0.00408860623697329,550,362.599999904633,Dbl - Closed,72,"A,B",G,TIC Premium Brand,1200,0.961,0.806,300.000004090828,575,60,1190,290,107,1760,160,205,73,1.0534429599177801,5.23784386407355,0.175516784191132,0.992646813392639,17.5404281616211,17.5404281616211,53.2555236816406,23.2465076446533,17.3808670043945,14.7657194137573,5.06923708887483,0.656131029129028,5010
3H6350C,6,34.8499143317024,Delta,AL,AL,0.0235947565961524,0.0294807553291321,0.0035935015754648,550,362.599999904633,Dbl - Closed,72,"A,B",F,TIC Premium Brand,1200,0.953,0.831,350.000008181656,575,60,1186,333,97,1843,160,221,71,1.2485875706214689,4.70731284037055,0.171689078211784,0.953086495399475,17.5404281616211,17.5404281616211,51.3620758056641,23.4310894012451,17.3808670043945,15.1650648117065,5.06923708887483,0.647564351558685,5010
3Q6250C,6,26.8035140778386,Delta,AL,AL,0.0292816913986831,0.0373755134642124,0.00500327045484643,520,347.599999904633,Dbl - Closed,72,"A,B",F,TIC Premium Brand,1200,0.965,0.837,250,575,60,1187,232,83,1359,147,234,59,1.3356164383561644,4.76473742697787,0.218485817313194,1.33405983448029,17.7223033905029,17.7223033905029,52.6062202453613,22.5209140777588,16.5796775817871,14.8040447235107,4.84712386974348,0.834571897983551,N449
3Q6300C,6,29.1685300258832,Delta,AL,AL,0.0248765082326079,0.0319889634847641,0.00395320134703915,520,347.599999904633,Dbl - Closed,72,"A,B",F,TIC Premium Brand,1200,0.964,0.825,300.000004090828,575,60,1187,283,107,1600,145,230,70,1.336432306798373,4.3938787694488,0.186483576893806,1.12195432186127,17.7223033905029,17.7223033905029,51.3320655822754,22.3407554626465,16.5796775817871,14.6141757965088,4.84712386974348,0.70868843793869,N449
3Q6350C,6,37.3146960691479,Delta,AL,AL,0.0181937773507527,0.0253552328795195,0.00247761403868252,520,347.599999904633,Dbl - Closed,72,"A,B",F,TIC Premium Brand,1200,0.964,0.828,350.000008181656,575,60,1188,328,119,1800,140,223,74,1.2159214830970555,3.45883940227439,0.145631700754166,0.909604549407959,17.7223033905029,17.7223033905029,53.0740356445313,22.3281097412109,16.5796775817871,14.6002244949341,4.84712386974348,0.559542834758759,L449
3Q6350C,6,37.3146960691479,Delta,AL,AL,0.0181937773507527,0.0253552328795195,0.00247761403868252,520,347.599999904633,Dbl - Closed,72,"A,B",F,TIC Premium Brand,1200,0.964,0.828,350.000008181656,575,60,1188,328,119,1800,140,223,74,1.2159214830970555,3.45883940227439,0.145631700754166,0.909604549407959,17.7223033905029,17.7223033905029,53.0740356445313,22.3281097412109,16.5796775817871,14.6002244949341,4.84712386974348,0.559542834758759,L449
3Q6350C,6,37.3146960691479,Delta,AL,AL,0.0181937773507527,0.0253552328795195,0.00247761403868252,520,347.599999904633,Dbl - Closed,72,"A,B",G,TIC Premium Brand,1200,0.958,0.805,350.000008181656,575,60,1188,340,114,1999,155,245,74,1.3358778625954197,3.45883940227439,0.145631700754166,0.909604549407959,17.7223033905029,17.7223033905029,53.0740356445313,22.3281097412109,16.5796775817871,14.6002244949341,4.84712386974348,0.559542834758759,L449
3H4450,4,34.6619702287615,Delta,AL,AL,0.010943006426622,0.00992869958281517,0.00266641741218171,550,362.200000047684,Dbl - Closed,72,"A,B",F,TIC Premium Brand,1800,0.95,0.863,450.000016363313,460,60,1780,512,131,3060,200,230,71,1.202928870292887,9.8156500836799,0.0936767160892487,0.446154683828354,15.6144571304321,15.6144571304321,72.3748016357422,37.0583267211914,14.596851348877,13.3078317642212,7.72014430172045,0.307663053274155,5010
PH2500,2,24.9371775415583,Delta,AL,AL,0.00694273655416022,0.0049055889248848,0.0020575882128809,550,315.400000095367,Dbl - Closed,48,"A,B",G,TIC Premium Brand,3600,0.961,0.888,500,460,60,3581,549,116,3521,220,290,72,1.2118679481821981,12.5670981462756,0.0679603889584541,0.331600993871689,12.8240871429443,12.8240871429443,79.8957443237305,45.0601844787598,12.1953344345093,12.1026573181152,10.1353263680925,0.240643471479416,5011USS
PH2400,2,21.7705518219953,Delta,AL,AL,0.00890292078709098,0.0058186249807477,0.00276869088135111,550,315.400000095367,Dbl - Closed,48,A,G,TIC Premium Brand,3600,0.959,0.887,399.999991818344,460,60,3581,441,98,2930,225,300,63,1.2135922330097089,14.3950396948247,0.0816054195165634,0.400596857070923,12.8240871429443,12.8240871429443,81.6895751953125,45.2097053527832,12.1953344345093,12.164116859436,10.1353263680925,0.289070695638657,5011USS
PH2450,2,23.3538646817768,Delta,AL,AL,0.00875568711527518,0.00558401364833117,0.00248968173758589,550,315.400000095367,Dbl - Closed,48,"A,B",F,TIC Premium Brand,3600,0.958,0.889,450.000016363313,460,60,3580,494,100,3066,210,280,71,1.2037833190025795,13.4191048002603,0.0783593952655792,0.378629416227341,12.8240871429443,12.8240871429443,80.0176467895508,45.2429046630859,12.1953344345093,12.1953344345093,10.1353263680925,0.276237428188324,5011USS
PH6350,6,40.450793420726,Delta,AL,AL,0.0134196044086855,0.0171818695962429,0.00181715832754368,550,362.599999904633,Dbl - Closed,72,"A,B",G,TIC Premium Brand,1200,0.958,0.824,350.000008181656,460,60,1189,415,129,2505,180,245,58,1.2813807531380754,4.09516165917478,0.0994542241096497,0.568320155143738,17.5404281616211,17.5404281616211,53.503719329834,23.5288982391357,17.3808670043945,15.2807588577271,5.06923708887483,0.377962112426758,5011US
KH2Y75,2,0.07782145794,Delta,AL,AL,2.79160229514339,1.52953171730042,1.12553822643605,230,123,Dbl - Closed,36,"A,B",H,TIC Premium Brand,3600,0.897,0.873,7.5,460,60,3499,9,2.8,60,230,324,48,1.3181448331977217,40.5381436281131,6.45294809341431,18.2313137054443,12.6566038131714,12.6566038131714,86.8331069946289,51.7018890380859,25.0088329315186,19.6099491119385,0,13.0168237686157,213T
KH2010,2,0.10528785486,Delta,AL,AL,1.63037368388902,1.10504388809204,0.628299713222439,230,123,Dbl - Closed,36,"A,B",H,TIC Premium Brand,3600,0.902,0.882,10,460,60,3506,11.8,3.6,80,267,357,59,1.292073832790445,29.6388462380337,4.09072351455688,12.5626039505005,12.6566038131714,12.6566038131714,87.7483749389648,50.9816284179688,25.0088329315186,18.0662746429443,0,8.48989868164063,215T
3Q6200C,6,22.0734821817494,Delta,AL,AL,0.0370267196898548,0.0437635816633701,0.00702791350584738,520,347.599999904633,Dbl - Closed,72,"A,B",G,TIC Premium Brand,1200,0.962,0.823,199.999995909172,575,60,1188,189,77,1159,157.3,246,53,1.334056399132321,5.72441952357766,0.259738355875015,1.56932437419891,17.7223033905029,17.7223033905029,53.7631950378418,22.4802417755127,16.5796775817871,14.7625846862793,4.84712386974348,0.97844398021698,N449
3H6600,6,81.7864668381475,Delta,AL,AL,0.00815438380820887,0.00757767865434289,0.000925423947222906,610,422.200000047684,Dbl - Closed,72,,F,TIC Premium Brand,1200,0.954,0.799,600.000008181656,460,60,1191,737.27,229.02,4137.7,159.4,247.1,72,1.3495357728017476,4.09516165917478,0.0554427541792393,0.345705509185791,15.1852712631226,15.1852712631226,47.6870727539063,24.9353103637695,16.9858417510986,14.7587890625,5.05866054225109,0.228343605995178,5810
3H6600C,6,81.7864668381475,Delta,AL,AL,0.0126174229937273,0.0118401227518916,0.00144597491753579,610,422.200000047684,Dbl - Closed,72,,F,TIC Premium Brand,1200,0.955,0.819,600,575,60,1191,574.67,182.57,3295.9,173.8,223.7,72,1.2217367558711087,4.09516165917478,0.0865055024623871,0.540173828601837,15.1852712631226,15.1852712631226,47.688663482666,24.9350547790527,16.9858417510986,14.7579069137573,5.05866054225109,0.356779009103775,5810
3H4700,4,60.0479449361393,Delta,AL,AL,0.00524812596362335,0.00560567434877157,0.00100626542630056,610,396.400000095367,Dbl - Closed,72,,H,TIC Premium Brand,1800,0.96,0.882,700.000016363313,460,60,1793,773.8,194.26,5678.4,245.9,274.4,90,1.231597845601436,9.19708496112301,0.0501684434711933,0.248714685440063,17.137601852417,17.137601852417,64.0362167358398,30.898853302002,12.8611135482788,11.7842311859131,6.70712712671433,0.170041501522064,5810
3H4700C,4,60.0479449361393,Delta,AL,AL,0.00840571341461965,0.00860269367694855,0.00154425556584458,610,396.400000095367,Dbl - Closed,72,,H,TIC Premium Brand,1800,0.958,0.859,700.000016363313,575,60,1789,637.05,190.1,4627.6,249.8,278.1,73,1.2299867315347193,9.19708496112301,0.0773422494530678,0.382149785757065,17.137601852417,17.137601852417,64.1693344116211,30.8627185821533,12.8611135482788,11.7564849853516,6.70712712671433,0.26068052649498,5810
3H6500,6,69.775866812965,Delta,AL,AL,0.0100647375791738,0.00888145994395018,0.0012596048170534,610,422.200000047684,Dbl - Closed,72,,G,TIC Premium Brand,1200,0.957,0.828,500,460,60,1190,591.1,190.38,3572.3,163.3,214,68,1.1468381564844587,4.80006653493438,0.0656642913818359,0.40603095293045,15.1852712631226,15.1852712631226,48.112419128418,24.9574699401855,16.9858417510986,14.7855730056763,5.05866054225109,0.268346607685089,5810
3H6500C,6,69.775866812965,Delta,AL,AL,0.0145594530064606,0.0130956219509244,0.00185727444963486,610,422.200000047684,Dbl - Closed,72,,G,TIC Premium Brand,1200,0.959,0.82,500,575,60,1191,476.36,168.35,3056.3,176.3,225.6,65,1.1475076297049847,4.75783721058012,0.0965404286980629,0.600074470043182,15.1852712631226,15.1852712631226,48.6643981933594,24.842643737793,16.9858417510986,14.4380741119385,5.05866054225109,0.391922891139984,5810
3H4600,4,57.7023220870713,Delta,AL,AL,0.00641423903931658,0.00647564325481653,0.00120548521472345,610,396.400000095367,Dbl - Closed,72,,H,TIC Premium Brand,1800,0.958,0.872,600.000008181656,460,60,1793,672.57,181.34,4877.6,244.8,272.1,80,1.2317790855590767,9.55000720518809,0.0583489909768105,0.290517628192902,17.137601852417,17.137601852417,65.2965545654297,31.1386432647705,12.8611135482788,11.9563245773315,6.70712712671433,0.19797445833683,5810
3H4600C,4,57.7023220870713,Delta,AL,AL,0.00879116798102351,0.00975369196385145,0.00181571628806056,610,396.400000095367,Dbl - Closed,72,,H,TIC Premium Brand,1800,0.958,0.846,600.000008181656,575,60,1787,554.47,180.96,3936.6,245,281.4,70,1.2315098468271333,9.31963422436118,0.0870159119367599,0.439048528671265,17.137601852417,17.137601852417,65.9010009765625,31.0425662994385,12.8611135482788,11.8897743225098,6.70712712671433,0.296513766050339,5810
3H6400C,6,40.450793420726,Delta,AL,AL,0.0160773427964201,0.0217458046972752,0.00229984100829747,550,362.599999904633,Dbl - Closed,72,,G,TIC Premium Brand,1200,0.955,0.809,399.999991818344,575,60,1189,386,146,2505,200,240,78,1.1776251226692835,4.09516165917478,0.124964907765388,0.716472923755646,17.5404281616211,17.5404281616211,53.1228370666504,23.0469665527344,17.3808670043945,14.2276668548584,5.06923708887483,0.464780658483505,5010
3H6450C,6,65.200400136705,Delta,AL,AL,0.0177284940679337,0.0153532037511468,0.00231998642324631,610,422.200000047684,Dbl - Closed,72,,G,TIC Premium Brand,1200,0.956,0.828,450.000016363313,575,60,1190,425.64,136.03,2575.1,162.9,213.8,65,1.1439272338148743,5.07665626169913,0.113984875380993,0.703890919685364,15.1852712631226,15.1852712631226,48.4389724731445,25.0202407836914,16.9858417510986,14.8835639953613,5.05866054225109,0.465200513601303,5810
3H6450,6,65.200400136705,Delta,AL,AL,0.010970367413923,0.00956917181611061,0.00144597491753579,610,422.200000047684,Dbl - Closed,72,,G,TIC Premium Brand,1200,0.957,0.826,450.000016363313,460,60,1190,533.19,177,3312,168,219,63,1.1442006269592475,5.07665626169913,0.0709639564156532,0.439431369304657,15.1852712631226,15.1852712631226,48.6937637329102,24.9759559631348,16.9858417510986,14.8148498535156,5.05866054225109,0.289345860481262,5810
4G2Y15,2,0.00873760038434474,Wye,AL,AL,5.60820402880326,3.26075720787048,2.05441849925817,160,81.3000000119209,Diamond,24,"A,B",L,TIC Premium Brand,3600,0.838,0.838,1.49999994375111,460,60,3494,2,0.9,18,350,380,34,1.099537037037037,34.232210174851,10.9233798980713,18.3032131195068,10.237286567688,10.237286567688,27.2651557922363,10.4334506988525,26.4915428161621,18.5982723236084,10.6726513947107,12.4397315979004,143T
4G2002,2,0.0131064005765171,Wye,AL,AL,3.72428694985544,2.57305145263672,1.19445175558432,160,81.3000000119209,Diamond,24,"A,B",L,TIC Premium Brand,3600,0.869,0.882,1.99999997826748,460,60,3509,2.5,0.9,25,340,370,29,1.0721529991306866,22.8214734499007,7.49179029464722,14.7325096130371,10.237286567688,10.237286567688,27.6864395141602,10.3051338195801,26.4915428161621,17.8350391387939,10.6726513947107,9.1597785949707,145T
4G2003,2,0.0131064005765171,Wye,AL,AL,2.76669953919226,2.01639842987061,0.936044428724503,160,81.3000000119209,Diamond,24,"A,B",K,TIC Premium Brand,3600,0.869,0.882,2.99999988750223,460,60,3473,3.6,1.4,32,310,340,56,1.1096605744125327,22.8214734499007,5.7191424369812,11.0355634689331,10.237286567688,10.237286567688,23.1478424072266,10.0137557983398,26.4915428161621,16.0594253540039,10.6726513947107,6.88609838485718,145
4G2005,2,0.030863458927653,Wye,AL,AL,2.07518341962973,1.01314830780029,0.552779718968675,190,99.1000000238419,Diamond,36,"A,B",J,TIC Premium Brand,3600,0.896,0.919,5.00000002556768,460,60,3498,5.6,1.5,46,250,360,38,1.3683010262257695,38.1734185831398,3.64111137390137,7.69608592987061,12.6802444458008,12.6802444458008,31.5583896636963,15.9132680892944,20.5784225463867,15.3310117721558,11.646110425402,5.69352054595947,182T
4G2Y75,2,0.0405082898425446,Wye,AL,AL,1.25233344278122,0.727992951869965,0.317213380041194,190,99.1000000238419,Diamond,36,"A,B",H,TIC Premium Brand,3600,0.902,0.925,7.49999971875556,460,60,3494,8.4,2.1,63,223,325,48,1.2176845260397153,27.6688916826803,2.29753971099854,5.20336484909058,12.6802444458008,12.6802444458008,30.3089656829834,15.5942134857178,20.5784225463867,13.6980447769165,11.646110425402,3.65657520294189,184T
4G2010,2,0.0717081077929677,Delta,AL,AL,1.52200022893732,1.07406771183014,0.80954285234322,230,118.799999952316,Dbl - Closed,24,"A,B",H,TIC Premium Brand,3600,0.904,0.806,10.0000000511354,460,60,3514,12.8,5.5,81,218,310,39,1.2282091917591125,28.6519595396231,3.71198296546936,13.3315277099609,10.9143390655518,10.9143390655518,40.1053924560547,20.5735626220703,26.1267890930176,18.0150947570801,9.73646872336893,9.16511058807373,213T
4G2015,2,0.0956108103906237,Delta,AL,AL,0.920180077886532,0.828057408332825,0.492525871365615,230,118.799999952316,Dbl - Closed,24,"A,B",G,TIC Premium Brand,3600,0.911,0.838,14.9999994375111,460,60,3495,18.4,6.2,116,194,291,47,1.198023878139152,21.4889696547173,2.47696232795715,9.59306049346924,10.9143390655518,10.9143390655518,37.2776870727539,20.3448619842529,26.1267890930176,17.0958309173584,9.73646872336893,6.67666244506836,215T
4G2020,2,0.248060757993673,Delta,AL,AL,0.762297054911557,0.495379954576492,0.225837923149076,265,146.399999976158,Dbl - Closed,36,"A,B",G,TIC Premium Brand,3600,0.923,0.922,20.0000001022707,460,60,3527,22,4.6,145,220,290,29,1.1764705882352942,31.8799969026025,2.14141774177551,7.31886148452759,11.6625537872314,11.6625537872314,49.3765983581543,27.3435096740723,15.590892791748,14.5959911346436,10.7536979087052,5.80419826507568,254T
4G2025,2,0.312372806362403,Delta,AL,AL,0.575045419363391,0.427310466766357,0.159351238573988,265,146.399999976158,Dbl - Closed,36,"A,B",G,TIC Premium Brand,3600,0.93,0.928,24.9999994886465,460,60,3532,27,5,182,213,283,41,1.1836051861145964,25.3959546846708,1.72920835018158,6.10761785507202,11.6625537872314,11.6625537872314,48.5510177612305,27.2730121612549,15.590892791748,14.5216970443726,10.7536979087052,4.79667091369629,256T
3G2030,2,0.48370232214,Delta,AL,AL,0.37989364761519,0.261347979307175,0.199023858814321,310,173,Dbl - Closed,36,"A,B",G,TIC Premium Brand,3600,0.929,0.87,29.9999988750223,460,60,3541,36,10,217,210,230,27,0.9126984126984127,27.3166265348138,1.40052366256714,4.83792161941528,11.7662973403931,11.7662973403931,64.1318054199219,33.4660530090332,15.3300352096558,14.5437612533569,10.3518706372465,3.60918617248535,284T
3G2040,2,0.57327682624,Delta,AL,AL,0.308347562923611,0.204817175865173,0.134364596002911,310,173,Dbl - Closed,36,"A,B",G,TIC Premium Brand,3600,0.935,0.893,40.0000002045414,460,60,3541,45,11,290,240,258,25,1.0382293762575452,18.6964078146203,1.08660101890564,3.66400814056396,11.7662973403931,11.7662973403931,62.1959228515625,33.1558227539063,15.3300352096558,14.3845977783203,10.3518706372465,2.69428253173828,286T
3G2050,2,0.967221981333058,Delta,AL,AL,0.172532708549412,0.130220860242844,0.091858546079908,350,192.799999952316,Dbl - Closed,36,"A,B",G,TIC Premium Brand,3600,0.935,0.869,49.999998977293,460,60,3553,57,15,362,254,279,30,1.1654135338345863,18.5316597617812,0.794732928276062,3.11767292022705,11.478175163269,11.478175163269,78.0963592529297,45.7542724609375,20.6550712585449,18.5853080749512,10.6187230674165,2.23404598236084,324T
3G2060,2,1.10539655009492,Delta,AL,AL,0.141001517367163,0.112391762435436,0.0703291993424296,350,192.799999952316,Dbl - Closed,36,"A,B",G,TIC Premium Brand,3600,0.938,0.865,59.9999977500445,460,60,3553,69,18,435,227,285,32,1.2163892445582585,16.2152022915585,0.669061005115509,2.66196942329407,11.478175163269,11.478175163269,77.0491104125977,45.6470565795898,20.6550712585449,18.4502639770508,10.6187230674165,1.90534603595734,326T
3G2075,2,1.5464473941518,Delta,AL,AL,0.129690565224455,0.0564759410917759,0.0581536709560036,380,216.799999952316,Dbl - Closed,48,"A,B",G,TIC Premium Brand,3600,0.944,0.855,75.000001022707,460,60,3563,87,26,542,170,285,23,0.9595959595959596,24.9925890569276,0.430432468652725,1.63416707515717,13.1455774307251,13.1455774307251,60.4937286376953,25.2810611724854,11.6443157196045,11.1736755371094,9.8298356960709,1.14325296878815,364T
3G2100,2,1.7673684504592,Delta,AL,AL,0.0954313108002781,0.0489960871636868,0.0447219076954074,380,216.799999952316,Dbl - Closed,48,"A,B",G,TIC Premium Brand,3600,0.949,0.87,99.9999979545859,460,60,3560,115,34,725,150,280,37,1.048296518157993,23.9345122867934,0.350612282752991,1.3823926448822,13.1455774307251,13.1455774307251,56.6612701416016,25.2101135253906,11.6443157196045,11.0852584838867,9.8298356960709,0.99266129732132,365T
3G2125,2,3.77957122048,Delta,AL,AL,0.0689154060330146,0.0274973269551992,0.0235258814621507,430,256,Dbl - Closed,48,"A,B",G,TIC Premium Brand,3600,0.953,0.87,125,460,60,3570,142,38,902,150,260,32,0.9523809523809523,23.5477394689058,0.25458550453186,1.09720730781555,11.4516925811768,11.4516925811768,55.9699096679688,24.6955509185791,11.0819873809814,10.8425350189209,9.32990338143512,0.766497552394867,404T
3G2150,2,4.46676598784,Delta,AL,AL,0.0573013998968679,0.0250688102096319,0.0185883507849092,430,256,Dbl - Closed,48,"A,B",G,TIC Premium Brand,3600,0.959,0.89,150.000002045414,460,60,3571,164,38,1085,165,280,31,1.082753286929621,19.4350510496832,0.223713681101799,0.979916572570801,11.4516925811768,11.4516925811768,54.6269149780273,24.6810035705566,11.0819873809814,10.834324836731,9.32990338143512,0.678525686264038,405T
3G2200,2,5.98258783552939,Delta,AL,AL,0.0330924075484441,0.0169016644358635,0.0103522488740582,480,275.400000095367,Dbl - Closed,48,"A,B",G,TIC Premium Brand,3600,0.957,0.885,199.999995909172,460,60,3576,225,62,1950,140,270,33,0.9240246406570842,24.6235190114251,0.163729667663574,0.652396440505981,12.0089712142944,12.0089712142944,60.1806106567383,33.4203605651855,10.5510215759277,10.4263105392456,8.81960320481951,0.500846326351166,444T
2G2250,2,7.13308549620812,Delta,AL,AL,0.0252128855403815,0.0137066068127751,0.00718906171809595,480,275.400000095367,Dbl - Closed,48,"A,B",G,TIC Premium Brand,3600,0.958,0.89,250,460,60,3577,277,74,1825,145,275,33,0.9328358208955223,20.6993506220636,0.129948526620865,0.519360840320587,12.0089712142944,12.0089712142944,59.627197265625,33.2872276306152,10.5510215759277,10.3291463851929,8.81960320481951,0.395003259181976,445T
3G2300,2,8.05348362475111,Delta,AL,AL,0.0215706867737649,0.0123784840106964,0.00578668985608704,480,275.400000095367,Dbl - Closed,48,"A,B",G,TIC Premium Brand,3600,0.961,0.901,300.000004090828,460,60,3575,325,80,2200,170,260,52,0.9325681492109038,18.4176176930803,0.115452028810978,0.460797071456909,12.0089712142944,12.0089712142944,58.5770606994629,33.2610054016113,10.5510215759277,10.3086786270142,8.81960320481951,0.351263880729675,447
3G2350,2,8.97388175329409,Delta,AL,AL,0.0177973309696811,0.0107888327911496,0.00460099949958141,480,275.400000095367,Dbl - Closed,48,"A,B",G,TIC Premium Brand,3600,0.962,0.899,350.000008181656,460,60,3575,378,93,2550,210,255,47,0.91792656587473,16.5662819037111,0.099179819226265,0.397028625011444,12.0089712142944,12.0089712142944,58.1129417419434,33.1872673034668,10.5510215759277,10.2485284805298,8.81960320481951,0.301641047000885,447T
3G2400,2,11.5081620011059,Delta,AL,AL,0.0199255057874411,0.0095129543915391,0.00634209236190217,550,315.599999904633,Dbl - Closed,48,"A,B",G,TIC Premium Brand,3600,0.959,0.914,399.999991818344,460,60,3569,428,76,2900,150,220,71,0.8792965627498002,27.1396204478978,0.0755490884184837,0.386390447616577,12.1068906784058,12.1068906784058,46.1252708435059,22.6881713867188,12.7196989059448,11.7514343261719,10.5802435912545,0.294033497571945,505U
3G2450,2,13.4923278633655,Delta,AL,AL,0.0162884513560816,0.00865318160504103,0.00501103594026838,550,315.599999904633,Dbl - Closed,48,"A,B",G,TIC Premium Brand,3600,0.962,0.92,450.000016363313,460,60,3570,476,81,3220,120,240,52,0.9430255402750491,21.9824373041824,0.0661269575357437,0.340385019779205,11.6955938339233,11.6955938339233,46.2473258972168,22.6035385131836,12.7196989059448,11.6695671081543,10.5802435912545,0.253439843654633,507U
3G2500,2,15.4764937256251,Delta,AL,AL,0.0130627877138433,0.0074956608004868,0.00383657439176798,550,315.599999904633,Dbl - Closed,48,"A,B",G,TIC Premium Brand,3600,0.965,0.924,500,460,60,3570,526,90,3600,135,250,53,0.9338812103100486,19.239477392719,0.0557303428649902,0.292549252510071,11.6955938339233,11.6955938339233,46.7583847045898,22.5028438568115,12.7196989059448,11.5659370422363,10.5802435912545,0.213880896568298,507U
3G2600,2,13.39001685,Delta,AL,AL,0.0126133466271295,0.00597235886380076,0.0034379968146555,550,315,Dbl - Closed,48,,G,TIC Premium Brand,3600,0.962,0.924,600.000008181656,460,60,3567,630,109,4535,130,235,71,0.8407871198568873,22.0641788980586,0.0468960590660572,0.224206775426865,11.6955938339233,11.6955938339233,44.7752685546875,22.0135097503662,11.266565322876,10.2257452011108,9.34954395878222,0.167499676346779,507U
4G4001,4,0.0213483396585401,Wye,AL,AL,9.31904413432398,7.4644136428833,2.05456791742649,160,94.6499999761581,Diamond,36,"A,B,C",K,TIC Premium Brand,1800,0.847,0.793,0.999999989133738,460,60,1743,1.4,0.7,11,325,345,22,1.3289676425269645,11.9684043092524,18.8380260467529,37.1968231201172,13.7188405990601,13.7188405990601,44.9789733886719,19.7144050598145,31.0262050628662,25.7737140655518,6.66294855878327,23.5202007293701,143T
4G4Y15,4,0.0228732210627216,Wye,AL,AL,6.15102098961896,5.00449848175049,1.29811950601371,160,94.6499999761581,Diamond,36,"A,B,C",L,TIC Premium Brand,1800,0.864,0.788,1.49999994375111,460,60,1741,2.1,1.1,17,340,360,27,1.3528748590755355,11.5308497431077,12.4536390304565,24.1486034393311,13.7188405990601,13.7188405990601,40.7427635192871,18.9648895263672,31.0262050628662,22.3757038116455,6.66294855878327,14.818883895874,145T
4G4002,4,0.024398102466903,Wye,AL,AL,4.88729963260918,4.1655158996582,1.02154305559091,160,94.6499999761581,Diamond,36,"A,B,C",L,TIC Premium Brand,1800,0.87,0.801,1.99999997826748,460,60,1735,2.7,1.9,23,320,340,41,1.3671089666264575,10.4723537705959,10.0743589401245,19.4339981079102,13.7188405990601,13.7188405990601,37.0730743408203,18.6745452880859,31.0262050628662,20.9921283721924,6.66294855878327,11.9111948013306,145T
4G4003,4,0.0707990013937409,Wye,AL,AL,3.08323904134032,1.92757928371429,0.584232552645708,190,119.9500015378,Diamond,36,"A,B,C",K,TIC Premium Brand,1800,0.894,0.836,2.99999988750223,460,60,1755,3.7,1.5,32,272,360,32,1.5550755939524838,12.0113018157372,5.59505081176758,14.8025255203247,11.6013660430908,11.6013660430908,34.4114799499512,15.5636196136475,33.7297401428223,21.6404323577881,7.23802380440603,8.58908462524414,182T
4G4005,4,0.0865321128145722,Wye,AL,AL,2.02232703433658,1.39234447479248,0.353228766742891,190,119.9500015378,Diamond,36,"A,B,C",J,TIC Premium Brand,1800,0.884,0.855,5.00000002556768,460,60,1746,6.1,2.1,46,265,290,55,1.427868045297883,9.53874728878117,3.76790022850037,10.2306203842163,11.6013660430908,11.6013660430908,29.5031490325928,15.1969947814941,33.7297401428223,19.7814235687256,7.23802380440603,5.85601806640625,184T
4G4Y75,4,0.170432568207921,Delta,AL,AL,2.54163600218812,2.02513837814331,0.729538259768874,230,142.100000023842,Dbl - Closed,48,"A,B,C",H,TIC Premium Brand,1800,0.916,0.83,7.49999971875556,460,60,1764,9.3,3.6,63,280,330,40,1.3268998793727382,14.0655074103604,6.46041488647461,17.7587490081787,15.2172355651855,15.2172355651855,56.8412208557129,25.657096862793,21.5398426055908,16.0607566833496,7.05493016577206,11.023946762085,213T
4G4010,4,0.232408047556256,Delta,AL,AL,1.83653940760219,1.712855219841,0.463755055196394,230,142.100000023842,Dbl - Closed,48,"A,B,C",H,TIC Premium Brand,1800,0.913,0.862,10.0000000511354,460,60,1751,11.9,4,81,275,325,44,1.4136581122227054,10.329719561534,4.99774360656738,14.7667932510376,15.2172355651855,15.2172355651855,55.1349296569824,25.755823135376,21.5398426055908,16.3112602233887,7.05493016577206,9.14192581176758,215T
3G4015,4,0.48000235759368,Delta,AL,AL,1.02464058035347,0.580780625343323,0.176782703464618,265,170.3499969244,Dbl - Closed,48,"A,B,C",G,TIC Premium Brand,1800,0.93,0.815,14.9999994375111,460,60,1780,18.5,7.2,116,240,285,28,1.449643947100712,12.8370788155691,2.90952634811401,11.8791065216064,12.8362894058228,12.8362894058228,69.9339828491211,31.0908660888672,21.7808780670166,17.3179874420166,7.03900318721123,7.17056655883789,254T
3G4020,4,0.608002986285328,Delta,AL,AL,0.754731239704682,0.482923299074173,0.118868689809609,265,170.3499969244,Dbl - Closed,48,"A,B,C",G,TIC Premium Brand,1800,0.935,0.847,20.0000001022707,460,60,1775,13.6,7.8,145,235,280,37,1.4814814814814814,10.0989761319159,2.29390001296997,9.37170505523682,12.8362894058228,12.8362894058228,67.5836563110352,31.0770511627197,21.7808780670166,17.2848529815674,7.03900318721123,5.89293003082275,256T
3G4025,4,0.748910828594179,Delta,AL,AL,0.51016536837934,0.401565879583359,0.125890156704465,310,193.700000047684,Dbl - Closed,48,"A,B",G,TIC Premium Brand,1800,0.935,0.809,24.9999994886465,460,60,1774,31,12,182,215,240,22,1.3296398891966759,15.3304963799967,1.91852927207947,7.90466737747192,13.9970588684082,13.9970588684082,71.2701263427734,36.623161315918,22.7296543121338,18.5550155639648,7.08655918460563,5.35116672515869,284T
3G4030,4,0.962885351049659,Delta,AL,AL,0.374403632836613,0.329107403755188,0.0824994450965771,310,193.700000047684,Dbl - Closed,48,"A,B",G,TIC Premium Brand,1800,0.939,0.813,29.9999988750223,460,60,1777,37,13,217,210,235,27,1.2730227518959913,11.9487429521136,1.50796747207642,6.54525327682495,13.9970588684082,13.9970588684082,72.1667327880859,36.6156044006348,22.7296543121338,18.536714553833,7.08655918460563,4.33826351165771,286T
3G4040,4,1.56191259469716,Delta,AL,AL,0.241688837637855,0.20299044251442,0.0415087305819607,350,218.600000023842,Dbl - Closed,48,"A,B",G,TIC Premium Brand,1800,0.946,0.828,40.0000002045414,460,60,1780,48,16,290,190,250,25,1.2600806451612903,11.4011355511255,1.02660775184631,4.58288288116455,14.4394159317017,14.4394159317017,77.7039108276367,43.5073432922363,24.6416683197021,19.2612247467041,7.56529994784848,3.00463843345642,324T
3G4050,4,1.77884489951621,Delta,AL,AL,0.169021766351484,0.168660342693329,0.0306892500496923,350,218.600000023842,Dbl - Closed,48,"A,B",G,TIC Premium Brand,1800,0.951,0.828,49.999998977293,460,60,1780,59,19,356,180,240,28,1.2396694214876034,10.0526391633559,0.817394435405731,3.79800009727478,14.4394159317017,14.4394159317017,75.9654006958008,43.3003349304199,24.6416683197021,18.6727352142334,7.56529994784848,2.4805223941803,326T
3G4060,4,2.4466994016481,Delta,AL,AL,0.13818792470129,0.117043480277061,0.0445037512985809,380,238.200000047684,Dbl - Closed,48,"A,B",G,TIC Premium Brand,1800,0.953,0.81,59.9999977500445,460,60,1780,73,26,435,180,230,24,1.1622031328954017,11.0338186316959,0.649021685123444,3.03092694282532,13.7677316665649,13.7677316665649,56.6591491699219,26.0032806396484,21.7522525787354,16.7362537384033,6.56360251278929,1.90538132190704,364T
3G4075,4,2.69136934181291,Delta,AL,AL,0.12102904697063,0.107999056577682,0.0375724567503973,380,238.200000047684,Dbl - Closed,48,"A,B",F,TIC Premium Brand,1800,0.953,0.828,75.000001022707,460,60,1777,89,29,520,168,244,39,1.3738738738738738,10.069774343748,0.58889627456665,2.73823666572571,13.7677316665649,13.7677316665649,53.5983772277832,25.9910793304443,21.7522525787354,16.7004241943359,6.56360251278929,1.74898886680603,365T
3G4100,4,4.99327466175866,Delta,AL,AL,0.101012010731166,0.0802488178014755,0.0124579273467383,430,278,Dbl - Closed,60,"A,B,C",G,TIC Premium Brand,1800,0.953,0.871,99.9999979545859,460,60,1782,112,26,725,253,232,42,1.1468116658428076,13.4357519453498,0.451826065778732,1.83371138572693,14.9774236679077,14.9774236679077,62.4614181518555,29.7136936187744,18.7509784698486,15.2698574066162,7.53756378978228,1.14216840267181,404T
3G4125,4,6.24159332719832,Delta,AL,AL,0.0737847759508052,0.0628215819597244,0.00797307373952865,430,278,Dbl - Closed,60,"A,B,C",G,TIC Premium Brand,1800,0.955,0.878,125,460,60,1781,1393,34,902,240,245,44,1.185866408518877,11.0173165951868,0.346634864807129,1.45813000202179,14.9774236679077,14.9774236679077,62.5313453674316,29.5712718963623,18.7509784698486,14.8694477081299,7.53756378978228,0.877865135669708,405T
3G41250,4,8.67748355855808,Delta,AL,AL,0.0675485171904047,0.037996731698513,0.0111768620013504,480,317.400000095367,Dbl - Closed,72,"A,B",G,TIC Premium Brand,1800,0.958,0.881,150.000002045414,460,60,1786,166,42,1085,171,234,33,1.0344827586206897,20.7796428705869,0.250875353813171,1.10680198669434,15.0791482925415,15.0791482925415,52.0287322998047,22.0440769195557,13.3927612304688,11.9659566879272,7.17366239962769,0.778440058231354,444T
3G4200,4,10.0273143343338,Delta,AL,AL,0.0491888552824375,0.0298716444522142,0.00776170972315998,480,317.400000095367,Dbl - Closed,72,"A,B",G,TIC Premium Brand,1800,0.962,0.884,199.999995909172,460,60,1785,221,56,1533,177,251,37,1.1398728428701181,18.2300744827781,0.19228857755661,0.852433979511261,15.0791482925415,15.0791482925415,50.2140808105469,21.7922077178955,13.3927612304688,11.687819480896,7.17366239962769,0.598234176635742,445T
3G4250,4,13.498307757757,Delta,AL,AL,0.0318107857580162,0.0248532090336084,0.00496749422282238,480,317.400000095367,Dbl - Closed,72,"A,B",G,TIC Premium Brand,1800,0.964,0.898,250,460,60,1783,271,59,1825,203.1,225,55,1.0273972602739727,12.732744568872,0.149379506707191,0.69613391160965,15.1214141845703,15.1214141845703,50.2449035644531,21.7745895385742,13.3927612304688,11.6667013168335,7.17366239962769,0.476560443639755,447T
3G4300,4,13.498307757757,Delta,AL,AL,0.0281093159864407,0.0218436401337385,0.00436596171927749,480,317.400000095367,Dbl - Closed,72,"A,B",G,TIC Premium Brand,1800,0.962,0.887,300,460,60,1782,328,76,2180,198.6,220,57,1.0372465818010372,12.732744568872,0.131441205739975,0.599581182003021,15.0791482925415,15.0791482925415,48.310863494873,21.5376453399658,13.3927612304688,11.090784072876,7.17366239962769,0.411636263132095,447T
3G4350,4,20.9279820249126,Delta,AL,AL,0.0203687290066845,0.0138708744198084,0.00588130286612886,550,362.200000047684,Dbl - Closed,72,"A,B",G,TIC Premium Brand,1800,0.965,0.88,350.000008181656,460,60,1785,383,89,2550,160,205,62,1.0083620265617315,17.0256758798907,0.101790487766266,0.539166986942291,15.3922443389893,15.3922443389893,54.4336700439453,23.2731018066406,14.596851348877,12.1195802688599,7.72014430172045,0.36656391620636,505U
3G4400,4,24.1979792163052,Delta,AL,AL,0.0157869474045863,0.0116466814652085,0.00432095720776814,550,362.200000047684,Dbl - Closed,72,"A,B",G,TIC Premium Brand,1800,0.965,0.878,399.999991818344,460,60,1785,435,117,2900,180,210,65,0.9845288326300984,14.7597195283597,0.0835354626178741,0.45091050863266,15.3922443389893,15.3922443389893,55.0058288574219,23.0899219512939,14.596851348877,11.7244720458984,7.72014430172045,0.298582524061203,507U
3G4450,4,26.1599775311407,Delta,AL,AL,0.0139284968596195,0.0105204312130809,0.00363080432041629,550,362.200000047684,Dbl - Closed,72,"A,B",G,TIC Premium Brand,1800,0.971,0.877,450.000016363313,460,60,1785,495,126,3250,225,230,55,1.0849056603773586,13.6205407039126,0.0748533234000206,0.402968168258667,15.3922443389893,15.3922443389893,54.4020690917969,22.9794235229492,14.596851348877,11.483925819397,7.72014430172045,0.26507043838501,507U
3G4500,4,26.1599775311407,Delta,AL,AL,0.0141146614592013,0.0114990761503577,0.00363080432041629,550,362.200000047684,Dbl - Closed,72,"A,B",F,TIC Premium Brand,1800,0.964,0.862,500,460,60,1782,563,150,3388,183,226,65,1.151299032093734,12.686744769129,0.0803691670298576,0.391032844781876,15.3922443389893,15.3922443389893,52.2042465209961,22.9500179290771,14.596851348877,11.419620513916,7.72014430172045,0.261024743318558,509U
4G6001,6,0.0231139914884809,Wye,AL,AL,8.74507181518639,8.23336410522461,1.21045419845561,160,94.6499999761581,Diamond,36,"A,B,C",L,TIC Premium Brand,1200,0.828,0.63,0.999999989133738,460,60,1157,1.8,1.3,12,285,320,68,1.3553578991952562,5.48954028297364,18.1888904571533,37.8024368286133,13.7188405990601,13.7188405990601,44.0488929748535,20.6882209777832,22.1321754455566,20.1868076324463,4.53192740770853,23.6711769104004,145T
4G6003,6,0.185920129959749,Wye,AL,AL,2.18572226937543,2.42113375663757,0.196797357570195,230,147.199999988079,Oval,54,"A,B,C",K,TIC Premium Brand,1200,0.901,0.769,2.99999988750223,460,60,1167,4.1,2.1,32,260,360,19,1.4156508061344868,6.87938389558306,4.80365324020386,13.69677734375,15.8304748535156,15.8304748535156,54.473934173584,16.8913841247559,22.3567504882813,18.6896133422852,4.95186156358471,7.40322256088257,213T
4G6005,6,0.253527449945113,Wye,AL,AL,1.37862272991351,1.66465258598328,0.104091164334649,230,147.199999988079,Oval,54,"A,B,C",J,TIC Premium Brand,1200,0.901,0.801,5.00000002556768,460,60,1162,6.6,3,46,273,350,29,1.5099223468507332,5.04488152342758,3.1473665237426802,9.13860702514648,15.8304748535156,15.8304748535156,47.6551208496094,16.5483818054199,22.3567504882813,17.8033008575439,4.95186156358471,5.06082630157471,215T
4G6Y75,6,0.497263234876091,Delta,AL,AL,2.0702105052039,1.97030520439148,0.20687320036349,265,174.199999988079,Dbl - Closed,54,"A,B,C",H,TIC Premium Brand,1200,0.919,0.78,7.49999971875556,460,60,1179,9.8,4.5,63,230,320,25,1.3507809202195018,7.10670266778493,5.46436786651611,18.806791305542,16.2862148284912,16.2862148284912,53.8388557434082,22.8056564331055,28.1186256408691,20.1067638397217,6.06818059651195,10.7417049407959,254T
4G6010,6,0.596715881851309,Delta,AL,AL,1.38968066107594,1.52856683731079,0.13656863617746,265,174.199999988079,Dbl - Closed,54,"A,B,C",H,TIC Premium Brand,1200,0.928,0.781,10.0000000511354,460,60,1178,12.9,5.9,81,227,315,26,1.3415672913117547,5.73946666071108,3.99895095825195,14.5566902160645,16.2862148284912,16.2862148284912,51.6879234313965,22.5208225250244,28.1186256408691,19.1506080627441,6.06818059651195,8.17041683197021,256T
3G6015,6,0.889544786113612,Delta,AL,AL,1.29093309261542,0.867127060890198,0.17884410249912,310,208.799999952316,Dbl - Closed,72,"A,B,C",G,TIC Premium Brand,1200,0.927,0.783,14.9999994375111,460,60,1180,19.3,8.1,116,280,240,24,1.2307692307692308,10.3039551424398,3.64891052246094,11.1946315765381,19.8304634094238,19.8304634094238,81.5186080932617,31.4530811309814,17.2907466888428,15.8038005828857,5.44240281702378,6.52941846847534,284T
3G6020,6,1.16325087414857,Delta,AL,AL,0.886272700310895,0.682745516300201,0.111018010366763,310,208.799999952316,Dbl - Closed,72,"A,B,C",G,TIC Premium Brand,1200,0.929,0.794,20.0000001022707,460,60,1178,25.3,10.2,145,250,255,19,1.3385826771653544,7.37439926860886,2.71306419372559,8.81560897827148,19.8304634094238,19.8304634094238,79.8305587768555,31.3270740509033,17.2907466888428,15.7250337600708,5.44240281702378,5.09698915481567,286T
3G6025,6,1.81152304747528,Delta,AL,AL,0.723375483966789,0.504475951194763,0.0897572973950437,350,238.700000047684,Dbl - Closed,72,"A,B,C",G,TIC Premium Brand,1200,0.935,0.816,24.9999994886465,460,60,1182,30,12,182,265,270,27,1.3796627491057742,9.69458145122022,2.19049906730652,6.96748542785645,17.5924091339111,17.5924091339111,80.1263580322266,31.280481338501,17.7327175140381,15.7308521270752,5.65136596670031,3.96504807472229,324T
3G6030,6,2.33744909351649,Delta,AL,AL,0.540294173775819,0.418099343776703,0.0592538408584468,350,238.700000047684,Dbl - Closed,72,"A,B,C",G,TIC Premium Brand,1200,0.938,0.812,29.9999988750223,460,60,1182,37,13,217,265,270,30,1.3839056893900563,7.85676579611033,1.74108099937439,5.90784931182861,17.5924091339111,17.5924091339111,81.2835311889648,31.3821086883545,17.7327175140381,15.8014755249023,5.65136596670031,3.30751585960388,326T
3G6040,6,3.29023098146696,Delta,AL,AL,0.309199557067209,0.358620166778564,0.0274367351675348,380,258.399999976158,Dbl - Closed,72,"A,B,C",G,TIC Premium Brand,1200,0.944,0.816,40.0000002045414,460,60,1181,48,17,290,235,240,37,1.36518771331058,9.55000720518809,1.30450999736786,5.00048160552979,17.3910541534424,17.3910541534424,79.3035278320313,40.413745880127,16.4156742095947,15.5337924957275,5.11705738772969,3.26292991638184,364T
3G6050,6,3.69147866213366,Delta,AL,AL,0.216080932263433,0.274542897939682,0.019053288310788,380,258.399999976158,Dbl - Closed,72,"A,B,C",G,TIC Premium Brand,1200,0.946,0.802,49.999998977293,460,60,1181,61,24,362,230,235,42,1.2702702702702702,7.69063318602389,0.976093173027039,3.79447531700134,17.3910541534424,17.3910541534424,78.2538681030273,39.7748641967773,16.4156742095947,15.1917591094971,5.11705738772969,2.45686054229736,365T
3G6060,6,6.10240190156955,Delta,AL,AL,0.152474691511607,0.132170021533966,0.0281380637295097,430,293,Dbl - Closed,72,"A,B",F,TIC Premium Brand,1200,0.949,0.801,59.9999977500445,460,60,1187,73,25,392,165,213,31,1.2047511312217194,8.62396245617242,0.738701701164246,3.37423706054688,15.8170175552368,15.8170175552368,65.329345703125,29.3302364349365,16.0607528686523,15.0539588928223,4.78468325272447,2.12436985969543,404T
3G6075,6,7.16368918879904,Delta,AL,AL,0.115357926865489,0.106117390096188,0.0195403220343818,430,293,Dbl - Closed,72,"A,B",F,TIC Premium Brand,1200,0.957,0.811,75.000001022707,460,60,1187,90,30,515,167,215,35,1.2004466778336125,7.37814071927787,0.582979798316956,2.7150182723999,15.8170175552368,15.8170175552368,64.2360305786133,29.0631809234619,16.0607528686523,14.8991947174072,4.78468325272447,1.69133877754211,405T
3G6100,6,10.8068003055256,Delta,AL,AL,0.0928252674414324,0.0619903802871704,0.0196821942576379,480,338,Dbl - Closed,72,"A,B",F,TIC Premium Brand,1200,0.955,0.811,99.9999979545859,460,60,1189,121,41,700,170,240,26,1.2958963282937366,10.2666219716338,0.415132433176041,1.97304487228394,14.7590551376343,14.7590551376343,60.1886100769043,25.511381149292,18.1543216705322,15.3568172454834,5.45257189174631,1.20090317726135,444T
3G6125,6,11.7465220712234,Delta,AL,AL,0.0709205823108486,0.0505700893700123,0.0149235560802595,480,338,Dbl - Closed,72,"A,B",G,TIC Premium Brand,1200,0.953,0.803,125,460,60,1189,153,53,890,174,230,37,1.2419006479481642,9.1705200767714,0.332717478275299,1.56932950019836,14.7590551376343,14.7590551376343,58.2724914550781,25.1189365386963,18.1543216705322,14.4381465911865,5.45257189174631,0.949455499649048,445T
3G6150,6,13.1561047197702,Delta,AL,AL,0.0612939940302614,0.0454558208584785,0.0120880804250102,480,338,Dbl - Closed,72,"A,B",G,TIC Premium Brand,1200,0.957,0.82,150.000002045414,460,60,1187,180,58,1085,198,220,43,1.2571428571428571,8.21863088742221,0.295288532972336,1.39054989814758,14.7590551376343,14.7590551376343,56.4978675842285,25.0837001800537,18.1543216705322,14.3547115325928,5.45257189174631,0.847431719303131,445T
3G6200,6,17.4634334665923,Delta,AL,AL,0.0463899614425372,0.0463709235191345,0.00593549548491532,550,362.799999952316,Dbl - Closed,72,"A,B,C",G,TIC Premium Brand,1200,0.96,0.835,199.999995909172,460,60,1186,233,82,1450,218.4,270,33,1.2334399269072636,9.32262608125504,0.175248235464096,0.833486378192902,17.8791732788086,17.8791732788086,50.4127464294434,25.0407943725586,17.7457122802734,13.1572780609131,5.39205408859694,0.533158481121063,505U
3G6250,6,19.9582096761055,Delta,AL,AL,0.035899509561227,0.038422591984272,0.00435944996569041,550,362.799999952316,Dbl - Closed,72,"A,B",G,TIC Premium Brand,1200,0.959,0.851,250,460,60,1186,287,94,1825,200,260,51,1.2149532710280373,8.18413103761493,0.142927259206772,0.682397723197937,17.8791732788086,17.8791732788086,49.2423934936523,24.9693298339844,17.7457122802734,12.7593765258789,5.39205408859694,0.43651482462883,505U
3G6300,6,22.4529858856187,Delta,AL,AL,0.0296141706920094,0.0327648371458054,0.00333770387998172,550,362.799999952316,Dbl - Closed,72,"A,B",G,TIC Premium Brand,1200,0.959,0.848,300.000004090828,460,60,1184,344,110,2200,230,240,60,1.1363636363636365,7.29863489256151,0.120502188801765,0.580167055130005,17.8791732788086,17.8791732788086,48.349178314209,24.8559608459473,17.7457122802734,12.4520988464355,5.39205408859694,0.368206530809402,507U
4G6X75,6,0.0202247425524208,Wye,AL,AL,12.4512240215793,10.5627202987671,1.74305404577608,160,94.6499999761581,Diamond,36,"A,B",M,TIC Premium Brand,1200,0.813,0.611,0.749999971875556,460,60,1161,1.4,1.1,9.5,365,375,28,1.5829463908822288,6.24158719353487,24.7569980621338,49.2929306030273,13.7188405990601,13.7188405990601,46.3432197570801,21.0545635223389,22.1321754455566,20.6372089385986,4.53192740770853,30.5971450805664,143T
4G6Y15,6,0.0670727372273225,Wye,AL,AL,6.03035502397515,3.45764303207397,0.604743699394574,190,119.9500015378,Diamond,36,"A,B,C",L,TIC Premium Brand,1200,0.867,0.656,1.49999994375111,460,60,1175,2.4,1.7,18,285,380,31,1.5761094981335546,7.63255936477021,10.0927419662476,25.2016372680664,11.6013660430908,11.6013660430908,42.3815040588379,16.3541946411133,33.7297401428223,26.168384552002,4.92307544736989,14.2915725708008,182T
4G6002,6,0.0819777899445053,Wye,AL,AL,4.76759393888429,2.9042022228241,0.424938564168728,190,119.9500015378,Diamond,36,"A,B,C",L,TIC Premium Brand,1200,0.882,0.646,1.99999997826748,460,60,1173,3.3,2.2,24,290,385,25,1.7373646209386282,6.06137919636438,8.09673500061035,20.8890514373779,11.6013660430908,11.6013660430908,39.7719459533691,16.2896537780762,33.7297401428223,25.8592166900635,4.92307544736989,11.9143400192261,184T
3G2350C,2,8.97388175329409,Delta,AL,AL,0.0280438521748879,0.0168575514107943,0.00718906171809595,480,275.400000095367,Dbl - Closed,48,"A,B",G,TIC Premium Brand,3600,0.962,0.899,350.000008181656,575,60,3575,302,74,2040,210,255,47,0.9182571119913576,16.5662819037111,0.155203983187675,0.620349287986755,12.0089712142944,12.0089712142944,58.1115798950195,33.1875991821289,10.5510215759277,10.2488079071045,8.81960320481951,0.471319049596787,447T
3G2400C,2,11.5081620011059,Delta,AL,AL,0.0295719808115197,0.0142107103019953,0.00947398982456991,550,315.599999904633,Dbl - Closed,48,"A,B",G,TIC Premium Brand,3600,0.96,0.914,399.999991818344,575,60,3570,342,59,2320,150,220,71,0.8451786400307337,27.1396204478978,0.112663999199867,0.579198837280273,12.1068906784058,12.1068906784058,46.5716857910156,22.6165561676025,12.7196989059448,11.6824569702148,10.5802435912545,0.438193380832672,505U
3G2450C,2,13.4923278633655,Delta,AL,AL,0.0257900479804625,0.0135205956175923,0.00782974365666935,550,315.599999904633,Dbl - Closed,48,"A,B",G,TIC Premium Brand,3600,0.962,0.92,450.000016363313,575,60,3570,380,64,2600,120,240,52,0.9437672040896579,21.9824373041824,0.103662706911564,0.531835794448853,11.6955938339233,11.6955938339233,46.2442169189453,22.604190826416,12.7196989059448,11.6702146530151,10.5802435912545,0.396009117364883,507U
3G2500C,2,15.4764937256251,Delta,AL,AL,0.0217347224146301,0.0123907867819071,0.00634209236190217,550,315.599999904633,Dbl - Closed,48,"A,B",G,TIC Premium Brand,3600,0.965,0.924,500,575,60,3568,421,72,2900,135,250,75,0.9827044025157232,19.239477392719,0.0922667980194092,0.481079876422882,11.6955938339233,11.6955938339233,46.1935729980469,22.5906257629395,12.7196989059448,11.6566677093506,10.5802435912545,0.35476154088974,507U
3G600C,2,15.359136975,Delta,AL,AL,0.0221930572935179,0.0111699998378754,0.00568321922422644,550,315,Dbl - Closed,48,,G,TIC Premium Brand,3600,0.962,0.924,600.000008181656,575,60,3563,505,80,3380,125,225,75,0.9209987720016373,19.2354380136921,0.0855646133422852,0.412155658006668,11.6955938339233,11.6955938339233,44.1694793701172,22.3592071533203,11.266565322876,10.5660629272461,9.34954395878222,0.309673488140106,507U
3G2125C,2,3.77957122048,Delta,AL,AL,0.103954411393087,0.0410762540996075,0.035143600702719,430,256,Dbl - Closed,48,"A,B",G,TIC Premium Brand,3600,0.953,0.87,125,575,60,3572,112.9,30.4,726,150,260,32,0.9177550300035298,23.5477394689058,0.381313443183899,1.64429724216461,11.4516925811768,11.4516925811768,56.5197525024414,24.6200904846191,11.0819873809814,10.7991609573364,9.32990338143512,1.14278209209442,404T
3G2150C,2,4.46676598784,Delta,AL,AL,0.090522054897934,0.0391700156033039,0.0290442981014207,430,256,Dbl - Closed,48,"A,B",G,TIC Premium Brand,3600,0.959,0.89,150.000002045414,575,60,3571,131.6,30.4,868,165,280,31,1.0831721470019342,19.4350510496832,0.350541234016418,1.5310640335083,11.4516925811768,11.4516925811768,54.6229553222656,24.6819477081299,11.0819873809814,10.8348608016968,9.32990338143512,1.06022346019745,405T
3G2200C,2,5.98258783552939,Delta,AL,AL,0.0517712884234934,0.026408851146698,0.0161753888657159,480,275.400000095367,Dbl - Closed,48,"A,B",G,TIC Premium Brand,3600,0.957,0.885,199.999995909172,575,60,3576,177.9,50,1160,140,270,33,0.9240246406570842,24.6235190114251,0.255892008543015,1.01936745643616,12.0089712142944,12.0089712142944,60.1803855895996,33.4204216003418,10.5510215759277,10.4263515472412,8.81960320481951,0.782573521137238,444T
3G2250C,2,7.13308549620812,Delta,AL,AL,0.0252128855403815,0.0137066068127751,0.00718906171809595,480,275.400000095367,Dbl - Closed,48,"A,B",E,TIC Premium Brand,3600,0.958,0.891,250,460,60,3578,223.5,57,1460,140,270,33,0.9158751696065128,20.6993506220636,0.129948526620865,0.519360840320587,12.0089712142944,12.0089712142944,59.627197265625,33.2872276306152,10.5510215759277,10.3291463851929,8.81960320481951,0.395003259181976,445T
3G2300C,2,8.05348362475111,Delta,AL,AL,0.0383473038131556,0.0184913147240877,0.00864431447637694,480,275.400000095367,Dbl - Closed,48,"A,B",G,TIC Premium Brand,3600,0.961,0.901,300.000004090828,575,60,3576,260,64,1760,170,260,34,0.9043478260869565,18.4176176930803,0.178589791059494,0.690087556838989,12.0089712142944,12.0089712142944,58.8504333496094,33.2175254821777,10.5510215759277,10.2736854553223,8.81960320481951,0.524043321609497,447
4G2010C,2,0.0717081077929677,Delta,AL,AL,2.41540576702532,1.70518982410431,1.2852302323801,230,118.799999952316,Dbl - Closed,24,"A,B",H,TIC Premium Brand,3600,0.904,0.806,10.0000000511354,575,60,3513,10.3,4.4,64.8,218,310,39,1.244480128462465,28.6519595396231,5.89222240447998,21.202033996582,10.9143390655518,10.9143390655518,39.9251556396484,20.6045665740967,26.1267890930176,18.134880065918,9.73646872336893,14.5840358734131,213T
4G2015C,2,0.0956108103906237,Delta,AL,AL,1.41566165828697,1.25433552265167,0.746074692719511,230,118.799999952316,Dbl - Closed,24,"A,B",G,TIC Premium Brand,3600,0.911,0.838,14.9999994375111,575,60,3498,14.7,5,92.8,194,291,47,1.1710261569416498,21.4889696547173,3.77386450767517,14.519416809082,10.9143390655518,10.9143390655518,37.5665588378906,20.2922286987305,26.1267890930176,16.8823890686035,9.73646872336893,10.0678977966309,215T
4G2020C,2,0.248060757993673,Delta,AL,AL,1.18803378135252,0.761696219444275,0.347248390634019,265,146.399999976158,Dbl - Closed,36,"A,B",G,TIC Premium Brand,3600,0.923,0.922,20.0000001022707,575,60,3528,17.6,3.7,116,220,290,29,1.1604641856742697,31.8799969026025,3.30856966972351,11.2679843902588,11.6625537872314,11.6625537872314,49.5376281738281,27.3187160491943,15.590892791748,14.5702362060547,10.7536979087052,8.9181547164917,254T
4G2025C,2,0.312372806362403,Delta,AL,AL,0.899607578763857,0.655015587806702,0.244266297678041,265,146.399999976158,Dbl - Closed,36,"A,B",G,TIC Premium Brand,3600,0.93,0.928,24.9999994886465,575,60,3533,21.7,4,146,213,283,41,1.1646090534979423,25.3959546846708,2.66880059242249,9.37706089019775,11.6625537872314,11.6625537872314,48.7336349487305,27.2442016601563,15.590892791748,14.4903697967529,10.7536979087052,7.34595632553101,256T
3G2030C,2,0.48370232214,Delta,AL,AL,0.595391895451026,0.408356189727783,0.310974779397377,310,173,Dbl - Closed,36,"A,B",G,TIC Premium Brand,3600,0.965,0.87,29.9999988750223,575,60,3541,27.8,8,174,210,230,27,0.9126984126984127,27.3166265348138,2.1901261806488,7.55915498733521,11.7662973403931,11.7662973403931,64.130126953125,33.4664764404297,15.3300352096558,14.5441026687622,10.3518706372465,5.63941144943237,284T
3G2040C,2,0.57327682624,Delta,AL,AL,0.486748648393363,0.320026844739914,0.209944681254548,310,173,Dbl - Closed,36,"A,B",G,TIC Premium Brand,3600,0.935,0.893,40.0000002045414,575,60,3541,35.9,9.2,232,240,258,25,1.0390656463954893,18.6964078146203,1.70276963710785,5.7247428894043,11.7662973403931,11.7662973403931,62.1903076171875,33.1572685241699,15.3300352096558,14.3859624862671,10.3518706372465,4.20999574661255,286T
3G2050C,2,0.967221981333058,Delta,AL,AL,0.271300359483587,0.203470095992088,0.143528978249856,350,192.799999952316,Dbl - Closed,36,"A,B",G,TIC Premium Brand,3600,0.935,0.869,49.999998977293,575,60,3553,46.1,12.4,290,254,279,30,1.1659005432511491,18.5316597617812,1.24348819255829,4.87127590179443,11.478175163269,11.478175163269,78.0937423706055,45.7549629211426,20.6550712585449,18.5861511230469,10.6187230674165,3.49076318740845,324T
3G2060C,2,1.10539655009492,Delta,AL,AL,0.223076877167737,0.17561212182045,0.109889373972546,350,192.799999952316,Dbl - Closed,36,"A,B",G,TIC Premium Brand,3600,0.938,0.865,59.9999977500445,575,60,3553,55.4,14.4,348,227,285,32,1.2174284493806067,16.2152022915585,1.0481698513031,4.15916728973389,11.478175163269,11.478175163269,77.0436630249023,45.6483154296875,20.6550712585449,18.4518909454346,10.6187230674165,2.97721242904663,326T
3G2075C,2,1.5464473941518,Delta,AL,AL,0.200198856345047,0.088243655860424,0.0908651108687556,380,216.799999952316,Dbl - Closed,48,"A,B",G,TIC Premium Brand,3600,0.944,0.855,75.000001022707,575,60,3563,69.6,20.8,434,170,285,23,0.958627648839556,24.9925890569276,0.670108079910278,2.55351233482361,13.1455774307251,13.1455774307251,60.4996719360352,25.2793273925781,11.6443157196045,11.1726598739624,9.8298356960709,1.7862560749054,364T
3G2100C,2,1.7673684504592,Delta,AL,AL,0.149840644552046,0.076556384563446,0.0698779807740741,380,216.799999952316,Dbl - Closed,48,"A,B",G,TIC Premium Brand,3600,0.949,0.87,99.9999979545859,575,60,3560,91.8,27.6,580,150,280,37,1.048689138576779,23.9345122867934,0.548560917377472,2.15994930267334,13.1455774307251,13.1455774307251,56.6591796875,25.2106742858887,11.6443157196045,11.0856065750122,9.8298356960709,1.55105578899384,365T
4G2Y15C,2,0.00873760038434474,Wye,AL,AL,8.77010216203468,5.0949330329895,3.21002890509089,160,81.3000000119209,Diamond,24,"A,B",L,TIC Premium Brand,3600,0.838,0.838,1.49999994375111,575,60,3494,1.6,0.8,14.4,350,380,34,1.0998552821997105,34.232210174851,17.0750637054443,28.5985374450684,10.237286567688,10.237286567688,27.2641849517822,10.4338970184326,26.4915428161621,18.6009063720703,10.6726513947107,19.4380741119385,143T
4G2002C,2,0.0131064005765171,Wye,AL,AL,5.88277235104676,3.99407291412354,1.8541126955805,160,81.3000000119209,Diamond,24,"A,B",L,TIC Premium Brand,3600,0.869,0.882,1.99999997826748,575,60,3509,2,0.8,20,340,370,29,1.0696733159872795,22.8214734499007,11.7309579849243,22.8767013549805,10.237286567688,10.237286567688,27.738130569458,10.3055105209351,26.4915428161621,17.8372974395752,10.6726513947107,14.2191944122314,145T
4G2003C,2,0.0131064005765171,Wye,AL,AL,4.39341766080049,3.19747114181519,1.48431736571403,160,81.3000000119209,Diamond,24,"A,B",K,TIC Premium Brand,3600,0.869,0.882,2.99999988750223,575,60,3470,2.9,1.2,25.6,310,340,56,1.1269472986410343,22.8214734499007,9.07520580291748,17.5125007629395,10.237286567688,10.237286567688,23.023588180542,10.029372215271,26.4915428161621,16.1566104888916,10.6726513947107,10.9448127746582,145
4G2005C,2,0.030863458927653,Wye,AL,AL,3.24140441712769,1.56391394138336,0.853280723219782,190,99.1000000238419,Diamond,36,"A,B",J,TIC Premium Brand,3600,0.896,0.919,5.00000002556768,575,60,3499,4.5,1.2,36.8,250,360,38,1.3559322033898304,38.1734185831398,5.65859889984131,11.8896341323853,12.6802444458008,12.6802444458008,31.679349899292,15.9005966186523,20.5784225463867,15.2818803787231,11.646110425402,8.77994537353516,182T
4G2Y75C,2,0.0405082898425446,Wye,AL,AL,1.9558654671903,1.1193619966507,0.48774729315134,190,99.1000000238419,Diamond,36,"A,B",H,TIC Premium Brand,3600,0.902,0.925,7.49999971875556,575,60,3496,6.7,1.7,50.8,223,325,48,1.203258052573121,27.6688916826803,3.56297469139099,8.01900100708008,12.6802444458008,12.6802444458008,30.4571704864502,15.5785617828369,20.5784225463867,13.6372184753418,11.646110425402,5.61429357528687,184T
3G2250C,2,7.13308549620812,Delta,AL,AL,0.0429070938275785,0.0231641661375761,0.0121495143035822,480,275.400000095367,Dbl - Closed,48,"A,B",G,TIC Premium Brand,3600,0.958,0.891,250,575,60,3576,223.5,57,1440,140,270,33,0.9807482746095169,20.6993506220636,0.219910323619843,0.873157262802124,12.0089712142944,12.0089712142944,59.0465240478516,33.3921394348145,10.5510215759277,10.4066047668457,8.81960320481951,0.669497191905975,445T
4G4001C,4,0.0213483396585401,Wye,AL,AL,14.6149659205388,11.543830871582,3.17742102811732,160,94.6499999761581,Diamond,36,"A,B,C",K,TIC Premium Brand,1800,0.854,0.793,0.999999989133738,575,60,1744,1.1,0.6,8.8,325,345,22,1.3203214695752008,11.9684043092524,29.336217880249,57.586799621582,13.7188405990601,13.7188405990601,45.1138381958008,19.7026309967041,31.0262050628662,25.7216968536377,6.66294855878327,36.3388061523438,143T
4G4Y15C,4,0.0228732210627216,Wye,AL,AL,9.62635334811116,7.71895742416382,2.00222438895819,160,94.6499999761581,Diamond,36,"A,B,C",L,TIC Premium Brand,1800,0.864,0.788,1.49999994375111,575,60,1742,1.7,0.9,13.6,340,360,27,1.3407821229050279,11.5308497431077,19.3475360870361,37.2789726257324,13.7188405990601,13.7188405990601,40.8604431152344,18.951343536377,31.0262050628662,22.3118572235107,6.66294855878327,22.8275375366211,145T
4G4002C,4,0.024398102466903,Wye,AL,AL,7.71549737705001,6.55604028701782,1.60779057443582,160,94.6499999761581,Diamond,36,"A,B,C",L,TIC Premium Brand,1800,0.87,0.801,1.99999997826748,575,60,1734,2.1,1.1,18.8,320,340,41,1.3776337115072932,10.4723537705959,15.8793277740479,30.5655612945557,13.7188405990601,13.7188405990601,36.9795913696289,18.6894092559814,31.0262050628662,21.0637550354004,6.66294855878327,18.7747764587402,145T
4G4003C,4,0.0707990013937409,Wye,AL,AL,4.83823235057001,2.98513031005859,0.904767054368859,190,119.9500015378,Diamond,36,"A,B,C",K,TIC Premium Brand,1800,0.894,0.836,2.99999988750223,575,60,1756,3,1.2,25.6,272,360,32,1.5463917525773194,12.0113018157372,8.72812938690186,22.9406776428223,11.6013660430908,11.6013660430908,34.5049171447754,15.5550155639648,33.7297401428223,21.5974826812744,7.23802380440603,13.2890682220459,182T
4G4005C,4,0.0865321128145722,Wye,AL,AL,3.19922349522997,2.2004725933075,0.558245626460602,190,119.9500015378,Diamond,36,"A,B,C",J,TIC Premium Brand,1800,0.884,0.855,5.00000002556768,575,60,1745,4.9,1.7,36.8,265,290,55,1.4427860696517414,9.53874728878117,5.95794153213501,16.1280422210693,11.6013660430908,11.6013660430908,29.3747463226318,15.216254234314,33.7297401428223,19.8806285858154,7.23802380440603,9.27632522583008,184T
4G4Y75C,4,0.170432568207921,Delta,AL,AL,3.8253648411665,3.13016295433044,1.12761355563984,230,142.100000023842,Dbl - Closed,48,"A,B,C",H,TIC Premium Brand,1800,0.917,0.83,7.49999971875556,575,60,1764,7.4,2.9,50.8,280,330,40,1.3095238095238095,14.0655074103604,9.8824405670166,27.4866580963135,15.2172355651855,15.2172355651855,57.059440612793,25.6161403656006,21.5398426055908,15.956413269043,7.05493016577206,16.9991035461426,213T
4G4010C,4,0.232408047556256,Delta,AL,AL,2.74489048689005,2.6945116519928,0.729538259768874,230,142.100000023842,Dbl - Closed,48,"A,B,C",H,TIC Premium Brand,1800,0.913,0.862,10.0000000511354,575,60,1757,9.5,3.6,64.8,275,325,44,1.4142732811140122,10.329719561534,7.71781587600708,23.2027473449707,15.2172355651855,15.2172355651855,55.0796699523926,25.7518863677979,21.5398426055908,16.3012981414795,7.05493016577206,14.3778820037842,215T
3G4015C,4,0.48000235759368,Delta,AL,AL,1.6372671563342,0.893008291721344,0.271821084847197,265,170.3499969244,Dbl - Closed,48,"A,B,C",G,TIC Premium Brand,1800,0.93,0.815,14.9999994375111,575,60,1780,14.8,5.8,92.8,240,285,28,1.4350453172205437,12.8370788155691,4.53546714782715,18.2777805328369,12.8362894058228,12.8362894058228,70.1703720092773,31.0536346435547,21.7808780670166,17.2286338806152,7.03900318721123,11.0039510726929,254T
3G4020C,4,0.608002986285328,Delta,AL,AL,1.18381177977697,0.747223973274231,0.183924724684589,265,170.3499969244,Dbl - Closed,48,"A,B,C",G,TIC Premium Brand,1800,0.935,0.847,20.0000001022707,575,60,1775,18.9,6.2,116,235,280,37,1.4713610089332632,10.0989761319159,3.56535720825195,14.5155506134033,12.8362894058228,12.8362894058228,67.7377395629883,31.0504970550537,21.7808780670166,17.2210960388184,7.03900318721123,9.10493659973145,256T
3G4025C,4,0.748910828594179,Delta,AL,AL,0.831674246470803,0.639454960823059,0.200467942280524,310,193.700000047684,Dbl - Closed,48,"A,B",G,TIC Premium Brand,1800,0.935,0.809,24.9999994886465,575,60,1773,24.8,9.6,146,215,240,22,1.3528748590755355,15.3304963799967,3.0743579864502,12.5591087341309,13.9970588684082,13.9970588684082,70.9334259033203,36.6887741088867,22.7296543121338,18.7136344909668,7.08655918460563,8.54704666137695,284T
3G4030C,4,0.962885351049659,Delta,AL,AL,0.564789816282482,0.502201974391937,0.125890156704465,310,193.700000047684,Dbl - Closed,48,"A,B,C",G,TIC Premium Brand,1800,0.935,0.813,29.9999988750223,575,60,1777,29.6,10.4,174,210,235,27,1.2460233297985155,11.9487429521136,2.29455327987671,10.018759727478,13.9970588684082,13.9970588684082,72.571044921875,36.5378799438477,22.7296543121338,18.3480949401855,7.08655918460563,6.59520387649536,286T
3G4040C,4,1.56191259469716,Delta,AL,AL,0.364031711391957,0.312812864780426,0.0639658915983603,350,218.600000023842,Dbl - Closed,48,"A,B",G,TIC Premium Brand,1800,0.946,0.828,40.0000002045414,575,60,1780,38.3,12.8,232,190,250,25,1.243781094527363,11.4011355511255,1.5736095905304,7.06646585464478,14.4394159317017,14.4394159317017,77.9247665405273,43.4651985168457,24.6416683197021,19.1419239044189,7.56529994784848,4.62051343917847,324T
3G4040C,4,1.56191259469716,Delta,AL,AL,0.364031711391957,0.312812864780426,0.0639658915983603,350,218.600000023842,Dbl - Closed,48,"A,B",G,TIC Premium Brand,1800,0.946,0.828,40.0000002045414,575,60,1780,38.3,12.8,232,190,250,25,1.243781094527363,11.4011355511255,1.5736095905304,7.06646585464478,14.4394159317017,14.4394159317017,77.9247665405273,43.4651985168457,24.6416683197021,19.1419239044189,7.56529994784848,4.62051343917847,324T
3G4050C,4,1.77884489951621,Delta,AL,AL,0.264798201533207,0.259332150220871,0.0471877908764069,350,218.600000023842,Dbl - Closed,48,"A,B",G,TIC Premium Brand,1800,0.951,0.828,49.999998977293,575,60,1780,47.6,15.6,285,180,240,28,1.2232415902140674,10.0526391633559,1.26173603534698,5.83919811248779,14.4394159317017,14.4394159317017,76.1143417358398,43.2588806152344,24.6416683197021,18.5541191101074,7.56529994784848,3.80592274665833,326T
3G4060C,4,2.4466994016481,Delta,AL,AL,0.215238774283278,0.179966062307358,0.068428967996698,380,238.200000047684,Dbl - Closed,48,"A,B",G,TIC Premium Brand,1800,0.953,0.81,59.9999977500445,575,60,1780,58.2,20.8,348,180,230,26,1.1477045908183632,11.0338186316959,1.00069677829742,4.6632022857666,13.7677316665649,13.7677316665649,56.8585472106934,25.9655723571777,21.7522525787354,16.6254367828369,6.56360251278929,2.92237043380737,364T
3G4075C,4,2.69136934181291,Delta,AL,AL,0.194806335569195,0.171696037054062,0.0597323934349417,380,238.200000047684,Dbl - Closed,48,"A,B",F,TIC Premium Brand,1800,0.953,0.828,75.000001022707,575,60,1777,71.2,23.2,416,168,244,39,1.3942857142857144,10.069774343748,0.938617944717407,4.35030603408813,13.7677316665649,13.7677316665649,53.3645133972168,26.0349655151367,21.7522525787354,16.8291778564453,6.56360251278929,2.78874540328979,365T
3G4100C,4,4.99327466175866,Delta,AL,AL,0.15974024467779,0.125388771295547,0.0194655114792787,430,278,Dbl - Closed,60,"A,B,C",G,TIC Premium Brand,1800,0.953,0.871,99.9999979545859,575,60,1782,90.2,21.2,580,253,232,42,1.1473788328387735,13.4357519453498,0.707887172698975,2.86504173278809,14.9774236679077,14.9774236679077,62.4555206298828,29.7153129577637,18.7509784698486,15.2743911743164,7.53756378978228,1.78481709957123,404T
3G4125C,4,6.24159332719832,Delta,AL,AL,0.11652883578437,0.0981587171554565,0.0124579273467383,430,278,Dbl - Closed,60,"A,B,C",G,TIC Premium Brand,1800,0.955,0.878,125,575,60,1781,111.7,27.6,726,285.8,245,44,1.1864406779661016,11.0173165951868,0.542857110500336,2.27824544906616,14.9774236679077,14.9774236679077,62.5267333984375,29.5725936889648,18.7509784698486,14.8731803894043,7.53756378978228,1.37178194522858,405T
3G4150C,4,8.67748355855808,Delta,AL,AL,0.105505091246601,0.0593698918819427,0.0174638468771099,480,317.400000095367,Dbl - Closed,72,"A,B",G,TIC Premium Brand,1800,0.958,0.881,150.000002045414,575,60,1786,133.1,34,868,171,234,33,1.033112582781457,20.6079102848796,0.391953259706497,1.72667443752289,15.0791482925415,15.0791482925415,52.0309143066406,22.036792755127,13.3927612304688,11.9584913253784,7.17366239962769,1.21327531337738,444T
3G4200C,4,10.0273143343338,Delta,AL,AL,0.0773063377076886,0.046674445271492,0.0121276714424375,480,317.400000095367,Dbl - Closed,72,"A,B",G,TIC Premium Brand,1800,0.962,0.884,199.999995909172,575,60,1785,176.2,45.2,1160,177,251,37,1.1403907314856883,18.2300744827781,0.300899654626846,1.33190143108368,15.0791482925415,15.0791482925415,50.2119979858398,21.7926712036133,13.3927612304688,11.6883716583252,7.17366239962769,0.934757649898529,445T
3G4250C,4,13.498307757757,Delta,AL,AL,0.049972117309228,0.038833137601614,0.00776170972315998,480,317.400000095367,Dbl - Closed,72,"A,B",G,TIC Premium Brand,1800,0.964,0.898,250,575,60,1783,217,47,1460,205,225,60,1.027866605756053,12.732744568872,0.233673244714737,1.08769249916077,15.1214141845703,15.1214141845703,50.2433776855469,21.7749309539795,13.3927612304688,11.6671113967896,7.17366239962769,0.744636416435242,447T
3G4300C,4,13.498307757757,Delta,AL,AL,0.0449851587698269,0.0350469052791595,0.00700494302515188,480,317.400000095367,Dbl - Closed,72,"A,B",G,TIC Premium Brand,1800,0.962,0.887,300.000004090828,575,60,1782,262,61,1745,200,220,60,1.060752169720347,12.732744568872,0.210775434970856,0.959473788738251,15.0791482925415,15.0791482925415,48.0574913024902,21.5829772949219,13.3927612304688,11.2113103866577,7.17366239962769,0.662739992141724,447T
3G4350C,4,20.9279820249126,Delta,AL,AL,0.0302297803511905,0.0204524621367455,0.00867192106281246,550,362.200000047684,Dbl - Closed,72,"A,B",G,TIC Premium Brand,1800,0.965,0.88,350.000008181656,575,60,1786,306,71,2040,160,205,47,0.9647058823529412,17.0256758798907,0.150285333395004,0.800342559814453,15.3922443389893,15.3922443389893,55.1678314208984,23.1404113769531,14.596851348877,11.8338241577148,7.72014430172045,0.536346912384033,505U
3G4400C,4,24.1979792163052,Delta,AL,AL,0.0249324417585108,0.0181979406625032,0.00675149563713772,550,362.200000047684,Dbl - Closed,72,"A,B",G,TIC Premium Brand,1800,0.965,0.878,399.999991818344,575,60,1785,348,94,2320,180,210,39,0.9845288326300984,14.7597195283597,0.130789488554001,0.704528450965881,15.3922443389893,15.3922443389893,55.0028991699219,23.0905723571777,14.596851348877,11.7258853912354,7.72014430172045,0.466553658246994,507U
3G4450C,4,26.1599775311407,Delta,AL,AL,0.0225618626816977,0.0170413590967655,0.00588130286612886,550,362.200000047684,Dbl - Closed,72,"A,B",G,TIC Premium Brand,1800,0.972,0.884,450.000016363313,575,60,1784,392.22,91.17,2600,215,223.6,56,1.0854368932038834,13.6205407039126,0.121250011026859,0.650017082691193,15.3922443389893,15.3922443389893,53.9607162475586,23.0592956542969,14.596851348877,11.6579713821411,7.72014430172045,0.431506156921387,507U
4G6X75C,6,0.0202247425524208,Wye,AL,AL,18.5254732740054,17.894588470459,2.75788815398118,160,94.6499999761581,Diamond,36,"A,B",M,TIC Premium Brand,1200,0.813,0.611,0.749999971875556,575,60,1157,1.1,0.9,7.6,365,375,28,1.6733601070950468,5.59812459626323,39.1779479980469,82.2701797485352,13.7188405990601,13.7188405990601,45.2690925598145,20.1179885864258,31.0262050628662,27.2004909515381,4.53192740770853,51.241024017334,143T
4G6001C,6,0.0231139914884809,Wye,AL,AL,14.0612157504175,13.3843631744385,1.96774460636441,160,94.6499999761581,Diamond,36,"A,B,C",L,TIC Premium Brand,1200,0.828,0.63,0.999999989133738,575,60,1155,1.4,1,9.6,285,320,68,1.4016644765659219,5.48954028297364,29.4133224487305,61.2052574157715,13.7188405990601,13.7188405990601,43.5635299682617,20.7629451751709,22.1321754455566,20.2854137420654,4.53192740770853,38.5964164733887,145T
4G6003C,6,0.185920129959749,Wye,AL,AL,2.95477761409812,3.21039223670959,0.260950766144501,230,147.199999988079,Oval,54,"A,B,C",K,TIC Premium Brand,1200,0.901,0.769,2.99999988750223,575,60,1172,3.2,3.4,25.6,260,360,20,1.2362637362637363,6.87938389558306,6.42612075805664,18.7340545654297,15.8304748535156,15.8304748535156,58.159538269043,16.4220008850098,22.3567504882813,17.4726696014404,4.95186156358471,9.50903606414795,213T
4G6003C,6,0.185920129959749,Wye,AL,AL,3.44042842448157,3.92183637619019,0.318779190774861,230,147.199999988079,Oval,54,"A,B,C",K,TIC Premium Brand,1200,0.901,0.769,2.99999988750223,575,60,1165,3.2,3.4,25.6,260,360,19,1.4539579967689822,6.87938389558306,7.68104410171509,22.0451202392578,15.8304748535156,15.8304748535156,53.7325134277344,16.9804210662842,22.3567504882813,18.9171714782715,4.95186156358471,12.0624914169312,213T
4G6005C,6,0.253527449945113,Wye,AL,AL,2.14928218564856,2.60101962089539,0.162642444272888,230,147.199999988079,Oval,54,"A,B,C",J,TIC Premium Brand,1200,0.901,0.801,5.00000002556768,575,60,1162,5.2,2.4,36.8,273,350,29,1.513840830449827,5.35196126833186,4.91294431686401,14.3200368881226,15.8304748535156,15.8304748535156,47.6545639038086,16.5687294006348,22.3567504882813,17.8563251495361,4.95186156358471,7.95995473861694,215T
4G6Y15C,6,0.0670727372273225,Wye,AL,AL,7.62035553636053,5.716383934021,0.999798744973821,190,119.9500015378,Diamond,36,"A,B,C",L,TIC Premium Brand,1200,0.867,0.656,1.49999994375111,575,60,1174,2,1.4,14.8,280,380,31,1.640051791109193,5.63029772612681,14.3365383148193,43.262035369873,11.6013660430908,11.6013660430908,42.2829627990723,16.3490943908691,33.7297401428223,25.3928737640381,4.92307544736989,24.0797557830811,182T
4G6002C,6,0.0819777899445053,Wye,AL,AL,6.3138509959599,4.86396026611328,0.711687496308659,190,119.9500015378,Diamond,36,"A,B,C",L,TIC Premium Brand,1200,0.882,0.646,1.99999997826748,575,60,1171,2.6,1.8,19.6,290,385,25,1.850072080730418,4.62708104038058,11.8894987106323,36.3700256347656,11.6013660430908,11.6013660430908,39.3349418640137,16.386022567749,33.7297401428223,25.5641498565674,4.92307544736989,20.7147274017334,184T
4G6Y75C,6,0.497263234876091,Delta,AL,AL,3.16392109925229,3.0786018371582,0.323239375567953,265,174.199999988079,Dbl - Closed,54,"A,B,C",H,TIC Premium Brand,1200,0.919,0.78,7.49999971875556,575,60,1179,7.8,3.6,50.8,230,320,25,1.3479359730412805,7.10670266778493,8.46729183197021,29.3916320800781,16.2862148284912,16.2862148284912,53.8641929626465,22.7970104217529,28.1186256408691,20.0779895782471,6.06818059651195,16.7735481262207,254T
4G6010C,6,0.596715881851309,Delta,AL,AL,2.08215163296784,2.31546211242676,0.20687320036349,265,174.199999988079,Dbl - Closed,54,"A,B,C",H,TIC Premium Brand,1200,0.928,0.781,10.0000000511354,575,60,1179,10.3,4.7,64.8,227,315,26,1.3038079470198676,5.73946666071108,6.03465604782104,22.1355514526367,16.2862148284912,16.2862148284912,52.191650390625,22.4421977996826,28.1186256408691,18.8835906982422,6.06818059651195,12.3029088973999,256T
3G6015C,6,0.889544786113612,Delta,AL,AL,2.02758259530129,1.33851289749146,0.276066975483032,310,208.799999952316,Dbl - Closed,72,"A,B,C",G,TIC Premium Brand,1200,0.927,0.783,14.9999994375111,575,60,1181,15.4,6.5,92.8,280,240,24,1.2201321809862735,10.3039551424398,5.66739892959595,17.3092956542969,19.8304634094238,19.8304634094238,81.7629470825195,31.4201774597168,17.2907466888428,15.7835216522217,5.44240281702378,10.0716390609741,284T
3G6020C,6,1.16325087414857,Delta,AL,AL,1.3738801169244,1.03421807289124,0.168169293810009,310,208.799999952316,Dbl - Closed,72,"A,B,C",G,TIC Premium Brand,1200,0.929,0.794,20.0000001022707,575,60,1179,20.3,8.2,116,250,255,19,1.3063524590163935,7.37439926860886,4.14109086990356,13.4161825180054,19.8304634094238,19.8304634094238,80.487060546875,31.2301006317139,17.2907466888428,15.6623201370239,5.44240281702378,7.70339345932007,286T
3G6025C,6,1.81152304747528,Delta,AL,AL,1.16779435401061,0.788243651390076,0.140245777179756,350,238.700000047684,Dbl - Closed,72,"A,B,C",G,TIC Premium Brand,1200,0.935,0.816,24.9999994886465,575,60,1182,24.5,9.6,146,265,270,27,1.3888888888888888,10.1931599258544,3.46017479896545,10.9205627441406,17.5924091339111,17.5924091339111,80.0613327026367,31.3330936431885,17.7327175140381,15.7676811218262,5.65136596670031,6.24223709106445,324T
3G6030C,6,2.33744909351649,Delta,AL,AL,0.839553970785698,0.633333921432495,0.0897572973950437,350,238.700000047684,Dbl - Closed,72,"A,B,C",G,TIC Premium Brand,1200,0.938,0.812,29.9999988750223,575,60,1183,29.5,10.8,174,265,270,30,1.3513513513513513,7.85676579611033,2.65849733352661,8.99344348907471,17.5924091339111,17.5924091339111,81.9828186035156,31.2812919616699,17.7327175140381,15.731424331665,5.65136596670031,4.99773931503296,326T
3G6040C,6,3.29023098146696,Delta,AL,AL,0.495733409128224,0.560344040393829,0.0428698986992731,380,258.399999976158,Dbl - Closed,72,"A,B,C",F,TIC Premium Brand,1200,0.944,0.816,40.0000002045414,575,60,1181,38.9,13.6,212,235,240,37,1.366742596810934,9.55000720518809,2.05090594291687,7.81157541275024,17.3910541534424,17.3910541534424,79.2746734619141,40.4199142456055,16.4156742095947,15.5367841720581,5.11705738772969,5.0989146232605,364T
3G6050C,6,3.69147866213366,Delta,AL,AL,0.33602071644775,0.428973257541656,0.0297707629856063,380,258.399999976158,Dbl - Closed,72,"A,B,C",G,TIC Premium Brand,1200,0.946,0.802,49.999998977293,575,60,1181,49.4,19.2,290,230,235,42,1.267529665587918,7.46663416118825,1.52353990077972,5.91910219192505,17.3910541534424,17.3910541534424,78.2621994018555,39.7587585449219,16.4156742095947,15.1822261810303,5.11705738772969,3.82740688323975,365T
3G6060C,6,6.10240190156955,Delta,AL,AL,0.259769947365504,0.212059453129768,0.0451459600282356,430,293,Dbl - Closed,72,"A,B",F,TIC Premium Brand,1200,0.949,0.801,59.9999977500445,575,60,1187,59.1,20,314,165,213,31,1.2470725995316159,9.74395758035066,1.20033872127533,5.44053554534912,15.8170175552368,15.8170175552368,64.7600402832031,29.5202407836914,16.0607528686523,15.1562185287476,4.78468325272447,3.475510597229,404T
3G6075C,6,7.16368918879904,Delta,AL,AL,0.192116379191143,0.163166105747223,0.0300451991600654,430,293,Dbl - Closed,72,"A,B",F,TIC Premium Brand,1200,0.957,0.811,75.000001022707,575,60,1187,72.4,24.4,412,167,215,35,1.1984392419175027,8.45941996262031,0.911131739616394,4.22564172744751,15.8170175552368,15.8170175552368,64.4480285644531,29.108211517334,16.0607528686523,14.9262561798096,4.78468325272447,2.64278960227966,405T
3G6100C,6,10.8068003055256,Delta,AL,AL,0.147731945942862,0.0985518172383308,0.031290596163844,480,338,Dbl - Closed,72,"A,B",F,TIC Premium Brand,1200,0.955,0.811,99.9999979545859,575,60,1189,96.7,32.8,560,170,240,26,1.3150684931506849,10.2666219716338,0.660133302211761,3.13175773620605,14.7590551376343,14.7590551376343,59.9135971069336,25.5600738525391,18.1543216705322,15.4695043563843,5.45257189174631,1.91447269916534,444T
3G6125C,6,11.7465220712234,Delta,AL,AL,0.111820311012706,0.0790157616138458,0.0233180563754055,480,338,Dbl - Closed,72,"A,B,C",G,TIC Premium Brand,1200,0.953,0.803,125,575,60,1189,122.4,42.4,712,205.4,230,37,1.242571582928147,9.1705200767714,0.520877957344055,2.45198726654053,14.7590551376343,14.7590551376343,58.2683715820313,25.1200084686279,18.1543216705322,14.4406814575195,5.45257189174631,1.48361968994141,445T
3G6150C,6,13.1561047197702,Delta,AL,AL,0.0963478078413612,0.0710247233510017,0.0188876256640785,480,338,Dbl - Closed,72,"A,B",G,TIC Premium Brand,1200,0.957,0.82,150.000002045414,575,60,1187,143.2,44.8,868,191.4,220,43,1.2578616352201257,8.21863088742221,0.461964309215546,2.17267465591431,14.7590551376343,14.7590551376343,56.4948692321777,25.084379196167,18.1543216705322,14.3563222885132,5.45257189174631,1.32416713237762,445T
3G6200C,6,17.4634334665923,Delta,AL,AL,0.0722917178927672,0.072454571723938,0.00927421169518019,550,362.799999952316,Dbl - Closed,72,"A,B,C",G,TIC Premium Brand,1200,0.96,0.835,199.999995909172,575,60,1186,186,66,1160,205,270,33,1.2334399269072636,9.32262608125504,0.273632764816284,1.30233514308929,17.8791732788086,17.8791732788086,50.4138031005859,25.0405216217041,17.7457122802734,13.1565494537354,5.39205408859694,0.833045482635498,505U
3G6250C,6,19.9582096761055,Delta,AL,AL,0.0566963586028268,0.0600352995097637,0.00681164057139126,550,362.799999952316,Dbl - Closed,72,"A,B",G,TIC Premium Brand,1200,0.959,0.851,250,575,60,1186,230,75,1460,200,260,48,1.2155212716222534,8.18413103761493,0.223927214741707,1.06620693206787,17.8791732788086,17.8791732788086,49.2384757995605,24.9703273773193,17.7457122802734,12.7620706558228,5.39205408859694,0.682099878787994,505U
3G6300C,6,22.4529858856187,Delta,AL,AL,0.0462659363096208,0.050224557518959,0.00511629891806721,550,362.799999952316,Dbl - Closed,72,"A,B",G,TIC Premium Brand,1200,0.958,0.843,300.000004090828,575,60,1184,278.23,93.58,1760,239.8,250.8,49,1.1675977653631284,7.29863489256151,0.185586348176003,0.890323996543884,17.8791732788086,17.8791732788086,48.5185623168945,24.8217887878418,17.7457122802734,12.3589715957642,5.39205408859694,0.563091158866882,507U
H921611,8,0.0652096073651393,Wye,AL,AL,8.48507384176855,7.15374040603638,0.843007892290547,190,119.9500015378,Diamond,36,"A,B,C",L,TIC Premium Brand,900,0.84,0.558,0.999999989133738,460,60,874,2.2,1.52,11.7,251.9,350.2,21,1.7995889003083247,3.29014012397451,16.4818229675293,44.1048583984375,11.6013660430908,11.6013660430908,43.1948394775391,17.4869213104248,24.0670223236084,22.5774440765381,2.60538383441278,25.2152729034424,182T
H921614,8,0.0652096073651393,Wye,AL,AL,13.1876390355537,10.867959022522,1.28069722522669,190,119.9500015378,Diamond,36,"A,B,C",L,TIC Premium Brand,900,0.837,0.55,0.999999989133738,575,60,875,1.63,1.26,9.6,258.2,357.7,22,1.7992957746478873,3.29014012397451,25.336296081543,67.193603515625,11.6013660430908,11.6013660430908,43.4957313537598,17.4353485107422,24.0670223236084,22.5191402435303,2.60538383441278,38.2294883728027,182T
H940793,8,0.0224719367646595,Wye,AL,AL,18.0210376163852,19.2170524597168,1.98734223497485,160,94.6499999761581,Diamond,36,"A,B",K,TIC Premium Brand,900,0.74,0.475,0.749999971875556,575,60,860,1.5,1.44,6.7,291.1,302,34,1.4610546686018384,2.83774585692801,39.2254333496094,77.0357894897461,13.7188405990601,13.7188405990601,42.8656806945801,21.0359497070313,22.1321754455566,20.8053150177002,2.39838095779825,48.4463272094727,145T
H911842,8,0.0797006312240592,Wye,AL,AL,5.74976427365786,5.03095769882202,0.496503837049435,190,119.9500015378,Diamond,36,"A,B,C",K,TIC Premium Brand,900,0.838,0.562,1.49999994375111,460,60,873,3.4,2.2,16.9,274,320,38,1.6833245660178853,2.69193282870641,11.2772254943848,30.4923076629639,11.6013660430908,11.6013660430908,39.9056091308594,17.0793266296387,24.0670223236084,22.0769386291504,2.60538383441278,17.65771484375,184T
H911844,8,0.0797006312240592,Wye,AL,AL,8.80956762176383,7.76587677001953,0.766412259026722,190,119.9500015378,Diamond,36,"A,B,C",L,TIC Premium Brand,900,0.825,0.579,1.49999994375111,575,60,871,2.8,1.76,13.6,263,301.3,33,1.5643821391484944,2.5722913696528,17.3418560028076,47.0991554260254,11.6013660430908,11.6013660430908,40.0974617004395,17.0401134490967,24.0670223236084,22.0235328674316,2.60538383441278,27.1503353118896,184T
H92145,8,0.213620357001648,Wye,AL,AL,4.25075889166118,4.98859071731567,0.257417065923513,230,147.199999988079,Oval,54,"A,B,C",G,TIC Premium Brand,900,0.868,0.683,1.99999997826748,460,60,867,3.3,1.85,15,231.3,268.1,24,1.592042755344418,3.98613130404604,9.49676704406738,28.3298511505127,15.8304748535156,15.8304748535156,56.6432991027832,19.6924095153809,22.3567504882813,21.4200477600098,3.69595519111533,16.0624237060547,213T
H921452,8,0.213620357001648,Wye,AL,AL,6.57826805665001,7.51380681991577,0.387721159211242,230,147.199999988079,Oval,54,"A,B,C",G,TIC Premium Brand,900,0.868,0.675,1.99999997826748,575,60,868,2.6,1.53,12.6,240,275.3,24,1.5922498554077502,3.98613130404604,14.4797964096069,42.9855041503906,15.8304748535156,15.8304748535156,57.4788551330566,19.5608997344971,22.3567504882813,21.3474502563477,3.69595519111533,24.1121006011963,213T
H940492,8,0.262917362463567,Wye,AL,AL,2.14138041290721,2.77327299118042,0.119667024447914,230,147.199999988079,Oval,54,"A,B,C",J,TIC Premium Brand,900,0.878,0.641,2.99999988750223,460,60,872,4.99,3.3,30,277.2,331.2,28,1.6371725160652495,3.42380206651097,5.03432035446167,16.1430721282959,15.8304748535156,15.8304748535156,56.7560157775879,18.1104259490967,22.3567504882813,20.3441982269287,3.69595519111533,8.70581245422363,215T
H940494,8,0.262917362463567,Wye,AL,AL,3.36426548239367,4.44956254959106,0.191999092558653,230,147.199999988079,Oval,54,"A,B,C",J,TIC Premium Brand,900,0.878,0.648,2.99999988750223,575,60,871,3.95,2.49,23.4,269.8,324.8,28,1.6370967741935485,3.42380206651097,8.00582695007324,25.7751502990723,15.8304748535156,15.8304748535156,56.2020645141602,18.1893978118896,22.3567504882813,20.4106159210205,3.69595519111533,14.003755569458,215T
H93034,8,0.483450380047705,Delta,AL,AL,2.90231881636976,3.10317945480347,0.230183865686172,265,174.199999988079,Dbl - Closed,54,"A,B,C",H,TIC Premium Brand,900,0.9,0.658,5.00000002556768,460,60,883,7.9,4.84,43.2,233.8,296.8,22,1.4046379555134878,4.27718216116686,8.15239238739014,29.6461849212646,16.2862148284912,16.2862148284912,58.2971954345703,23.7724361419678,28.1186256408691,23.2295684814453,4.52914995468249,16.9413242340088,254T
H930342,8,0.483450380047705,Delta,AL,AL,4.77321693413676,4.84871768951416,0.359662290134644,265,174.199999988079,Dbl - Closed,54,"A,B,C",H,TIC Premium Brand,900,0.902,0.653,5.00000002556768,575,60,883,6.39,3.95,34.3,231.5,295.1,23,1.4052380952380954,4.27718216116686,12.9764566421509,46.180736541748,16.2862148284912,16.2862148284912,58.1764984130859,23.7950038909912,28.1186256408691,23.300724029541,4.52914995468249,26.5098667144775,254T
H940121,8,0.580140456057246,Delta,AL,AL,1.9215108541632,2.33394742012024,0.14731767403915,265,174.199999988079,Dbl - Closed,54,"A,B,C",H,TIC Premium Brand,900,0.911,0.677,7.49999971875556,460,60,880,11.38,6.61,61.9,215.4,262.4,36,1.3421994884910484,3.5917363020055,5.84436225891113,21.6703186035156,16.2862148284912,16.2862148284912,53.0905609130859,23.3871440887451,28.1186256408691,22.0020885467529,4.52914995468249,12.5555210113525,256T
H940122,8,0.580140456057246,Delta,AL,AL,3.03732354368049,3.64679265022278,0.230183865686172,265,174.199999988079,Dbl - Closed,54,"A,B,C",H,TIC Premium Brand,900,0.911,0.684,7.49999971875556,575,60,880,9.11,5.29,49,215,262.2,36,1.3425499231950844,3.5917363020055,9.16677856445313,33.855396270752,16.2862148284912,16.2862148284912,53.0748634338379,23.3911914825439,28.1186256408691,22.0151100158691,4.52914995468249,19.6234645843506,256T
H92068,8,0.707433806586711,Delta,AL,AL,1.34827826098573,1.84551441669464,0.0972526840034768,265,174.100000023842,Dbl - Closed,54,"A,B,C",H,TIC Premium Brand,900,0.91,0.676,10.0000000511354,460,60,875,15.23,8.83,83,269.5,244.2,40,1.11864406779661,2.62463450798875,4.4309458732605,14.6897468566895,16.2862148284912,16.2862148284912,46.7578544616699,22.4559516906738,25.3807754516602,20.9473476409912,4.06308737836079,9.66770839691162,284T
H920681,8,0.707433806586711,Delta,AL,AL,2.16091146669175,2.79557228088379,0.147317675176864,265,174.100000023842,Dbl - Closed,54,"A,B,C",H,TIC Premium Brand,900,0.911,0.7,10.0000000511354,575,60,879,11.8,7.59,69,251.7,273,36,1.2231182795698925,2.62463450798875,6.83051490783691,22.3256587982178,16.2862148284912,16.2862148284912,47.1040916442871,22.3960876464844,25.3807754516602,20.7212886810303,4.06308737836079,14.5727415084839,284T
H930351,8,0.8682142171746,Delta,AL,AL,0.920465080444197,1.31923460960388,0.0575459668659626,265,174.100000023842,Dbl - Closed,54,"A,B,C",G,TIC Premium Brand,900,0.912,0.687,14.9999994375111,460,60,874,22.41,12.5,120.5,258,233,53,1.1196540124939933,2.22998386180494,3.11208415031433,10.2900972366333,16.2862148284912,16.2862148284912,43.760871887207,22.1368465423584,25.3807754516602,19.7316074371338,4.06308737836079,6.79356527328491,286T
H930354,8,0.8682142171746,Delta,AL,AL,1.57087562484152,2.22950649261475,0.0972526840034768,265,174.100000023842,Dbl - Closed,54,"A,B,C",G,TIC Premium Brand,900,0.902,0.718,14.9999994375111,575,60,873,17.8,9.06,91.6,205.9,247.9,56,1.2745501285347045,2.22998386180494,5.27471208572388,17.2358722686768,16.2862148284912,16.2862148284912,42.7850799560547,22.3196868896484,25.3807754516602,20.4314575195313,4.06308737836079,11.6608543395996,286T
H911811,8,1.53009310211794,Delta,AL,AL,0.800428797502163,0.703908205032349,0.0610317502928298,310,208.799999952316,Dbl - Closed,72,"A,B,C",G,TIC Premium Brand,900,0.917,0.67,20.0000001022707,460,60,883,30,17.6,153,286.9,226.5,45,1.3904235727440146,3.94816814876941,2.63041687011719,9.43905735015869,19.8304634094238,19.8304634094238,83.6745300292969,32.1767845153809,17.2907466888428,16.1598644256592,3.79902453600965,5.16835737228394,324T
H911813,8,1.53009310211794,Delta,AL,AL,1.29242547280263,1.12938153743744,0.0979220526920514,310,208.799999952316,Dbl - Closed,72,A,G,TIC Premium Brand,900,0.916,0.676,20.0000001022707,575,60,882,24,13.68,119,277.2,221.4,45,1.3907035175879399,4.06260780525548,4.22853946685791,15.0897493362427,19.8304634094238,19.8304634094238,83.0330352783203,32.2965698242188,17.2907466888428,16.2194042205811,3.79902453600965,8.32596969604492,324T
H930363,8,1.82945914383666,Delta,AL,AL,0.637116374903995,0.577251076698303,0.0423831599255763,310,208.799999952316,Dbl - Closed,72,"A,B,C",G,TIC Premium Brand,900,0.916,0.681,24.9999994886465,460,60,883,37.55,20.89,196,306,223.9,48,1.4002501563477172,3.46960231255493,2.1301600933075,7.71923685073853,19.8304634094238,19.8304634094238,82.1593246459961,32.0684127807617,17.2907466888428,16.104305267334,3.79902453600965,4.25422811508179,326T
H930361,8,1.82945914383666,Delta,AL,AL,1.00174520417908,0.8875812292099,0.0651683467015661,310,208.799999952316,Dbl - Closed,72,"A,B,C",G,TIC Premium Brand,900,0.915,0.698,24.9999994886465,575,60,883,30,17.01,146,310.8,226.5,48,1.4007421150278294,3.46960231255493,3.29744935035706,11.8957185745239,19.8304634094238,19.8304634094238,82.4814605712891,32.0156898498535,17.2907466888428,16.0766696929932,3.79902453600965,6.53376388549805,326T
H940156,8,3.29515401773516,Delta,AL,AL,0.866157206154995,0.817309617996216,0.0562192642926788,350,238.700000047684,Dbl - Closed,72,"A,B,C",G,TIC Premium Brand,900,0.92,0.744,29.9999988750223,575,60,879,32.84,14.1,174,287.3,203.4,45,1.2849020846494,3.56242758251033,3.15386962890625,10.7958211898804,17.5924091339111,17.5924091339111,82.5200042724609,33.2940902709961,17.7327175140381,16.7773399353027,3.944889544432,6.45571660995483,364T
H940155,8,3.29515401773516,Delta,AL,AL,0.495510381768409,0.480396419763565,0.0330444342342523,350,238.700000047684,Dbl - Closed,72,"A,B,C",G,TIC Premium Brand,900,0.929,0.732,29.9999988750223,460,60,881,41.54,20.61,217.5,319.4,218.3,42,1.284873454973514,3.47166509633172,1.84017693996429,6.45213317871094,17.5924091339111,17.5924091339111,84.7163772583008,32.878547668457,17.7327175140381,16.5940971374512,3.944889544432,3.7575569152832,364T
H912632,8,3.56723837748141,Delta,AL,AL,0.406842905508976,0.357757776975632,0.0227374009655334,350,238.5,Dbl - Closed,72,"A,B,C",G,TIC Premium Brand,900,0.924,0.706,40.0000002045414,460,60,882,57,31.64,314.9,301.7,242.4,59,1.4437164979154258,3.09660389544664,1.41245675086975,4.70860147476196,17.5924091339111,17.5924091339111,74.7673797607422,30.6984901428223,15.6972894668579,14.8283729553223,3.46049461848967,2.62634229660034,365T
H91263,8,3.56723837748141,Delta,AL,AL,0.660226733173305,0.604610621929169,0.0384262076317514,350,238.5,Dbl - Closed,72,"A,B,C",G,TIC Premium Brand,900,0.923,0.72,40.0000002045414,575,60,880,45.06,23.34,233.2,279.1,227.8,60,1.4435994930291507,2.8584035957969,2.35971426963806,7.85506677627563,17.5924091339111,17.5924091339111,73.3747940063477,30.9256820678711,15.6972894668579,14.9433317184448,3.46049461848967,4.44677734375,365T
H921761,8,5.30538614047113,Delta,AL,AL,0.159674292935956,0.186733722686768,0.0108326022525667,380,258.399999976158,Dbl - Closed,72,,G,TIC Premium Brand,900,0.942,0.63,49.999998977293,460,60,889,79,47.3,362.5,186,199.8,50,1.3284574468085106,3.4643240128908,0.897452294826508,4.06533861160278,15.9694128036499,15.9694128036499,72.0375671386719,28.9755935668945,16.795051574707,15.6646699905396,3.57191983425904,2.4502010345459,404T
H92176,8,5.30538614047113,Delta,AL,AL,0.272037684261258,0.304883152246475,0.017686563554345,380,258.399999976158,Dbl - Closed,72,,G,TIC Premium Brand,900,0.935,0.655,49.999998977293,575,60,889,63.18,36.07,285.9,176.3,196.7,50,1.3281566509115463,3.4643240128908,1.47661972045898,6.5888352394104,15.9694128036499,15.9694128036499,71.2168579101563,29.1499919891357,16.795051574707,15.7561817169189,3.57191983425904,4.01741933822632,404T
H940141,8,6.24163075349545,Delta,AL,AL,0.130326649380507,0.150259718298912,0.00752264045317132,380,258.399999976158,Dbl - Closed,72,,G,TIC Premium Brand,900,0.936,0.62,59.9999977500445,460,60,889,98,71.53,473,201.6,194.8,67,1.326072157930565,2.97757681219693,0.722803175449371,3.30579853057861,15.9694128036499,15.9694128036499,72.0004806518555,28.7801494598389,16.795051574707,15.5500230789185,3.57191983425904,1.97740972042084,405T
H940142,8,6.24163075349545,Delta,AL,AL,0.207903220850743,0.241083368659019,0.0120696586826438,380,258.399999976158,Dbl - Closed,72,,G,TIC Premium Brand,900,0.936,0.65,59.9999977500445,575,60,889,75,51.69,368,195.5,195.6,65,1.327001356852103,2.97757681219693,1.15849888324738,5.28456830978394,15.9694128036499,15.9694128036499,71.5932998657227,28.8658542633057,16.795051574707,15.6046237945557,3.57191983425904,3.17988276481628,405T
H94008,8,10.83397467747,Delta,AL,AL,0.0768118339323869,0.0865068659186363,0.00727671715177888,430,293,Dbl - Closed,72,"A,B",G,TIC Premium Brand,900,0.944,0.65,99.9999979545859,460,60,888,152,88.58,720.3,197.5,202.5,79,1.330486202365309,3.11779945081394,0.449364483356476,2.13433694839478,15.8170175552368,15.8170175552368,68.6115798950195,29.4356098175049,16.0607528686523,15.0716934204102,3.33990880228064,1.32866084575653,445T
H940083,8,10.83397467747,Delta,AL,AL,0.118535259538455,0.135166972875595,0.0113698705496545,430,293,Dbl - Closed,72,"A,B",G,TIC Premium Brand,900,0.944,0.65,99.9999979545859,575,60,888,125,70.86,576.4,197.6,202.6,78,1.33026920551543,3.11779945081394,0.700648784637451,3.33517122268677,15.8170175552368,15.8170175552368,68.6202239990234,29.4341430664063,16.0607528686523,15.0708961486816,3.33990880228064,2.07595682144165,445T
H92129,8,9.544215787295,Delta,AL,AL,0.0954415286969256,0.104515627026558,0.00995469159912616,430,293,Dbl - Closed,72,"A,B,C",G,TIC Premium Brand,900,0.947,0.646,75.000001022707,460,60,890,111,71.21,543,211.7,205.3,63,1.2533577533577533,3.50355461850258,0.546714305877686,2.67386245727539,15.8170175552368,15.8170175552368,73.0162582397461,29.6738452911377,16.0607528686523,15.196346282959,3.33990880228064,1.61169803142548,444T
H921292,8,9.544215787295,Delta,AL,AL,0.143793023577768,0.154107227921486,0.0146780911844258,430,293,Dbl - Closed,72,"A,B,C",G,TIC Premium Brand,900,0.945,0.609,75.000001022707,575,60,890,97.65,66.39,471.8,226.2,210.3,65,1.2532777115613827,3.50355461850258,0.809190094470978,3.97972822189331,15.8170175552368,15.8170175552368,74.0690002441406,29.4729843139648,16.0607528686523,15.0918674468994,3.33990880228064,2.36489200592041,444T
H931052,8,12.89758890175,Delta,AL,AL,0.0600786918935864,0.0708740651607513,0.00507892428526845,430,293,Dbl - Closed,72,,G,TIC Premium Brand,900,0.942,0.619,125,460,60,888,200.74,117.84,854,202.6,196.5,94,1.3828289936664322,2.6715937806673,0.364423930644989,1.73451697826385,15.8170175552368,15.8170175552368,67.2406158447266,29.3269748687744,16.0607528686523,15.0116758346558,3.33990880228064,1.08807957172394,447
H931053,8,12.89758890175,Delta,AL,AL,0.0935675378037472,0.110740728676319,0.00793581919573195,430,293,Dbl - Closed,72,,G,TIC Premium Brand,900,0.942,0.619,125,575,60,888,160.62,94.27,725,201.8,196.2,93,1.3826638477801267,2.80319938562628,0.569106996059418,2.71354556083679,15.8170175552368,15.8170175552368,67.2394485473633,29.3386840820313,16.0607528686523,15.0182447433472,3.33990880228064,1.70402336120605,447
H93097,8,21.47003257672,Delta,AL,AL,0.0454918585159868,0.0434368215501308,0.00481841463220477,480,338,Dbl - Closed,72,"A,B",G,TIC Premium Brand,900,0.954,0.686,150.000002045414,460,60,891,212,121,1154,222.4,209.3,60,1.2715674362089917,3.27613952770227,0.262360364198685,1.36508464813232,14.7590551376343,14.7590551376343,62.6977462768555,25.9409599304199,18.1543216705322,15.9612922668457,3.80612297500401,0.79498279094696,505U
H930974,8,21.47003257672,Delta,AL,AL,0.0787976319306555,0.0709199905395508,0.00786710290258124,480,338,Dbl - Closed,72,"A,B",G,TIC Premium Brand,900,0.954,0.725,150.000002045414,575,60,891,165,75,867,210.5,203.3,62,1.2706250000000001,3.27613952770227,0.432882338762283,2.22465872764587,14.7590551376343,14.7590551376343,61.9897117614746,26.0722541809082,18.1543216705322,16.0875244140625,3.80612297500401,1.30380594730377,505U
3H8300,8,55.9213906692174,Delta,AL,AL,0.0168226988148056,0.0169810894876719,0.00176532687164063,610,422.799999952316,Dbl - Closed,72,,G,TIC Premium Brand,900,0.951,0.776,300.000004090828,460,60,891,381.01,145.25,2236,135,223.5,65,1.2749572162007985,3.56407198350925,0.0946952849626541,0.699480831623077,16.6951694488525,16.6951694488525,38.0269775390625,17.1963157653809,22.1114959716797,16.1076164245605,4.44043600519647,0.41743540763855,5810
3H8300C,8,55.9213906692174,Delta,AL,AL,0.0262130011851385,0.0265329517424107,0.00275832323693848,610,422.799999952316,Dbl - Closed,72,,G,TIC Premium Brand,900,0.951,0.775,300.000004090828,575,60,891,310,116.2,1788.9,135,223.5,65,1.2749572162007985,3.56407198350925,0.147888913750648,1.09294390678406,16.6951694488525,16.6951694488525,38.0274200439453,17.1962375640869,22.1114959716797,16.1072769165039,4.44043600519647,0.652237236499786,5810
3H8350,8,64.8688131762922,Delta,AL,AL,0.0215264533446984,0.0223741084337235,0.00202652319448541,610,422.799999952316,Dbl - Closed,72,,G,TIC Premium Brand,900,0.952,0.775,350.000008181656,575,60,891,355.25,137.1,2127.9,153,212,69,1.1950394588500564,3.09942739037783,0.123831123113632,0.926764488220215,16.6951694488525,16.6951694488525,38.0700950622559,17.1485710144043,22.1114959716797,15.9016189575195,4.44043600519647,0.548435032367706,5810
3H8350,8,64.8688131762922,Delta,AL,AL,0.0136868187463012,0.0143194301053882,0.00129697484447066,610,422.799999952316,Dbl - Closed,72,,G,TIC Premium Brand,900,0.954,0.775,350.000008181656,460,60,891,444.03,171.38,2660,137.7,226.2,68,1.2750845546786922,3.09942739037783,0.0791618078947067,0.593135535717011,16.6951694488525,16.6951694488525,38.0710945129395,17.1483917236328,22.1114959716797,15.9008512496948,4.44043600519647,0.350991517305374,5810
3H8350C,8,64.8688131762922,Delta,AL,AL,0.0215264533446984,0.0223741084337235,0.00202652319448541,610,422.799999952316,Dbl - Closed,72,,G,TIC Premium Brand,900,0.954,0.775,350.000008181656,575,60,891,355.25,137.1,2127.9,153,212,69,1.1950394588500564,3.09942739037783,0.123831123113632,0.926764488220215,16.6951694488525,16.6951694488525,38.0700950622559,17.1485710144043,22.1114959716797,15.9016189575195,4.44043600519647,0.548435032367706,5810
H0301116,4,26.6555165068372,Delta,AL,AL,0.0202263579920241,0.0205625016242266,0.00422278503660005,520,337.599999904633,Dbl - Closed,72,"A,B",E,TIC Premium Brand,1500,0.953,0.872,250,380,50,1479,340.89,87.92,1849,125,225,67,1.3686131386861313,10.0892894103056,0.107898972928524,0.648163795471191,16.2688331604004,16.2688331604004,58.0134735107422,28.3428077697754,15.5642595291138,14.4200162887573,8.29871221779611,0.45997479557991,N449
H931795,2,1.5464473941518,Delta,AL,AL,0.129690565224455,0.0564759410917759,0.0581536709560036,380,216.799999952316,Dbl - Closed,48,"A,B",H,TIC Premium Brand,3000,0.94,0.854,59.9999977500445,380,50,2964,84.69,28.11,607.1,162.3,325.2,22,1.090543259557344,24.9925890569276,0.384081393480301,1.36886084079742,13.1455774307251,13.1455774307251,61.1159553527832,27.0388622283936,11.6443157196045,11.2496881484985,9.8298356960709,0.974230825901031,364T
H9117216,2,1.7673684504592,Delta,AL,AL,0.0954313108002781,0.0489960871636868,0.0447219076954074,380,216.799999952316,Dbl - Closed,48,"A,B",H,TIC Premium Brand,3000,0.944,0.868,75.000001022707,380,50,2963,103.73,30.85,750.9,165,303.9,30,1.0746110325318246,23.9345122867934,0.310400098562241,1.1742068529129,13.1455774307251,13.1455774307251,58.8828887939453,26.96067237854,11.6443157196045,11.1616449356079,9.8298356960709,0.846129357814789,365T
H9202913,2,3.77957122048,Delta,AL,AL,0.0689154060330146,0.0274973269551992,0.0235258814621507,430,256,Dbl - Closed,48,"A,B",G,TIC Premium Brand,3000,0.943,0.865,99.9999979545859,380,50,2971,138.94,39.67,914,143.3,270.1,31,0.9839708561020037,23.5477394689058,0.220362946391106,0.91940039396286,11.4516925811768,11.4516925811768,56.5275421142578,26.3075408935547,11.0819873809814,10.8981733322144,9.32990338143512,0.652494311332703,404T
H9506110,2,4.46676598784,Delta,AL,AL,0.0573013998968679,0.0250688102096319,0.0185883507849092,430,256,Dbl - Closed,48,"A,B",F,TIC Premium Brand,3000,0.95,0.888,125,380,50,2970,167.99,38.33,1061.3,138.7,253,37,1.0051648788239969,19.4350510496832,0.192513599991798,0.814660727977753,11.4516925811768,11.4516925811768,54.2595100402832,26.2940616607666,11.0819873809814,10.8910102844238,9.32990338143512,0.578296601772308,405T
3H8400,8,71.5793800565982,Delta,AL,AL,0.0121168622959931,0.0131944483146071,0.00108981914014549,610,422.799999952316,Dbl - Closed,72,,G,TIC Premium Brand,900,0.954,0.779,399.999991818344,460,60,891,503.47,186.82,2970.6,147.3,226.2,63,1.3353010625737898,2.82351097377789,0.0723426565527916,0.545212864875793,16.6951694488525,16.6951694488525,37.4162864685059,17.1687202453613,22.1114959716797,15.9886608123779,4.44043600519647,0.324568420648575,5810
3H8400C,8,71.5793800565982,Delta,AL,AL,0.0199086461133177,0.0213728249073029,0.00176532687164063,610,422.799999952316,Dbl - Closed,72,,G,TIC Premium Brand,900,0.95988929271698,0.823302328586578,399.999991818344,575,60,893,379.116577148438,121.049262572404,1836.83432893968,109.715792616057,163.850241104126,0,1,2.82351097377789,0.117464482784271,0.881759643554688,16.6951694488525,16.6951694488525,37.0940322875977,17.2300395965576,22.1114959716797,16.2525844573975,4.44043600519647,0.529305458068848,5810
4H6X75,6,0.0202247425524208,Wye,AL,AL,12.4512240215793,10.5627202987671,1.74305404577608,160,94.6499999761581,Diamond,36,"A,B",L,TIC Premium Brand,1200,0.8,0.615,0.749999971875556,460,60,1161,1.8,1.1,9.4,365,375,24,1.5829463908822288,6.24158719353487,24.7569980621338,49.2929306030273,13.7188405990601,13.7188405990601,46.3432197570801,21.0545635223389,22.1321754455566,20.6372089385986,4.53192740770853,30.5971450805664,143T
4H6X75C,6,0.0202247425524208,Wye,AL,AL,19.705439724579,16.5042495727539,2.72352194652513,160,94.6499999761581,Diamond,36,"A,B",L,TIC Premium Brand,1200,0.798,0.615,0.749999971875556,575,60,1160,1.1,0.9,7.5,275.4,350.5,24,1.4839119390347164,6.24158719353487,38.9332122802734,76.9839096069336,13.7188405990601,13.7188405990601,46.293212890625,21.0659008026123,22.1321754455566,20.6499156951904,4.53192740770853,47.8273735046387,143T
4H6X75C,6,0.0202247425524208,Wye,AL,AL,19.705439724579,16.5042495727539,2.72352194652513,160,94.6499999761581,Diamond,36,"A,B",L,TIC Premium Brand,1200,0.798,0.615,0.749999971875556,575,60,1160,1.1,0.9,7.5,275.4,350.5,24,1.4839119390347164,6.24158719353487,38.9332122802734,76.9839096069336,13.7188405990601,13.7188405990601,46.293212890625,21.0659008026123,22.1321754455566,20.6499156951904,4.53192740770853,47.8273735046387,143T
4H6001,6,0.0231139914884809,Wye,AL,AL,8.74507181518639,8.23336410522461,1.21045419845561,160,94.6499999761581,Diamond,36,"A,B,C",L,TIC Premium Brand,1200,0.824,0.63,0.999999989133738,460,60,1152,1.8,1.29743541521938,12,285,320,0,1,5.48954028297364,18.1888904571533,37.8024368286133,13.7188405990601,13.7188405990601,44.0488929748535,20.6882209777832,22.1321754455566,20.1868076324463,4.53192740770853,23.6711769104004,145T
4H6001C,6,0.0231139914884809,Wye,AL,AL,14.0612157504175,13.3843631744385,1.96774460636441,160,94.6499999761581,Diamond,36,"A,B,C",L,TIC Premium Brand,1200,0.824,0.63,0.999999989133738,575,60,1155,1.4,1,9.6,285,320,26,1.4016644765659219,5.48954028297364,29.4133224487305,61.2052574157715,13.7188405990601,13.7188405990601,43.5635299682617,20.7629451751709,22.1321754455566,20.2854137420654,4.53192740770853,38.5964164733887,145T
4H6Y15,6,0.0670727372273225,Wye,AL,AL,4.88458756941987,3.76565432548523,0.626085015949929,190,119.9500015378,Diamond,36,"A,B,C",M,TIC Premium Brand,1200,0.865,0.682,1.49999994375111,460,60,1176,2.4,1.6,20,266,398,21,1.5983935742971886,5.63029772612681,9.27632713317871,25.8441619873047,11.6013660430908,11.6013660430908,43.0878257751465,16.60032081604,24.0670223236084,21.0861492156982,4.92307544736989,14.7529268264771,182T
4H6Y15C,6,0.0670727372273225,Wye,AL,AL,7.62035553636053,5.80815935134888,0.965675873976881,190,119.9500015378,Diamond,36,"A,B,C",M,TIC Premium Brand,1200,0.874,0.682,1.49999994375111,575,60,1176,2,1.2,16,266,398,21,1.583134447096261,5.63029772612681,14.394190788269,39.9216232299805,11.6013660430908,11.6013660430908,43.2503929138184,16.5808887481689,24.0670223236084,21.0510349273682,4.92307544736989,22.7312545776367,182T
4H6002,6,0.0819777899445053,Wye,AL,AL,4.00743873837213,3.16293501853943,0.440409438899222,190,119.9500015378,Diamond,36,"A,B,C",L,TIC Premium Brand,1200,0.884,0.667,1.99999997826748,460,60,1169,3.2,2,25,280,376,31,1.6571176729836932,4.62708104038058,7.61078310012817,21.393590927124,11.6013660430908,11.6013660430908,40.2063179016113,16.5991439819336,24.0670223236084,21.0840339660645,4.92307544736989,12.4682397842407,184T
4H6002C,6,0.0819777899445053,Wye,AL,AL,6.3138509959599,4.94208574295044,0.688139748280034,190,119.9500015378,Diamond,36,"A,B,C",L,TIC Premium Brand,1200,0.884,0.667,1.99999997826748,575,60,1169,2.5,1.6,20,280,376,31,1.6593115622241836,4.62708104038058,11.9440765380859,33.4213027954102,11.6013660430908,11.6013660430908,40.1878356933594,16.6039562225342,24.0670223236084,21.092679977417,4.92307544736989,19.4867191314697,184T
4H6003,6,0.219723789952431,Wye,AL,AL,2.11400709517642,2.40462136268616,0.169988263399722,230,147.199999988079,Oval,54,"A,B,C",K,TIC Premium Brand,1200,0.903,0.78,2.99999988750223,460,60,1172,4,2.1,32,279,352,24,1.429731925264013,6.15003115481389,4.68861675262451,14.2826662063599,15.8304748535156,15.8304748535156,57.673095703125,17.3653259277344,22.3567504882813,19.6252975463867,4.95186156358471,7.66481494903564,213T
4H6003C,6,0.219723789952431,Wye,AL,AL,3.30278475531412,3.6913595199585,0.260950766144501,230,147.199999988079,Oval,54,"A,B,C",K,TIC Premium Brand,1200,0.903,0.78,2.99999988750223,575,60,1173,3.2,1.7,25.6,279,352,24,1.4119534697152025,6.15003115481389,7.2550950050354,21.9973182678223,15.8304748535156,15.8304748535156,58.0596199035645,17.3241596221924,22.3567504882813,19.5793914794922,4.95186156358471,11.7482671737671,213T
4H6005,6,0.270429279941454,Wye,AL,AL,1.29774544116663,1.5706695318222,0.0928494777410107,230,147.199999988079,Oval,54,"A,B,C",J,TIC Premium Brand,1200,0.901,0.794,5.00000002556768,460,60,1161,6.5,3.1,46,279,376,0,1,5.22309744680953,2.96126461029053,8.87345504760742,15.8304748535156,15.8304748535156,49.666072845459,16.5871696472168,22.3567504882813,17.9043254852295,4.95186156358471,4.84291791915894,215T
4H6005C,6,0.270429279941454,Wye,AL,AL,2.02105903340879,2.3966951370239302,0.141679640344383,230,147.199999988079,Oval,54,"A,B,C",J,TIC Premium Brand,1200,0.901,0.794,5.00000002556768,575,60,1167,5.2,2.5,36.8,279,376,35,1.540983606557377,5.22309744680953,4.55943393707275,13.5954332351685,15.8304748535156,15.8304748535156,50.1161651611328,16.5313014984131,22.3567504882813,17.7587490081787,4.95186156358471,7.36082172393799,215T
4H6Y75,6,0.497263234876091,Delta,AL,AL,2.03039876471921,1.97030520439148,0.20687320036349,265,174.199999988079,Dbl - Closed,54,"A,B",H,TIC Premium Brand,1200,0.92,0.786,7.49999971875556,460,60,1178,9.7,4.5,63,218,340,27,1.4261744966442953,6.84349145786697,5.42455625534058,18.8013916015625,16.2862148284912,16.2862148284912,53.5854873657227,22.7827377319336,28.1186256408691,20.0304546356201,6.06818059651195,10.6840915679932,254T
4H6Y75C,6,0.497263234876091,Delta,AL,AL,3.10307646272821,3.0786018371582,0.323239375567953,265,174.199999988079,Dbl - Closed,54,"A,B",H,TIC Premium Brand,1200,0.92,0.786,7.49999971875556,575,60,1178,7.8,3.6,50.8,218,340,27,1.4225941422594142,6.84349145786697,8.4064474105835,29.3829517364502,16.2862148284912,16.2862148284912,53.6097946166992,22.774263381958,28.1186256408691,20.0022087097168,6.06818059651195,16.6837196350098,254T
4H6010C,6,0.596715881851309,Delta,AL,AL,2.07906238722159,2.31546211242676,0.20687320036349,265,174.199999988079,Dbl - Closed,54,"A,B,C",H,TIC Premium Brand,1200,0.925,0.792,10.0000000511354,575,60,1178,10.2,4.2,64.8,234,283,37,1.1708729830368225,5.72118810446678,6.03156661987305,22.1255283355713,16.2862148284912,16.2862148284912,52.1549911499023,22.4406986236572,28.1186256408691,18.8784866333008,6.06818059651195,12.2981672286987,256T
4H6015,6,0.727646181784575,Delta,AL,AL,0.953045193189722,1.1567999124527,0.0862869561999385,265,174.100000023842,Dbl - Closed,54,"A,B",G,TIC Premium Brand,1200,0.923,0.82,14.9999994375111,460,60,1173,18.6,7.1,116,208,277,44,1.1310739077174357,4.78565836214474,2.91064119338989,9.29515743255615,16.2862148284912,16.2862148284912,43.4560737609863,21.6816425323486,25.3807754516602,17.9535713195801,5.44374733404692,6.00504207611084,284T
4H6015C,6,0.727646181784575,Delta,AL,AL,1.51015402488278,1.83089780807495,0.136568637232161,265,174.100000023842,Dbl - Closed,54,"A,B",G,TIC Premium Brand,1200,0.923,0.82,14.9999994375111,575,60,1172,14.8,5.7,92.8,208,277,45,1.144155307724081,4.78565836214474,4.60849285125732,14.6901483535767,16.2862148284912,16.2862148284912,43.3056755065918,21.7067451477051,25.3807754516602,18.0536308288574,5.44374733404692,9.52592372894287,284T
4H6020,6,0.893020314008342,Delta,AL,AL,0.733787706842069,0.983043789863586,0.0606971721031825,265,174.100000023842,Dbl - Closed,54,"A,B,C",G,TIC Premium Brand,1200,0.917,0.835,20.0000001022707,460,60,1165,25,10,145,205,275,60,1.2365107913669064,3.46073998225467,2.38471555709839,7.74284410476685,16.2862148284912,16.2862148284912,41.2513465881348,21.6922512054443,25.3807754516602,17.995885848999,5.44374733404692,5.08276844024658,286T
4H6020C,6,0.893020314008342,Delta,AL,AL,1.13541303563982,1.48910772800446,0.0919436453160635,265,174.100000023842,Dbl - Closed,54,"A,B,C",G,TIC Premium Brand,1200,0.923,0.835,20.0000001022707,575,60,1166,20,8,116,205,275,60,1.204555409548839,3.46073998225467,3.63622689247131,11.767560005188,16.2862148284912,16.2862148284912,41.5818099975586,21.6369895935059,25.3807754516602,17.7750587463379,5.44374733404692,7.65999603271484,286T
3H6025,6,1.57381000620101,Delta,AL,AL,0.644149834275835,0.532655417919159,0.0656911303945346,310,208.799999952316,Dbl - Closed,72,"A,B,C",G,TIC Premium Brand,1200,0.929,0.809,24.9999994886465,460,60,1178,32,13,182,245,255,44,1.3585508790623335,6.19730635378624,2.04843044281006,7.20075130462646,19.8304634094238,19.8304634094238,81.3148651123047,31.4409103393555,17.2907466888428,15.7963237762451,5.44240281702378,4.03048372268677,324T
3H6025C,6,1.57381000620101,Delta,AL,AL,1.01337875016758,0.83227413892746,0.10264239124146,310,208.799999952316,Dbl - Closed,72,"A,B,C",G,TIC Premium Brand,1200,0.929,0.809,24.9999994886465,575,60,1178,24.9,10,146,245,255,44,1.359275053304904,6.19730635378624,3.20756721496582,11.2503461837769,19.8304634094238,19.8304634094238,81.3045883178711,31.4440479278564,17.2907466888428,15.7982540130615,5.44240281702378,6.29808759689331,324T
3H6030,6,1.88172935524033,Delta,AL,AL,0.521692257564927,0.454459756612778,0.0474618417100512,310,208.799999952316,Dbl - Closed,72,"A,B,C",G,TIC Premium Brand,1200,0.936,0.812,29.9999988750223,460,60,1178,37,14,217,245,254,46,1.3789359391965257,5.24564989069662,1.7112340927124,6.1446099281311,19.8304634094238,19.8304634094238,80.6270294189453,31.439661026001,17.2907466888428,15.7955541610718,5.44240281702378,3.4393162727356,326T
3H6030C,6,1.88172935524033,Delta,AL,AL,0.815630890148495,0.726899743080139,0.0759143125621841,310,208.799999952316,Dbl - Closed,72,"A,B,C",G,TIC Premium Brand,1200,0.936,0.812,29.9999988750223,575,60,1178,29.6,11,174,245,254,46,1.404867256637168,5.24564989069662,2.71828031539917,9.79886054992676,19.8304634094238,19.8304634094238,80.2030181884766,31.5149517059326,17.2907466888428,15.8413972854614,5.44240281702378,5.51077079772949,326T
3H6040,6,3.50617364027474,Delta,AL,AL,0.37315277122811,0.33556854724884,0.032762971835604,350,238.700000047684,Dbl - Closed,72,"A,B,C",G,TIC Premium Brand,1200,0.939,0.824,40.0000002045414,460,60,1176,48,17.6,290,260,240,44,1.2345679012345678,5.26646596169144,1.32211554050446,4.52152299880981,17.5924091339111,17.5924091339111,81.7748794555664,31.8784236907959,17.7327175140381,16.1178646087646,5.65136596670031,2.6839933395385698,364T
3H6040C,6,3.50617364027474,Delta,AL,AL,0.596142923739467,0.517118692398071,0.0504884797847121,350,238.700000047684,Dbl - Closed,72,"A,B,C",G,TIC Premium Brand,1200,0.939,0.823,40.0000002045414,575,60,1178,38,14.7,232,260,270,48,1.3768485466598674,5.26646596169144,2.05851602554321,6.98359107971191,17.5924091339111,17.5924091339111,82.0655670166016,31.8393325805664,17.7327175140381,16.0945320129395,5.65136596670031,4.1322922706604,364T
3H6050,6,3.72740000180962,Delta,AL,AL,0.304059577691328,0.275949537754059,0.0253194637117641,350,238.5,Dbl - Closed,72,"A,B",G,TIC Premium Brand,1200,0.939,0.814,49.999998977293,460,60,1177,61,23,362,160,270,57,1.4338821030270843,4.93731183908573,1.08750176429749,3.66846203804016,17.5924091339111,17.5924091339111,72.7783966064453,30.1461143493652,15.6972894668579,14.4780759811401,4.95743196219146,2.08932375907898,365T
3H6050C,6,3.72740000180962,Delta,AL,AL,0.481953278024789,0.434559524059296,0.0398725580020706,350,238.5,Dbl - Closed,72,"A,B,C",G,TIC Premium Brand,1200,0.939,0.816,49.999998977293,575,60,1177,48,19.7,290,265,260,57,1.3903743315508021,4.93731183908573,1.71570158004761,5.76996374130249,17.5924091339111,17.5924091339111,72.6223602294922,30.1719036102295,15.6972894668579,14.4945068359375,4.95743196219146,3.29239797592163,365T
4H4001,4,0.0213483396585401,Wye,AL,AL,14.6149659205388,11.543830871582,3.17742102811732,160,94.6499999761581,Diamond,36,"A,B,C",K,TIC Premium Brand,1800,0.857,0.785,0.999999989133738,575,60,1743,1.1,0.6,8.8,336,368,18,1.4083429008802142,11.9684043092524,29.336217880249,57.586799621582,13.7188405990601,13.7188405990601,45.1138381958008,19.7026309967041,31.0262050628662,25.7216968536377,6.66294855878327,36.3388061523438,143T
4H4001,4,0.0213483396585401,Wye,AL,AL,9.31904413432398,7.4644136428833,2.05456791742649,160,94.6499999761581,Diamond,36,"A,B,C",K,TIC Premium Brand,1800,0.857,0.791,0.999999989133738,460,60,1742,1.4,0.7,11,336,368,19,1.4175654853620954,11.9684043092524,18.8380260467529,37.1968231201172,13.7188405990601,13.7188405990601,44.9789733886719,19.7144050598145,31.0262050628662,25.7737140655518,6.66294855878327,23.5202007293701,143T
4H4001C,4,0.0213483396585401,Wye,AL,AL,14.6149659205388,11.543830871582,3.17742102811732,160,94.6499999761581,Diamond,36,"A,B,C",K,TIC Premium Brand,1800,0.857,0.785,0.999999989133738,575,60,1743,1.1,0.6,8.8,336,368,18,1.4083429008802142,11.9684043092524,29.336217880249,57.586799621582,13.7188405990601,13.7188405990601,45.1138381958008,19.7026309967041,31.0262050628662,25.7216968536377,6.66294855878327,36.3388061523438,143T
4H4Y15,4,0.0228732210627216,Wye,AL,AL,6.16797584507253,5.00449848175049,1.29811950601371,160,94.6499999761581,Diamond,36,"A,B,C",L,TIC Premium Brand,1800,0.857,0.791,1.49999994375111,460,60,1735,2,1.1,18.6,358,370,35,1.3920240782543265,11.6209345067257,12.4705944061279,24.1660900115967,13.7188405990601,13.7188405990601,40.7369270324707,18.9698390960693,31.0262050628662,22.3990173339844,6.66294855878327,14.8444881439209,145T
4H4Y15C,4,0.0228732210627216,Wye,AL,AL,9.67377380795407,7.71895742416382,2.00222438895819,160,94.6499999761581,Diamond,36,"A,B,C",L,TIC Premium Brand,1800,0.869,0.787,1.49999994375111,575,60,1736,1.6,0.9,14.9,385,370,35,1.3805970149253732,11.6209345067257,19.3949565887451,37.3046607971191,13.7188405990601,13.7188405990601,40.8505935668945,18.9579753875732,31.0262050628662,22.3431224822998,6.66294855878327,22.8706588745117,145T
4H4002C,4,0.024398102466903,Wye,AL,AL,7.71549737705001,6.55604028701782,1.60779057443582,160,94.6499999761581,Diamond,36,"A,B,C",L,TIC Premium Brand,1800,0.868,0.804,1.99999997826748,575,60,1730,2.1,1.1,20,380,340,42,1.37987012987013,10.4723537705959,15.8793277740479,29.9500484466553,13.7188405990601,13.7188405990601,36.8360290527344,18.6894092559814,31.0262050628662,21.0637550354004,6.66294855878327,18.7747764587402,145T
4H4003,4,0.0707990013937409,Wye,AL,AL,2.93524356735598,1.92757928371429,0.584114708433513,190,119.9500015378,Diamond,36,"A,B",K,TIC Premium Brand,1800,0.895,0.842,2.99999988750223,460,60,1756,3.7,1.6,32,259,373,31,1.5852103697407565,11.1104541795569,5.44693756103516,14.6949329376221,11.6013660430908,11.6013660430908,34.4923286437988,15.4993848800659,33.7297401428223,21.3190383911133,7.23802380440603,8.41123676300049,182T
4H4003C,4,0.0707990013937409,Wye,AL,AL,4.60599719774265,2.98513031005859,0.904584555875306,190,119.9500015378,Diamond,36,"A,B",K,TIC Premium Brand,1800,0.895,0.842,2.99999988750223,575,60,1756,3,1.2,25.6,259,373,31,1.5758343895226026,11.1104541795569,8.49571228027344,22.769739151001,11.6013660430908,11.6013660430908,34.5645179748535,15.4906921386719,33.7297401428223,21.2754096984863,7.23802380440603,13.0134592056274,182T
4H4005C,4,0.0865321128145722,Wye,AL,AL,3.19560597529139,2.2004725933075,0.558245626460602,190,119.9500015378,Diamond,36,"A,B,C",J,TIC Premium Brand,1800,0.884,0.867,5.00000002556768,575,60,1741,4.9,1.7,36.8,265,290,58,1.4377788795240456,9.52032160963261,5.95432424545288,15.8448543548584,11.6013660430908,11.6013660430908,29.3859462738037,15.21497631073,33.7297401428223,19.8740558624268,7.23802380440603,9.27208042144775,184T
4H4Y75,4,0.182827664077588,Delta,AL,AL,2.35743532394757,1.98736691474915,0.671585530952318,230,142.100000023842,Dbl - Closed,48,"A,B,C",H,TIC Premium Brand,1800,0.917,0.839,7.49999971875556,460,60,1758,9.1,3.6,64,380,340,51,1.3417521704814521,13.130999442628,6.15877819061279,17.6425151824951,15.2172355651855,15.2172355651855,58.2879905700684,25.7139186859131,21.5398426055908,16.2051086425781,7.05493016577206,10.7883501052856,213T
4H4Y75C,4,0.182827664077588,Delta,AL,AL,3.62421279297562,3.05299925804138,1.03169179759864,230,142.100000023842,Dbl - Closed,48,"A,B,C",H,TIC Premium Brand,1800,0.916,0.836,7.49999971875556,575,60,1759,7.3,3,50.8,530,330,50,1.2830482115085537,13.130999442628,9.46384716033936,27.1546306610107,15.2172355651855,15.2172355651855,58.5862998962402,25.670108795166,21.5398426055908,16.0938568115234,7.05493016577206,16.5311012268066,213T
4H4010,4,0.24790191739334,Delta,AL,AL,1.68247346377348,1.66845166683197,0.425286433481955,230,142.100000023842,Dbl - Closed,48,"A,B,C",H,TIC Premium Brand,1800,0.918,0.862,10.0000000511354,460,60,1748,12,4.2,81,260,320,53,1.3582342954159592,9.68411208893812,4.73528099060059,14.5358762741089,15.2172355651855,15.2172355651855,56.573413848877,25.7955894470215,21.5398426055908,16.4117603302002,7.05493016577206,8.88459968566895,215T
4H4010C,4,0.24790191739334,Delta,AL,AL,2.58277131481627,2.5610191822052,0.652800853335918,230,142.100000023842,Dbl - Closed,48,"A,B,C",H,TIC Premium Brand,1800,0.919,0.86,10.0000000511354,575,60,1749,9.6,3.3,64.8,270,340,51,1.4208106978687838,9.68411208893812,7.26873159408569,22.3705310821533,15.2172355651855,15.2172355651855,56.9002418518066,25.7475776672363,21.5398426055908,16.2903900146484,7.05493016577206,13.5982246398926,215T
3H4015,4,0.510801336055624,Delta,AL,AL,1.1131330362188,0.591834127902985,0.169654308518208,265,170.249996900558,Dbl - Closed,48,"A,B,C",G,TIC Premium Brand,1800,0.924,0.836,14.9999994375111,460,60,1776,18.2,6.6,110,229,254,44,1.3119834710743803,11.9925341566501,3.02170610427856,11.8638677597046,12.8362894058228,12.8362894058228,70.3932800292969,31.3025302886963,20.2172069549561,17.638162612915,6.49902291566676,7.32364368438721,254T
3H4015C,4,0.512002514766592,Delta,AL,AL,1.65182306210274,0.91585385799408,0.263123375836738,265,170.3499969244,Dbl - Closed,48,"A,B,C",G,TIC Premium Brand,1800,0.924,0.836,14.9999994375111,575,60,1776,14.5,5.3,88,229,254,43,1.313340227507756,11.9925341566501,4.60851526260376,18.7969207763672,12.8362894058228,12.8362894058228,70.5448150634766,31.2837409973145,21.7808780670166,17.7781715393066,7.03900318721123,11.3780717849731,254T
3H4020,4,0.64000314345824,Delta,AL,AL,0.755964535321218,0.482334524393082,0.113140930217356,265,170.3499969244,Dbl - Closed,48,"A,B",G,TIC Premium Brand,1800,0.931,0.849,20.0000001022707,460,60,1773,24,8.1,145,225,240,51,1.3208585580627408,9.62780911167685,2.28767395019531,9.74332141876221,12.8362894058228,12.8362894058228,68.0747451782227,31.2072505950928,21.7808780670166,17.5962085723877,7.03900318721123,5.90963840484619,256T
3H4020C,4,0.64000314345824,Delta,AL,AL,1.16618886671158,0.753647685050964,0.176782703464618,265,170.3499969244,Dbl - Closed,48,"A,B",G,TIC Premium Brand,1800,0.931,0.849,20.0000001022707,575,60,1773,19.3,6.5,116,225,240,50,1.319406267179769,9.6390697071291,3.5594847202301,15.2268896102905,12.8362894058228,12.8362894058228,68.0880737304688,31.2046566009521,21.7808780670166,17.5900249481201,7.03900318721123,9.23386764526367,256T
3H4025,4,0.798127087586913,Delta,AL,AL,0.507217543585647,0.386779427528381,0.053021853022374,265,170.249996900558,Dbl - Closed,48,"A,B,C",G,TIC Premium Brand,1800,0.938,0.86,24.9999994886465,460,60,1774,29,9.1,182,290,280,47,1.4242115971515767,7.76170301339587,1.6926064491272,7.27784776687622,12.8362894058228,12.8362894058228,68.373893737793,30.9529094696045,20.2172069549561,16.9807987213135,6.49902291566676,4.54562616348267,284T
3H4025C,4,0.798127087586913,Delta,AL,AL,0.79331004341411,0.604342877864838,0.0828466453474594,265,170.249996900558,Dbl - Closed,48,"A,B,C",G,TIC Premium Brand,1800,0.938,0.86,24.9999994886465,575,60,1775,23.6,7.3,146,290,280,56,1.4227642276422763,7.63918795480886,2.6454801559448198,11.3600120544434,12.8362894058228,12.8362894058228,68.3752975463867,30.9449138641357,20.2172069549561,16.9616298675537,6.49902291566676,7.08758115768433,284T
3H4030C,4,0.823667154389694,Delta,AL,AL,0.778110325674212,0.569508016109467,0.105554457724216,265,170.249996900558,Dbl - Closed,48,"A,B,C",G,TIC Premium Brand,1800,0.935,0.862,29.9999988750223,575,60,1770,29,8.2,174,270,250,51,1.2906556530717606,6.39004970073785,2.55861449241638,9.642333984375,12.8362894058228,12.8362894058228,62.1364097595215,30.0983638763428,20.2172069549561,16.4549026489258,6.49902291566676,6.16040658950806,286T
3H4030,4,0.823667154389694,Delta,AL,AL,0.477021525799562,0.342060774564743,0.0633986461706075,265,170.249996900558,Dbl - Closed,48,"A,B,C",G,TIC Premium Brand,1800,0.933,0.864,29.9999988750223,460,60,1470,35,10.9,218,250,260,45,1.26953125,6.39004970073785,1.5464369058609,5.83551073074341,12.8362894058228,12.8362894058228,62.9856185913086,29.9480628967285,20.2172069549561,16.030553817749,6.49902291566676,3.66307401657104,286T
3H4040,4,1.33458122830615,Delta,AL,AL,0.245203987758272,0.240387737751007,0.0446039385222214,310,193.600000023842,Dbl - Closed,48,"A,B",G,TIC Premium Brand,1800,0.941,0.845,40.0000002045414,460,60,1770,47,15,290,290,250,45,1.278118609406953,8.96523523539924,1.05753004550934,4.66559648513794,13.9970588684082,13.9970588684082,70.525016784668,36.0119094848633,21.2902946472168,18.0181102752686,6.61338609753464,3.09686517715454,326T
3H4040,4,1.33458122830615,Delta,AL,AL,0.245203987758272,0.240387737751007,0.0446039385222214,310,193.600000023842,Dbl - Closed,48,"A,B,C",G,TIC Premium Brand,1800,0.941,0.845,40.0000002045414,460,60,1770,47,15,290,290,250,56,1.278118609406953,8.96523523539924,1.05753004550934,4.66559648513794,13.9970588684082,13.9970588684082,70.525016784668,36.0119094848633,21.2902946472168,18.0181102752686,6.61338609753464,3.09686517715454,324T
4H4040C,4,1.33458122830615,Delta,AL,AL,0.374189616308513,0.369620203971863,0.0685830158717676,310,193.600000023842,Dbl - Closed,48,"A,B,C",G,TIC Premium Brand,1800,0.941,0.845,40.0000002045414,575,60,1770,38.3,12,232,290,250,56,1.2594458438287153,8.96523523539924,1.62322211265564,7.18222141265869,13.9970588684082,13.9970588684082,70.6940002441406,35.9671669006348,21.2902946472168,17.896427154541,6.61338609753464,4.74996519088745,324T
3H4040C,4,1.33458122830615,Delta,AL,AL,0.374189616308513,0.369620203971863,0.0685830158717676,310,193.600000023842,Dbl - Closed,48,"A,B,C",G,TIC Premium Brand,1800,0.941,0.845,40.0000002045414,575,60,1770,38.3,12,232,290,250,56,1.2594458438287153,8.96523523539924,1.62322211265564,7.18222141265869,13.9970588684082,13.9970588684082,70.6940002441406,35.9671669006348,21.2902946472168,17.896427154541,6.61338609753464,4.74996519088745,324T
3H4050,4,1.44432802657449,Delta,AL,AL,0.185615611445366,0.203916564583778,0.0352213259733054,310,193.700000047684,Dbl - Closed,48,"A,B",G,TIC Premium Brand,1800,0.943,0.842,49.999998977293,460,60,1770,60,20,362,260,240,54,1.2282497441146365,6.93290808966627,0.872081637382507,3.71268010139465,13.9970588684082,13.9970588684082,70.2806701660156,35.8352584838867,22.7296543121338,17.0618591308594,7.08655918460563,2.37377619743347,326T
3H4050C,4,1.44432802657449,Delta,AL,AL,0.305883814692818,0.32418492436409,0.0559945843923438,310,193.700000047684,Dbl - Closed,48,"A,B,C",G,TIC Premium Brand,1800,0.945,0.842,49.999998977293,575,60,1770,47.9,16,290,260,240,62,1.2480499219968797,6.93290808966627,1.39722204208374,5.89553165435791,13.9970588684082,13.9970588684082,70.0747528076172,35.8873481750488,22.7296543121338,17.2004165649414,7.08655918460563,3.78496050834656,326T
3H4060,4,2.32576773171886,Delta,AL,AL,0.12864407318728,0.137620225548744,0.0196411197049902,350,218.200000047684,Dbl - Closed,48,"A,B,C",G,TIC Premium Brand,1800,0.951,0.84,59.9999977500445,460,60,1778,70,22,435,216,274,54,1.255153458543289,7.69616402614329,0.652290761470795,2.8090543746948198,14.4394159317017,14.4394159317017,68.514778137207,41.6638793945313,19.6596126556396,17.4998760223389,5.9713005558791,1.96428000926971,364T
3H4060C,4,2.32576773171886,Delta,AL,AL,0.201969436789767,0.215031608939171,0.0306892495390472,350,218.200000047684,Dbl - Closed,48,"A,B,C",G,TIC Premium Brand,1800,0.951,0.84,59.9999977500445,575,60,1778,56.3,17,348,216,274,54,1.255153458543289,7.69616402614329,1.02016746997833,4.3891019821167,14.4394159317017,14.4394159317017,68.5134887695313,41.664176940918,19.6596126556396,17.5003795623779,5.9713005558791,3.06922125816345,364T
3H4075C,4,2.58418636857651,Delta,AL,AL,0.167219494209042,0.182951003313065,0.0237657548430382,350,218.200000047684,Dbl - Closed,48,"A,B,C",G,TIC Premium Brand,1800,0.953,0.838,75.000001022707,575,60,1776,70.6,23,434,200,270,55,1.2540640966093821,6.95516972114685,0.861005425453186,3.5660560131073,14.4394159317017,14.4394159317017,67.020866394043,41.5637321472168,19.6596126556396,17.3229846954346,5.9713005558791,2.6081874370575,365T
ALJ2237B,2,5.98258783552939,Delta,AL,AL,0.0339442850252826,0.0155225358903408,0.00950753412218189,480,275.400000095367,Dbl - Closed,48,A,G,TIC Premium Brand,3600,0.954,0.883,237.00000261813,460,60,3569,263.59,67.94,1683.8,155.4,261.3,45,0.9627855563743554,24.6799949724604,0.153921917080879,0.590100646018982,12.0089712142944,12.0089712142944,58.3669013977051,33.325080871582,10.5510215759277,10.3578910827637,8.81960320481951,0.459130734205246,445T
ALJ2270B,2,6.44278689980088,Delta,AL,AL,0.0301890442093622,0.0138088157400489,0.00792594054420078,480,275.400000095367,Dbl - Closed,48,A,G,TIC Premium Brand,3600,0.955,0.879,269.999997545503,460,60,3570,301.32,80.22,1916.1,156.4,260,50,0.9629629629629629,22.9171381887133,0.136388957500458,0.519304394721985,12.0089712142944,12.0089712142944,57.8676376342773,33.241382598877,10.5510215759277,10.2930517196655,8.81960320481951,0.403095781803131,445T
ALJ2302B,2,6.90298596407238,Delta,AL,AL,0.0248753636455973,0.0133127393200994,0.00718906171809595,480,275.400000095367,Dbl - Closed,48,"A,B",F,TIC Premium Brand,3600,0.956,0.889,302.000030435762,460,60,3568,332.78,77.01,2012.8,148,247.2,58,0.9626168224299064,21.3893289761324,0.126807942986488,0.494104623794556,12.0089712142944,12.0089712142944,57.047477722168,33.2303161621094,10.5510215759277,10.2841196060181,8.81960320481951,0.384737700223923,445T
ALJ2237C,2,5.98258783552939,Delta,AL,AL,0.0549541594461732,0.0246776044368744,0.0151150022622967,480,275.400000095367,Dbl - Closed,48,A,F,TIC Premium Brand,3600,0.953,0.882,237.00000261813,575,60,3569,211.07,53.87,1322.7,152.4,256.7,46,0.9628657164291071,24.6799949724604,0.245693638920784,0.937026143074036,12.0089712142944,12.0089712142944,58.231372833252,33.3465156555176,10.5510215759277,10.373761177063,8.81960320481951,0.730337023735046,445T
ALJ2270C,2,6.44278689980088,Delta,AL,AL,0.0441050829376125,0.0228268187493086,0.0131020649812299,480,275.400000095367,Dbl - Closed,48,"A,B",F,TIC Premium Brand,3600,0.955,0.886,269.999997545503,575,60,3568,239.01,57.28,1450.5,148.1,248.9,49,0.962862669245648,22.9171381887133,0.219660043716431,0.855430126190186,12.0089712142944,12.0089712142944,57.4741096496582,33.3005104064941,10.5510215759277,10.3393402099609,8.81960320481951,0.667444944381714,445T
ALJ2302C,2,6.90298596407238,Delta,AL,AL,0.0390133773058969,0.0208011548966169,0.0112329089345249,480,275.400000095367,Dbl - Closed,48,"A,B",F,TIC Premium Brand,3600,0.956,0.889,302.000030435762,575,60,3568,266.24,61.61,1610.1,148,247.2,58,0.962991819244254,21.3893289761324,0.198283031582832,0.772033631801605,12.0089712142944,12.0089712142944,57.0467872619629,33.2304801940918,10.5510215759277,10.284252166748,8.81960320481951,0.601155519485474,445T
ALJ2198P,2,5.98258783552939,Delta,AL,AL,0.0339442850252826,0.0155225358903408,0.00950753412218189,480,275.400000095367,Dbl - Closed,48,,F,TIC Premium Brand,3000,0.951,0.886,197.999990018379,380,50,2968,266.37,65.69,1586.9,133.3,193.9,51,0.7372623574144487,24.6799949724604,0.12542998790741,0.490615636110306,12.0089712142944,12.0089712142944,58.1028251647949,35.3960418701172,10.5510215759277,10.4040374755859,8.81960320481951,0.39187303185463,445T
ALJ2225P,2,6.44278689980088,Delta,AL,AL,0.0301890442093622,0.0138088157400489,0.00792594054420078,480,275.400000095367,Dbl - Closed,48,,F,TIC Premium Brand,3000,0.952,0.886,225.000008181656,380,50,2969,302.34,74.43,1805.1,134.2,193.7,55,0.737062404870624,22.9171381887133,0.111042603850365,0.431897431612015,12.0089712142944,12.0089712142944,57.6457099914551,35.3110771179199,10.5510215759277,10.3416528701782,8.81960320481951,0.344242721796036,445T
ALJ2252P,2,6.90298596407238,Delta,AL,AL,0.0248753636455973,0.0133127393200994,0.00718906171809595,480,275.400000095367,Dbl - Closed,48,"A,B",E,TIC Premium Brand,3000,0.953,0.892,252.000005890793,380,50,2967,335.15,74.59,1896,127.2,183.9,59,0.7373696872493986,21.3893289761324,0.102372139692307,0.410930216312408,12.0089712142944,12.0089712142944,56.827808380127,35.3106536865234,10.5510215759277,10.3413286209106,8.81960320481951,0.328808724880219,445T
Y12001,2,5.98258783552939,Delta,AL,AL,0.0339442850252826,0.0155225358903408,0.00950753412218189,480,275.400000095367,Dbl - Closed,48,A,H,TIC Premium Brand,3600,0.957,0.873,199.999995909172,460,60,3573,224.24,67.94,1683.8,184.4,303.4,35,0.9628689304982544,24.6799949724604,0.153921917080879,0.603065848350525,12.0089712142944,12.0089712142944,60.8809852600098,33.325080871582,10.5510215759277,10.3578910827637,8.81960320481951,0.459130734205246,445T
Y120012,2,5.98258783552939,Delta,AL,AL,0.0339442850252826,0.0155225358903408,0.00950753412218189,480,275.400000095367,Dbl - Closed,48,A,H,TIC Premium Brand,3600,0.956,0.875,205.999993127409,460,60,3573,230.52,67.94,1683.8,179,295.7,36,0.9628785411917941,24.6799949724604,0.153921917080879,0.600564301013947,12.0089712142944,12.0089712142944,60.3959121704102,33.325080871582,10.5510215759277,10.3578910827637,8.81960320481951,0.459130734205246,445T
Y120013,2,6.44278689980088,Delta,AL,AL,0.0301890442093622,0.0138088157400489,0.00792594054420078,480,275.400000095367,Dbl - Closed,48,A,H,TIC Premium Brand,3600,0.957,0.871,234.999996727337,460,60,3573,264.02,80.22,1916.1,179.8,293.9,40,0.962659679004258,22.9171381887133,0.136388957500458,0.528299391269684,12.0089712142944,12.0089712142944,59.8104553222656,33.241382598877,10.5510215759277,10.2930517196655,8.81960320481951,0.403095781803131,445T
Y120011,2,6.90298596407238,Delta,AL,AL,0.0248753636455973,0.0133127393200994,0.00718906171809595,480,275.400000095367,Dbl - Closed,48,A,H,TIC Premium Brand,3600,0.959,0.881,250,460,60,3573,276.93,77,2012.8,179,292.1,39,0.9627554383651946,21.3893289761324,0.126807942986488,0.505779266357422,12.0089712142944,12.0089712142944,59.6422004699707,33.2303161621094,10.5510215759277,10.2841196060181,8.81960320481951,0.384737700223923,445T
Y120014,2,6.90298596407238,Delta,AL,AL,0.0248753636455973,0.0133127393200994,0.00718906171809595,480,275.400000095367,Dbl - Closed,48,A,G,TIC Premium Brand,3600,0.959,0.884,262.99999738187,460,60,3572,290.67,77,2012.8,170.1,279.4,42,0.9624526352049603,21.3893289761324,0.126807942986488,0.502435207366943,12.0089712142944,12.0089712142944,58.8989791870117,33.2303161621094,10.5510215759277,10.2841196060181,8.81960320481951,0.384737700223923,445T
Y120016,2,5.98258783552939,Delta,AL,AL,0.0339442850252826,0.0155225358903408,0.00950753412218189,480,275.400000095367,Dbl - Closed,48,A,H,TIC Premium Brand,3000,0.957,0.869,150.000002045414,380,50,2975,204.62,65.69,1586.9,176.3,247.5,32,0.7372654155495979,24.6799949724604,0.12542998790741,0.508876621723175,12.0089712142944,12.0089712142944,62.3520088195801,35.3960418701172,10.5510215759277,10.4040374755859,8.81960320481951,0.39187303185463,445T
Y120018,2,6.44278689980088,Delta,AL,AL,0.0301890442093622,0.0138088157400489,0.00792594054420078,480,275.400000095367,Dbl - Closed,48,A,G,TIC Premium Brand,3000,0.955,0.879,196.000004581728,380,50,2972,264.53,74.43,1805.1,154.2,219,43,0.7371255469538875,22.9171381887133,0.111042603850365,0.43931058049202,12.0089712142944,12.0089712142944,59.5671081542969,35.3110771179199,10.5510215759277,10.3416528701782,8.81960320481951,0.344242721796036,445T
Y120015,2,6.90298596407238,Delta,AL,AL,0.0248753636455973,0.0133127393200994,0.00718906171809595,480,275.400000095367,Dbl - Closed,48,"A,B",G,TIC Premium Brand,3000,0.958,0.882,199.999995909172,380,50,2973,268.19,74.59,1896,159.8,225.6,40,0.7372549019607842,21.3893289761324,0.102372139692307,0.422965496778488,12.0089712142944,12.0089712142944,60.0376625061035,35.3106536865234,10.5510215759277,10.3413286209106,8.81960320481951,0.328808724880219,445T
Y120019,2,6.90298596407238,Delta,AL,AL,0.0248753636455973,0.0133127393200994,0.00718906171809595,480,275.400000095367,Dbl - Closed,48,"A,B",G,TIC Premium Brand,3000,0.956,0.887,219.999993454675,380,50,2971,293.91,74.59,1896,145.2,207.4,46,0.7370291400142147,21.3893289761324,0.102372139692307,0.417863070964813,12.0089712142944,12.0089712142944,58.6768264770508,35.3106536865234,10.5510215759277,10.3413286209106,8.81960320481951,0.328808724880219,445T
Y12002,2,5.98258783552939,Delta,AL,AL,0.0549541594461732,0.0246776044368744,0.0151150022622967,480,275.400000095367,Dbl - Closed,48,A,H,TIC Premium Brand,3600,0.956,0.873,199.999995909172,575,60,3573,179.46,53.87,1322.7,180.8,298.1,35,0.9628552971576227,24.6799949724604,0.245693638920784,0.957504451274872,12.0089712142944,12.0089712142944,60.7291526794434,33.3465156555176,10.5510215759277,10.373761177063,8.81960320481951,0.730337023735046,445T
Y120022,2,5.98258783552939,Delta,AL,AL,0.0549541594461732,0.0246776044368744,0.0151150022622967,480,275.400000095367,Dbl - Closed,48,A,H,TIC Premium Brand,3600,0.956,0.875,205.999993127409,575,60,3572,184.5,53.87,1322.7,175.5,290.5,37,0.9625579854208084,24.6799949724604,0.245693638920784,0.953569948673248,12.0089712142944,12.0089712142944,60.2492523193359,33.3465156555176,10.5510215759277,10.373761177063,8.81960320481951,0.730337023735046,445T
Y120023,2,6.44278689980088,Delta,AL,AL,0.0441050829376125,0.0228268187493086,0.0131020649812299,480,275.400000095367,Dbl - Closed,48,A,G,TIC Premium Brand,3600,0.957,0.88,234.999996727337,575,60,3572,208.83,57.28,1450.5,170.3,281.4,39,0.9627095449880259,22.9171381887133,0.219660043716431,0.870049715042114,12.0089712142944,12.0089712142944,59.3843040466309,33.3005104064941,10.5510215759277,10.3393402099609,8.81960320481951,0.667444944381714,445T
Y120021,2,6.90298596407238,Delta,AL,AL,0.0390133773058969,0.0208011548966169,0.0112329089345249,480,275.400000095367,Dbl - Closed,48,A,H,TIC Premium Brand,3600,0.959,0.881,250,575,60,3573,221.55,61.6,1610.1,179,292.1,39,0.9627554383651946,21.3893289761324,0.198283031582832,0.790275871753693,12.0089712142944,12.0089712142944,59.6416015625,33.2304801940918,10.5510215759277,10.284252166748,8.81960320481951,0.601155519485474,445T
Y120024,2,6.90298596407238,Delta,AL,AL,0.0390133773058969,0.0208011548966169,0.0112329089345249,480,275.400000095367,Dbl - Closed,48,A,G,TIC Premium Brand,3600,0.958,0.884,262.99999738187,575,60,3572,232.55,61.6,1610.1,170.1,279.4,42,0.9627842866988283,21.3893289761324,0.198283031582832,0.785050809383392,12.0089712142944,12.0089712142944,58.8983764648438,33.2304801940918,10.5510215759277,10.284252166748,8.81960320481951,0.601155519485474,445T
Y120017,2,5.98258783552939,Delta,AL,AL,0.0339442850252826,0.0155225358903408,0.00950753412218189,480,275.400000095367,Dbl - Closed,48,A,G,TIC Premium Brand,3000,0.954,0.879,171.999995254639,380,50,2972,232.45,65.69,1586.9,153.6,219.7,40,0.737248322147651,24.6799949724604,0.12542998790741,0.499299734830856,12.0089712142944,12.0089712142944,60.1235466003418,35.3960418701172,10.5510215759277,10.4040374755859,8.81960320481951,0.39187303185463,445T
4H2Y15,2,0.00873760038434474,Wye,AL,AL,5.60820402880326,3.26075720787048,2.05441849925817,160,81.3000000119209,Diamond,24,"A,B",M,TIC Premium Brand,3600,0.854,0.819,1.49999994375111,460,60,3500,2,1.1,20,350,400,29,1.1584129742253113,34.232210174851,10.9233798980713,18.4571685791016,10.237286567688,10.237286567688,27.3430976867676,10.4334506988525,26.4915428161621,18.5982723236084,10.6726513947107,12.4397315979004,143T
ALJ2125B,2,3.9531071962805,Delta,AL,AL,0.0707870006933587,0.0288714691996574,0.0235258811868743,430,255.199999809265,Dbl - Closed,48,A,G,TIC Premium Brand,3600,0.952,0.881,125,460,60,3567,139.55,34.83,961.9,145.9,270.3,34,0.8974103585657371,22.2339170951041,0.264560103416443,0.999575793743134,11.4516925811768,11.4516925811768,44.2524528503418,22.9136600494385,9.3488655090332,9.3488655090332,7.83515547725297,0.751847863197327,405T
ALJ2134B,2,3.9531071962805,Delta,AL,AL,0.0707870006933587,0.0288714691996574,0.0235258811868743,430,255.199999809265,Dbl - Closed,48,A,G,TIC Premium Brand,3600,0.951,0.884,133.999995827355,460,60,3565,149.29,34.83,961.9,136,253.9,38,0.8971731448763252,22.2339170951041,0.264560103416443,0.991636276245117,11.4516925811768,11.4516925811768,43.4733009338379,22.9136600494385,9.3488655090332,9.3488655090332,7.83515547725297,0.751847863197327,405T
ALJ2150B,2,4.32636195301085,Delta,AL,AL,0.0585414792259695,0.0246507339179516,0.0185883505674068,430,255.199999809265,Dbl - Closed,48,A,G,TIC Premium Brand,3600,0.954,0.875,150.000002045414,460,60,3567,168.22,44.07,1143.4,145.4,267.9,39,0.8974874371859296,20.315696796703,0.222488522529602,0.83903169631958,11.4516925811768,11.4516925811768,43.5532264709473,22.8288822174072,9.3488655090332,9.3488655090332,7.83515547725297,0.63249397277832,405T
ALJ2154B,2,3.9531071962805,Delta,AL,AL,0.0707870006933587,0.0288714691996574,0.0235258811868743,430,255.199999809265,Dbl - Closed,48,"A,B",E,TIC Premium Brand,3600,0.948,0.887,154.000013826999,460,60,3560,171.46,34.83,961.9,118.2,223.8,49,0.8973536487570168,22.2339170951041,0.264560103416443,0.977087795734406,11.4516925811768,11.4516925811768,42.0455741882324,22.9136600494385,9.3488655090332,9.3488655090332,7.83515547725297,0.751847863197327,405T
Y120051,2,4.32636195301085,Delta,AL,AL,0.0585414792259695,0.0246507339179516,0.0185883505674068,430,255.199999809265,Dbl - Closed,48,A,G,TIC Premium Brand,3600,0.954,0.876,154.000013826999,460,60,3566,172.54,44.07,1143.4,141.6,261.5,40,0.8970840480274442,20.315696796703,0.222488522529602,0.836837351322174,11.4516925811768,11.4516925811768,43.3041915893555,22.8288822174072,9.3488655090332,9.3488655090332,7.83515547725297,0.63249397277832,405T
ALJ2175B,2,4.4960232060701,Delta,AL,AL,0.0513714058280821,0.0224006362259388,0.0163374174908849,430,255.199999809265,Dbl - Closed,48,A,G,TIC Premium Brand,3600,0.954,0.871,175.000004090828,460,60,3566,197.09,52.08,1268,138.7,255.9,45,0.89726507713885,19.5490667289029,0.199799299240112,0.75160676240921,11.4516925811768,11.4516925811768,42.688648223877,22.7721900939941,9.3488655090332,9.31992530822754,7.83515547725297,0.570648610591888,405T
ALJ2177B,2,4.32636195301085,Delta,AL,AL,0.0585414792259695,0.0246507339179516,0.0185883505674068,430,255.199999809265,Dbl - Closed,48,A,F,TIC Premium Brand,3600,0.95,0.882,177.000009981621,460,60,3562,197.75,44.07,1143.4,123,230.6,51,0.8972762645914397,20.315696796703,0.222488522529602,0.824490785598755,11.4516925811768,11.4516925811768,41.903003692627,22.8288822174072,9.3488655090332,9.3488655090332,7.83515547725297,0.63249397277832,405T
ALJ2201B,2,4.4960232060701,Delta,AL,AL,0.0513714058280821,0.0224006362259388,0.0163374174908849,430,255.199999809265,Dbl - Closed,48,"A,B",F,TIC Premium Brand,3600,0.951,0.88,200.999998854568,460,60,3561,224.68,51.08,1268,120.6,225.6,57,0.8973747016706444,19.5490667289029,0.199799299240112,0.740981101989746,11.4516925811768,11.4516925811768,41.3683929443359,22.7721900939941,9.3488655090332,9.31992530822754,7.83515547725297,0.570648610591888,405T
ALJ2125C,2,3.9531071962805,Delta,AL,AL,0.110591003454043,0.045111671090126,0.036759189354491,430,255.199999809265,Dbl - Closed,48,A,G,TIC Premium Brand,3600,0.952,0.881,125,575,60,3567,111.64,27.86,769.5,145.9,270.3,34,0.8974103585657371,22.2339170951041,0.413361459970474,1.56183755397797,11.4516925811768,11.4516925811768,44.2524757385254,22.9136543273926,9.3488655090332,9.3488655090332,7.83515547725297,1.17476224899292,405T
ALJ2134C,2,3.9531071962805,Delta,AL,AL,0.110591003454043,0.045111671090126,0.036759189354491,430,255.199999809265,Dbl - Closed,48,A,G,TIC Premium Brand,3600,0.951,0.884,133.999995827355,575,60,3565,119.43,27.86,769.5,136,253.9,38,0.8971731448763252,22.2339170951041,0.413361459970474,1.54943203926086,11.4516925811768,11.4516925811768,43.4733238220215,22.9136543273926,9.3488655090332,9.3488655090332,7.83515547725297,1.17476224899292,405T
ALJ2150C,2,4.32636195301085,Delta,AL,AL,0.0920638355926667,0.0385167710483074,0.0290442977615732,430,255.199999809265,Dbl - Closed,48,A,G,TIC Premium Brand,3600,0.954,0.875,150.000002045414,575,60,3567,134.59,35.25,914.6,145.3,267.7,39,0.897117962466488,20.315696796703,0.348231077194214,1.3109724521637,11.4516925811768,11.4516925811768,43.5521659851074,22.8291683197021,9.3488655090332,9.3488655090332,7.83515547725297,0.988275766372681,405T
ALJ2154C,2,3.9531071962805,Delta,AL,AL,0.111267651694001,0.045111671090126,0.036759189354491,430,255.199999809265,Dbl - Closed,48,"A,B",E,TIC Premium Brand,3600,0.948,0.887,154.000013826999,575,60,3560,137.18,27.86,769.4,118.2,223.7,49,0.8973124749298034,22.2339170951041,0.414038121700287,1.52668058872223,11.4516925811768,11.4516925811768,42.0443725585938,22.9139423370361,9.3488655090332,9.3488655090332,7.83515547725297,1.17476677894592,405T
Y120061,2,4.32636195301085,Delta,AL,AL,0.0920638355926667,0.0385167710483074,0.0290442977615732,430,255.199999809265,Dbl - Closed,48,A,G,TIC Premium Brand,3600,0.953,0.876,154.000013826999,575,60,3566,138.04,35.25,914.6,141.5,261.4,40,0.8973566769653277,20.315696796703,0.348231077194214,1.30754196643829,11.4516925811768,11.4516925811768,43.3029975891113,22.8291683197021,9.3488655090332,9.3488655090332,7.83515547725297,0.988275766372681,405T
ALJ2175C,2,4.4960232060701,Delta,AL,AL,0.081148852946347,0.0350009948015213,0.0255272148295077,430,255.199999809265,Dbl - Closed,48,A,G,TIC Premium Brand,3600,0.954,0.871,175.000004090828,575,60,3566,157.7,41.66,1014.1,138.6,255.7,45,0.8971929824561403,19.5490667289029,0.313067436218262,1.17436146736145,11.4516925811768,11.4516925811768,42.6867256164551,22.7726497650146,9.3488655090332,9.32035064697266,7.83515547725297,0.891654133796692,405T
ALJ2177C,2,4.32636195301085,Delta,AL,AL,0.0920638355926667,0.0385167710483074,0.0290442977615732,430,255.199999809265,Dbl - Closed,48,A,F,TIC Premium Brand,3600,0.95,0.882,177.000009981621,575,60,3562,158.22,35.25,914.6,123,230.5,51,0.8975856697819314,20.315696796703,0.348231077194214,1.28825008869171,11.4516925811768,11.4516925811768,41.9017868041992,22.8291683197021,9.3488655090332,9.3488655090332,7.83515547725297,0.988275766372681,405T
ALJ2201C,2,4.4960232060701,Delta,AL,AL,0.081148852946347,0.0350009948015213,0.0255272148295077,430,255.199999809265,Dbl - Closed,48,"A,B",F,TIC Premium Brand,3600,0.951,0.88,200.999998854568,575,60,3561,180.57,41.66,1014.1,120.5,225.4,57,0.8972929936305734,19.5490667289029,0.313067436218262,1.15775835514069,11.4516925811768,11.4516925811768,41.3664321899414,22.7726497650146,9.3488655090332,9.32035064697266,7.83515547725297,0.891654133796692,405T
ALJ2168P,2,4.4960232060701,Delta,AL,AL,0.0513714058280821,0.0224006362259388,0.0163374174908849,430,255.199999809265,Dbl - Closed,48,"A,B",E,TIC Premium Brand,3000,0.941,0.88,168.000003927195,380,50,2961,229.91,50.36,1227.8,115.6,218.9,63,0.9008230452674897,19.5490667289029,0.171919956803322,0.616681396961212,11.4516925811768,11.4516925811768,41.185432434082,24.3288726806641,9.3488655090332,9.3488655090332,7.83515547725297,0.486337721347809,405T
ALJ2148P,2,4.32636195301085,Delta,AL,AL,0.0585414792259695,0.0246507339179516,0.0185883505674068,430,255.199999809265,Dbl - Closed,48,"A,B",E,TIC Premium Brand,3000,0.941,0.885,148,380,50,2961,201.54,42.5,1107.9,115.4,222.7,56,0.8972602739726028,20.315696796703,0.191808745265007,0.686177551746368,11.4516925811768,11.4516925811768,41.704891204834,24.386905670166,9.3488655090332,9.3488655090332,7.83515547725297,0.538518786430359,405T
ALJ2100P,2,3.9531071962805,Delta,AL,AL,0.0707870006933587,0.0288714691996574,0.0235258811868743,430,255.199999809265,Dbl - Closed,48,"A,B",G,TIC Premium Brand,3000,0.945,0.883,99.9999979545859,380,50,2968,135.92,33.49,932.2,139.3,271.8,35,0.8973258501155498,22.2339170951041,0.228627294301987,0.836122035980225,11.4516925811768,11.4516925811768,44.5305137634277,24.4737606048584,9.3488655090332,9.3488655090332,7.83515547725297,0.639787673950195,405T
ALJ2112P,2,3.9531071962805,Delta,AL,AL,0.0707870006933587,0.0288714691996574,0.0235258811868743,430,255.199999809265,Dbl - Closed,48,"A,B",F,TIC Premium Brand,3000,0.942,0.887,112.00000261813,380,50,2964,151.9,33.49,932.2,124.3,245.4,42,0.8972577696526508,22.2339170951041,0.228627294301987,0.825269222259521,11.4516925811768,11.4516925811768,43.2524490356445,24.4737606048584,9.3488655090332,9.3488655090332,7.83515547725297,0.639787673950195,405T
ALJ2125P,2,4.32636195301085,Delta,AL,AL,0.0585414792259695,0.0246507339179516,0.0185883505674068,430,255.199999809265,Dbl - Closed,48,"A,B",G,TIC Premium Brand,3000,0.946,0.879,125,380,50,2967,170.42,42.5,1107.9,132.9,259.6,42,0.8970283344851419,20.315696796703,0.191808745265007,0.69867616891861,11.4516925811768,11.4516925811768,43.4070129394531,24.386905670166,9.3488655090332,9.3488655090332,7.83515547725297,0.538518786430359,405T
ALJ2129P,2,4.32636195301085,Delta,AL,AL,0.0585414792259695,0.0246507339179516,0.0185883505674068,430,255.199999809265,Dbl - Closed,48,"A,B",G,TIC Premium Brand,3000,0.945,0.88,129.000001554515,380,50,2966,175.73,42.5,1107.9,128.7,252.4,44,0.8975817923186344,20.315696796703,0.191808745265007,0.696208298206329,11.4516925811768,11.4516925811768,43.070930480957,24.386905670166,9.3488655090332,9.3488655090332,7.83515547725297,0.538518786430359,405T
ALJ2146P,2,4.4960232060701,Delta,AL,AL,0.0513714058280821,0.0224006362259388,0.0163374174908849,430,255.199999809265,Dbl - Closed,48,A,F,TIC Premium Brand,3000,0.946,0.875,146.000000490899,380,50,2966,199.94,50.36,1227.8,126.3,247.9,49,0.8975380159304852,19.5490667289029,0.171919956803322,0.625564098358154,11.4516925811768,11.4516925811768,42.5098609924316,24.3288726806641,9.3488655090332,9.3488655090332,7.83515547725297,0.486337721347809,405T
CMJ2790U,2,19.3605414163297,Wye,Special,Special,0.261431357757598,0.14492179453373,0.0162791104129111,590,334.199999809265,Trapeze,42,,E,TIC Premium Brand,3600,0.957,0.881,790.000035999288,4000,60,3576,100.92,24.17,541.7,89.5,224.8,51,0.7141041931385006,20.3250757081173,1.02994525432587,3.82315444946289,11.7860479354858,11.7860479354858,16.4334106445313,14.4688749313354,6.76797199249268,5.90161085128784,5.77114361504826,3.59973382949829,5011/12
ANJ2900B,2,25.713660456375,Delta,AL,AL,0.00629956948059387,0.00595414731651545,0.00267088956640317,670,368.400000095367,Dbl - Closed,48,,E,TIC Premium Brand,3600,0.967,0.896,900.000032726625,460,60,3586,972.32,189.49,5482.2,132.3,209.6,37,1.0396825396825398,29.8607706181446,0.0389315038919449,0.214163854718208,18.5331363677979,18.5331363677979,43.3013916015625,20.8149948120117,4.33453512191772,4.16997957229614,7.29233651799227,0.166639626026154,5812USS
ANJ22900C,2,25.713660456375,Delta,AL,AL,0.0117156768541698,0.0105851506814361,0.00474824811805009,670,368.400000095367,Dbl - Closed,48,,D,TIC Premium Brand,3600,0.964,0.898,900.000032726625,575,60,3581,778.43,122.5,3832.1,114.7,187.3,42,1.0394006659267483,29.8607706181446,0.0697280019521713,0.375076740980148,18.5331363677979,18.5331363677979,41.765682220459,21.1408176422119,4.33453512191772,4.22252893447876,7.29233651799227,0.297968298196793,5812USS
ANJ2M20B,2,25.713660456375,Delta,AL,AL,0.00629956948059387,0.00595414731651545,0.00267088956640317,670,368.400000095367,Dbl - Closed,48,,D,TIC Premium Brand,3600,0.966,0.895,1000,460,60,3582,1083.35,189.49,5482.2,118.9,192.5,45,1.039416846652268,29.8607706181446,0.0389315038919449,0.209647342562675,18.5331363677979,18.5331363677979,41.122428894043,20.8149948120117,4.33453512191772,4.16997957229614,7.29233651799227,0.166639626026154,5812USS
ANJ2M20C,2,25.713660456375,Delta,AL,AL,0.00909849644116459,0.00810425635427237,0.0036353774653821,670,368.400000095367,Dbl - Closed,48,,F,TIC Premium Brand,3600,0.968,0.889,1000,575,60,3588,870.46,192.16,5060.8,138.1,216.3,41,1.0394041326285441,29.8607706181446,0.0535141862928867,0.289802104234695,18.5331363677979,18.5331363677979,42.699291229248,20.4933395385742,4.33453512191772,4.11046266555786,7.29233651799227,0.225457161664963,5812USS
ANJ2M22C,2,25.713660456375,Delta,AL,AL,0.00806239077431585,0.00810425635427237,0.0036353774653821,670,368.400000095367,Dbl - Closed,48,,E,TIC Premium Brand,3600,0.968,0.889,1099.99996727337,575,60,3584,957.23,192.16,5066.4,125.7,201.1,47,1.0392764857881136,29.8607706181446,0.0524780787527561,0.284297555685043,18.5331363677979,18.5331363677979,40.7482147216797,20.4887542724609,4.33453512191772,4.10955142974854,7.29233651799227,0.225437328219414,5811USS
ANJ2M24C,2,25.713660456375,Delta,AL,AL,0.00806239077431585,0.00810425635427237,0.0036353774653821,670,368.400000095367,Dbl - Closed,48,,D,TIC Premium Brand,3600,0.966,0.888,1200.00001636331,575,60,3580,1047.12,192.16,5066.4,120.1,192.2,54,1.0671848972792892,29.8607706181446,0.0524780787527561,0.279774785041809,18.5331363677979,18.5331363677979,39.1451187133789,20.4887542724609,4.33453512191772,4.10955142974854,7.29233651799227,0.225437328219414,5811USS
ANJ2750P,2,25.713660456375,Delta,AL,AL,0.00629956948059387,0.00595414731651545,0.00267088956640317,670,368.400000095367,Dbl - Closed,48,,E,TIC Premium Brand,3000,0.961,0.897,750,380,50,2982,986.09,185.61,5360.5,118.7,205.1,40,1.0395337050177393,29.8607706181446,0.0318737588822842,0.177858516573906,18.5331363677979,18.5331363677979,42.9474563598633,22.0143260955811,4.33453512191772,4.18708086013794,7.29233651799227,0.141017213463783,5812USS
ANJ2800P,2,25.713660456375,Delta,AL,AL,0.00629956948059387,0.00595414731651545,0.00267088956640317,670,368.400000095367,Dbl - Closed,48,,D,TIC Premium Brand,3000,0.96,0.896,799.999983636687,380,50,2979,1053.94,185.61,5360.5,111.1,194.6,45,1.0389749065670046,29.8607706181446,0.0318737588822842,0.175581455230713,18.5331363677979,18.5331363677979,41.6291923522949,22.0143260955811,4.33453512191772,4.18708086013794,7.29233651799227,0.141017213463783,5812USS
ANJ2850P,2,25.713660456375,Delta,AL,AL,0.00629956948059387,0.00595414731651545,0.00267088956640317,670,368.400000095367,Dbl - Closed,48,,D,TIC Premium Brand,3000,0.959,0.894,849.999967273375,380,50,2977,1123.25,185.61,5360.5,114.5,195.3,50,1.0953449242849131,29.8607706181446,0.0318737588822842,0.173474624752998,18.5331363677979,18.5331363677979,40.4094696044922,22.0143260955811,4.33453512191772,4.18708086013794,7.29233651799227,0.141017213463783,5811USS
ANJ2M26C,2,29.8396346270255,Delta,AL,AL,0.0066796166339021,0.00676607619971037,0.00267088956640317,670,368.400000095367,Dbl - Closed,48,,E,TIC Premium Brand,3600,0.97,0.893,1299.99998363669,575,60,3586,1123.7,227.2,6289.7,135.6,208.8,49,1.0393230462916874,25.7318739400802,0.0433971472084522,0.232150375843048,18.5331363677979,18.5331363677979,40.6214141845703,20.2371978759766,4.33453512191772,4.05647706985474,7.29233651799227,0.181324690580368,5811USS
Y130081,2,25.713660456375,Delta,AL,AL,0.00806239077431585,0.00810425635427237,0.0036353774653821,670,368.400000095367,Dbl - Closed,48,,F,TIC Premium Brand,3600,0.969,0.889,1000,575,60,3588,869.57,192.16,5066.4,138.4,217,40,1.039272030651341,29.8607706181446,0.0524780787527561,0.289880245923996,18.5331363677979,18.5331363677979,42.726993560791,20.4887542724609,4.33453512191772,4.10955142974854,7.29233651799227,0.225437328219414,5811USS
Y130082,2,25.713660456375,Delta,AL,AL,0.00806239077431585,0.00810425635427237,0.0036353774653821,670,368.400000095367,Dbl - Closed,48,,G,TIC Premium Brand,3600,0.97,0.886,900.000032726625,575,60,3591,784.21,192.16,5066.4,154,235.8,34,1.0392243278977524,29.8607706181446,0.0524780787527561,0.296550154685974,18.5331363677979,18.5331363677979,45.0911293029785,20.4887542724609,4.33453512191772,4.10955142974854,7.29233651799227,0.225437328219414,5811USS
Y130071,2,25.713660456375,Delta,AL,AL,0.00629956948059387,0.00595414731651545,0.00267088956640317,670,368.400000095367,Dbl - Closed,48,,E,TIC Premium Brand,3600,0.967,0.896,900.000032726625,460,60,3586,972.32,189.49,5482.2,132.3,209.6,37,1.0396825396825398,29.8607706181446,0.0389315038919449,0.214163854718208,18.5331363677979,18.5331363677979,43.3013916015625,20.8149948120117,4.33453512191772,4.16997957229614,7.29233651799227,0.166639626026154,5811USS
ANJ2M21C,2,25.713660456375,Delta,AL,AL,0.00806239077431585,0.00810425635427237,0.0036353774653821,670,368.400000095367,Dbl - Closed,48,,E,TIC Premium Brand,3600,0.968,0.889,1043.00000392719,575,60,3586,906.97,192.16,5066.4,132.7,209.9,43,1.0396235760277366,29.8607706181446,0.0524780787527561,0.287370711565018,18.5331363677979,18.5331363677979,41.8374938964844,20.4887542724609,4.33453512191772,4.10955142974854,7.29233651799227,0.225437328219414,5811USS
ANJ2653P,2,25.713660456375,Delta,AL,AL,0.00629956948059387,0.00595414731651545,0.00267088956640317,670,368.400000095367,Dbl - Closed,48,,F,TIC Premium Brand,3000,0.963,0.896,653.000000654533,380,50,2987,857.79,185.61,5360.5,136.5,228.6,32,1.039090909090909,29.8607706181446,0.0318737588822842,0.183457836508751,18.5331363677979,18.5331363677979,46.1890869140625,22.0143260955811,4.33453512191772,4.18708086013794,7.29233651799227,0.141017213463783,5812USS
ANJ2696P,2,25.713660456375,Delta,AL,AL,0.00629956948059387,0.00595414731651545,0.00267088956640317,670,368.400000095367,Dbl - Closed,48,,F,TIC Premium Brand,3000,0.962,0.897,696.000004581728,380,50,2985,914.08,185.61,5360.5,128,217.6,36,1.0396559961777352,29.8607706181446,0.0318737588822842,0.180809006094933,18.5331363677979,18.5331363677979,44.6555976867676,22.0143260955811,4.33453512191772,4.18708086013794,7.29233651799227,0.141017213463783,5812UDZ
ANJ2739P,2,25.713660456375,Delta,AL,AL,0.00629956948059387,0.00595414731651545,0.00267088956640317,670,368.400000095367,Dbl - Closed,48,,E,TIC Premium Brand,3000,0.964,0.897,739.000008508923,380,50,2983,968.69,185.61,5360.5,120.4,207.4,39,1.0395989974937343,29.8607706181446,0.0318737588822842,0.178543329238892,18.5331363677979,18.5331363677979,43.3439140319824,22.0143260955811,4.33453512191772,4.18708086013794,7.29233651799227,0.141017213463783,5811USS
ANJ2783P,2,25.713660456375,Delta,AL,AL,0.00629956948059387,0.00595414731651545,0.00267088956640317,670,368.400000095367,Dbl - Closed,48,,E,TIC Premium Brand,3000,0.963,0.896,782.999974473232,380,50,2980,1028.2,185.61,5360.5,113.6,198.1,43,1.0398950131233595,29.8607706181446,0.0318737588822842,0.176349341869354,18.5331363677979,18.5331363677979,42.0737419128418,22.0143260955811,4.33453512191772,4.18708086013794,7.29233651799227,0.141017213463783,5811USS
ANJ2783B,2,25.713660456375,Delta,AL,AL,0.00629956948059387,0.00595414731651545,0.00267088956640317,670,368.400000095367,Dbl - Closed,48,,F,TIC Premium Brand,3600,0.968,0.894,782.999974473232,460,60,3591,846.38,189.49,5482.2,152.2,233.6,30,1.0396083667111704,29.8607706181446,0.0389315038919449,0.220976591110229,18.5331363677979,18.5331363677979,46.5881614685059,20.8149948120117,4.33453512191772,4.16997957229614,7.29233651799227,0.166639626026154,5812USS
ANJ2800B,2,25.713660456375,Delta,AL,AL,0.00629956948059387,0.00595414731651545,0.00267088956640317,670,368.400000095367,Dbl - Closed,48,,F,TIC Premium Brand,3600,0.968,0.895,799.999983636687,460,60,3591,864.42,189.49,5482.2,149,229.8,31,1.039819004524887,29.8607706181446,0.0389315038919449,0.219877183437347,18.5331363677979,18.5331363677979,46.0577583312988,20.8149948120117,4.33453512191772,4.16997957229614,7.29233651799227,0.166639626026154,5812USS
ANJ2870B,2,25.713660456375,Delta,AL,AL,0.00629956948059387,0.00595414731651545,0.00267088956640317,670,368.400000095367,Dbl - Closed,48,,F,TIC Premium Brand,3600,0.968,0.896,870.0000261813,460,60,3588,939.61,189.49,5482.2,136.9,215.2,35,1.0391115403186866,29.8607706181446,0.0389315038919449,0.215764343738556,18.5331363677979,18.5331363677979,44.073543548584,20.8149948120117,4.33453512191772,4.16997957229614,7.29233651799227,0.166639626026154,5812USS
ANJ2912B,2,25.713660456375,Delta,AL,AL,0.00629956948059387,0.00595414731651545,0.00267088956640317,670,368.400000095367,Dbl - Closed,48,,E,TIC Premium Brand,3600,0.967,0.896,911.999986254817,460,60,3586,985.49,189.49,5482.2,130.5,207.4,38,1.0395989974937343,29.8607706181446,0.0389315038919449,0.213556289672852,18.5331363677979,18.5331363677979,43.0082778930664,20.8149948120117,4.33453512191772,4.16997957229614,7.29233651799227,0.166639626026154,5811USS
ANJ2957B,2,25.713660456375,Delta,AL,AL,0.00629956948059387,0.00595414731651545,0.00267088956640317,670,368.400000095367,Dbl - Closed,48,,E,TIC Premium Brand,3600,0.966,0.896,956.999996072805,460,60,3584,1035.3,189.49,5482.2,124.3,199.6,42,1.0395833333333333,29.8607706181446,0.0389315038919449,0.211399346590042,18.5331363677979,18.5331363677979,41.9676704406738,20.8149948120117,4.33453512191772,4.16997957229614,7.29233651799227,0.166639626026154,5811USS
ANJ2783C,2,25.713660456375,Delta,AL,AL,0.0117156768541698,0.0105851506814361,0.00474824811805009,670,368.400000095367,Dbl - Closed,48,,E,TIC Premium Brand,3600,0.966,0.901,782.999974473232,575,60,3587,673.93,122.5,3832.1,132.1,209.2,33,1.039244908097367,29.8607706181446,0.0697280019521713,0.386274486780167,18.5331363677979,18.5331363677979,44.8044700622559,21.1408176422119,4.33453512191772,4.22252893447876,7.29233651799227,0.297968298196793,5812UDZ
ANJ2800C,2,25.713660456375,Delta,AL,AL,0.00909849644116459,0.00810425635427237,0.0036353774653821,670,368.400000095367,Dbl - Closed,48,,H,TIC Premium Brand,3600,0.969,0.881,799.999983636687,575,60,3595,701.44,192.16,5060.8,173,257.6,30,1.03954802259887,29.8607706181446,0.0535141862928867,0.304379314184189,18.5331363677979,18.5331363677979,47.8661689758301,20.4933395385742,4.33453512191772,4.11046266555786,7.29233651799227,0.225457161664963,5812USS
ANJ2870C,2,25.713660456375,Delta,AL,AL,0.00909849644116459,0.00810425635427237,0.0036353774653821,670,368.400000095367,Dbl - Closed,48,,G,TIC Premium Brand,3600,0.969,0.885,870.0000261813,575,60,3592,759.68,192.16,5060.8,159,241.3,33,1.0391903531438416,29.8607706181446,0.0535141862928867,0.298746556043625,18.5331363677979,18.5331363677979,45.8696479797363,20.4933395385742,4.33453512191772,4.11046266555786,7.29233651799227,0.225457161664963,5812USS
ANJ2912C,2,25.713660456375,Delta,AL,AL,0.00806239077431585,0.00810425635427237,0.0036353774653821,670,368.400000095367,Dbl - Closed,48,,F,TIC Premium Brand,3600,0.97,0.887,911.999986254817,575,60,3591,794.34,192.16,5066.4,151.9,233.4,35,1.0396436525612471,29.8607706181446,0.0524780787527561,0.295679539442062,18.5331363677979,18.5331363677979,44.7825469970703,20.4887542724609,4.33453512191772,4.10955142974854,7.29233651799227,0.225437328219414,5812USS
ANJ2957C,2,25.713660456375,Delta,AL,AL,0.00806239077431585,0.00810425635427237,0.0036353774653821,670,368.400000095367,Dbl - Closed,48,,F,TIC Premium Brand,3600,0.97,0.887,911.999986254817,575,60,3591,794.34,192.16,5066.4,151.9,233.4,35,1.0396436525612471,29.8607706181446,0.0524780787527561,0.295679539442062,18.5331363677979,18.5331363677979,44.7825469970703,20.4887542724609,4.33453512191772,4.10955142974854,7.29233651799227,0.225437328219414,5812USS
ALJ260B,2,15.5142841237895,Delta,AL,AL,0.0100482727261874,0.00656835688278079,0.00187050844791219,550,313.800000190735,Dbl - Closed,48,,G,TIC Premium Brand,3600,0.971,0.896,689.99998690935,460,60,3571,742.91,172.44,5109.5,133.7,300,51,1.0530010530010532,21.1953991002065,0.0457593202590942,0.195611566305161,12.1068906784058,12.1068906784058,38.9559020996094,21.1939468383789,9.17018127441406,8.71535778045654,7.58712109925462,0.154753267765045,507UDZ
ALJ2655B,2,13.9628557114106,Delta,AL,AL,0.011345111294708,0.00704415375366807,0.00219524949789694,550,313.800000190735,Dbl - Closed,48,,G,TIC Premium Brand,3600,0.969,0.881,654.999965637043,460,60,3570,718.31,189.53,4707.6,128.8,291.2,54,1.0531645569620254,23.76453838508,0.0498322322964668,0.210009157657623,12.1068906784058,12.1068906784058,38.671703338623,21.196741104126,9.17018127441406,8.71839141845703,7.58712109925462,0.167914256453514,507UDZ
ALJ2608B,2,13.9628557114106,Delta,AL,AL,0.0133136849677464,0.00704415375366807,0.00219524949789694,550,313.800000190735,Dbl - Closed,48,,G,TIC Premium Brand,3600,0.968,0.877,607.999949928263,460,60,3572,670.51,189.53,4691.4,137.9,308.4,51,1.0529190850119494,23.76453838508,0.0518008060753345,0.21176466345787,12.1068906784058,12.1068906784058,39.4349021911621,21.2022399902344,9.17018127441406,8.72433757781982,7.58712109925462,0.16795189678669,507UDZ
ALJ2690C,2,15.5142841237895,Delta,AL,AL,0.0156968276987553,0.0102630574256182,0.00292266944986279,550,313.800000190735,Dbl - Closed,48,,G,TIC Premium Brand,3600,0.971,0.896,689.99998690935,575,60,3571,594.32,137.95,4087.6,133.7,300,51,1.0530010530010532,21.1953991002065,0.0714953392744064,0.305643171072006,12.1068906784058,12.1068906784058,38.9559288024902,21.193941116333,9.17018127441406,8.71535015106201,7.58712109925462,0.241801902651787,507UDZ
ALJ2655C,2,13.9628557114106,Delta,AL,AL,0.0171934099263797,0.0106704346835613,0.00332534835184389,550,313.800000190735,Dbl - Closed,48,,G,TIC Premium Brand,3600,0.969,0.872,654.999965637043,575,60,3571,580.73,167.9,3888.5,133.2,298.8,53,1.053225237927388,23.76453838508,0.0754934251308441,0.318732917308807,12.1068906784058,12.1068906784058,38.8475074768066,21.1705551147461,9.17018127441406,8.68954372406006,7.58712109925462,0.254080384969711,507UDZ
ALJ2608C,2,13.9628557114106,Delta,AL,AL,0.0198178347145086,0.0120459198951721,0.00375400653782377,550,313.800000190735,Dbl - Closed,48,,G,TIC Premium Brand,3600,0.968,0.898,607.999949928263,575,60,3570,523.4,115,3429.9,126,288,50,1.053016453382084,23.76453838508,0.0856330841779709,0.360131472349167,12.1068906784058,12.1068906784058,38.9267959594727,21.2757892608643,9.17018127441406,8.80028247833252,7.58712109925462,0.28804287314415,507UDZ
ALJ2575P,2,15.5142841237895,Delta,AL,AL,0.0100482727261874,0.00656835688278079,0.00187050844791219,550,313.800000190735,Dbl - Closed,48,,G,TIC Premium Brand,3000,0.967,0.899,575.000016363313,380,50,2971,749.62,165.48,4961.6,121.7,292.2,55,1.0533525594808941,21.1953991002065,0.0388265699148178,0.162756249308586,12.1068906784058,12.1068906784058,38.8175277709961,22.5867710113525,9.17018127441406,8.76550388336182,7.58712109925462,0.131679475307465,507UDZ
ALJ2546P,2,13.9628557114106,Delta,AL,AL,0.011345111294708,0.00704415375366807,0.00219524949789694,550,313.800000190735,Dbl - Closed,48,"A,B",F,TIC Premium Brand,3000,0.965,0.886,546.000012763384,380,50,2970,723.77,180.35,4573.6,117.5,283.6,58,1.0531006312662459,23.76453838508,0.0423972904682159,0.17473492026329,12.1068906784058,12.1068906784058,38.5294380187988,22.5888576507568,9.17018127441406,8.76764965057373,7.58712109925462,0.142769530415535,507UDZ
ALJ2507P,2,13.9628557114106,Delta,AL,AL,0.0133136849677464,0.00704415375366807,0.00219524949789694,550,313.800000190735,Dbl - Closed,48,"A,B",G,TIC Premium Brand,3000,0.964,0.883,506.999979709492,380,50,2972,675.27,180.35,4553.7,125.5,299.8,55,1.0530382859149983,23.76453838508,0.0443658642470837,0.176172375679016,12.1068906784058,12.1068906784058,39.2793464660645,22.6038227081299,9.17018127441406,8.782883644104,7.58712109925462,0.142851576209068,507UDZ
ANJ2845B,2,21.0570837053895,Delta,AL,AL,0.0096093380699007,0.00799622479826212,0.00296663261081806,590,334.199999809265,Dbl - Closed,42,,D,TIC Premium Brand,3600,0.961,0.887,844.999993454675,460,60,3557,927.43,150.77,4386,96.5,219.3,62,0.9829672792469746,18.6558665919917,0.0442636460065842,0.204707205295563,11.7860479354858,11.7860479354858,27.4385833740234,14.9877099990845,7.0829815864563,6.37068557739258,5.86065694186802,0.164957419037819,5012UDZ
ANJ2845C,2,21.0570837053895,Delta,AL,AL,0.0121223348948743,0.0104440487921238,0.0038747854508644,590,334.199999809265,Dbl - Closed,42,,E,TIC Premium Brand,3600,0.965,0.878,844.999993454675,575,60,3564,746.7,162.92,4235.1,117.8,258,55,0.9832317073170732,18.6558665919917,0.0573851019144058,0.271525710821152,11.7860479354858,11.7860479354858,28.5386714935303,14.7975187301636,7.0829815864563,6.19442224502563,5.86065694186802,0.21352057158947,5012UDZ
ANJ2704P,2,21.0570837053895,Delta,AL,AL,0.0096093380699007,0.00799622479826212,0.00296663261081806,590,334.199999809265,Dbl - Closed,42,,C,TIC Premium Brand,3000,0.956,0.888,704.000028144898,380,50,2956,939.86,147.81,4273.4,89.9,213.5,67,0.9834177798249655,18.6558665919917,0.0380092114210129,0.170303389430046,11.7860479354858,11.7860479354858,27.3198661804199,15.8490839004517,7.0829815864563,6.41426515579224,5.86065694186802,0.13973106443882,5012UDZ
CMJ2740U,2,19.3605414163297,Wye,Special,Special,0.294734567212953,0.162472873926163,0.0182506289750283,590,334.199999809265,Trapeze,42,,E,TIC Premium Brand,3600,0.955,0.891,739.999970546037,4000,60,3575,93.45,19.86,481.6,84.6,214.7,49,0.7140006651147323,20.3250757081173,1.15632104873657,4.28616619110107,11.7860479354858,11.7860479354858,16.4334106445313,14.4688749313354,6.76797199249268,6.00773859024048,5.77114361504826,4.04948472976685,5011/12
CMJ2690U,2,19.3605414163297,Wye,Special,Special,0.311108709835895,0.181026875972748,0.0203348057406951,590,334.199999809265,Trapeze,42,,D,TIC Premium Brand,3600,0.955,0.899,689.99998690935,4000,60,3574,86.6,16.57,431.4,81.1,208,46,0.7140405080672846,20.3250757081173,1.2710862159729,4.77563571929932,11.7860479354858,11.7860479354858,16.4334106445313,14.4688749313354,6.76797199249268,6.1083459854126,5.77114361504826,4.52649879455566,5011/12
CMJ2655U,2,19.3605414163297,Wye,Special,Special,0.311108709835895,0.181026875972748,0.0203348057406951,590,334.199999809265,Trapeze,42,,E,TIC Premium Brand,3600,0.955,0.897,654.999965637043,4000,60,3575,82.3,16.57,431.4,85.5,219.2,42,0.7142391658520691,20.3250757081173,1.2710862159729,4.77563571929932,11.7860479354858,11.7860479354858,16.4334106445313,14.4688749313354,6.76797199249268,6.1083459854126,5.77114361504826,4.52649879455566,5011/12
CMJ2608U,2,17.4644059167922,Wye,Special,Special,0.35347310583957,0.185256794095039,0.0225316407099115,590,334.199999809265,Trapeze,42,,E,TIC Premium Brand,3600,0.953,0.878,607.999949928263,4000,60,3576,78.21,19.19,416.2,87.9,225.1,43,0.7139232477006026,22.5834174534636,1.33760333061218,4.93847942352295,11.7860479354858,11.7860479354858,16.4334106445313,14.4688749313354,6.76797199249268,6.0833911895752,5.77114361504826,4.6864275932312,5011/12
CMJ2658V,2,19.3605414163297,Wye,Special,Special,0.261431357757598,0.144617289304733,0.0162791104129111,590,334.199999809265,Trapeze,42,,E,TIC Premium Brand,3000,0.953,0.884,658.000015381514,3300,50,2976,101.93,23.58,529.1,91.8,217.3,54,0.7140979296746631,20.3250757081173,0.950291931629181,3.1860089302063,11.7860479354858,11.7860479354858,16.4343109130859,14.7062253952026,6.76797199249268,5.94357442855835,5.77114361504826,3.01621294021606,5011/12
CMJ2617V,2,19.3605414163297,Wye,Special,Special,0.294734567212953,0.162131503224373,0.0182506289750283,590,334.199999809265,Trapeze,42,,D,TIC Premium Brand,3000,0.952,0.893,617.000058253393,3300,50,2975,94.7,19.39,470.5,86.7,207.3,52,0.7140888735790561,20.3250757081173,1.0670211315155,3.57185792922974,11.7860479354858,11.7860479354858,16.4343109130859,14.7062253952026,6.76797199249268,6.04707288742065,5.77114361504826,3.39271068572998,5011/12
CMJ2575V,2,19.3605414163297,Wye,Special,Special,0.311108709835895,0.180646508932114,0.0203348057406951,590,334.199999809265,Trapeze,42,,D,TIC Premium Brand,3000,0.951,0.9,575.000016363313,3300,50,2974,87.65,16.19,421.6,83.2,201,49,0.7140319715808171,20.3250757081173,1.17158854007721,3.97975516319275,11.7860479354858,11.7860479354858,16.4343109130859,14.7062253952026,6.76797199249268,6.14460325241089,5.77114361504826,3.7919225692749,5011/12
CMJ2546V,2,19.3605414163297,Wye,Special,Special,0.311108709835895,0.180646508932114,0.0203348057406951,590,334.199999809265,Trapeze,42,"A,B",D,TIC Premium Brand,3000,0.952,0.899,546.000012763384,3300,50,2975,83.27,16.19,421.6,87.7,211.8,45,0.7140930546190155,20.3250757081173,1.17158854007721,3.97975516319275,11.7860479354858,11.7860479354858,16.4343109130859,14.7062253952026,6.76797199249268,6.14460325241089,5.77114361504826,3.7919225692749,5011/12
CMJ2507V,2,17.4644059167922,Wye,Special,Special,0.35347310583957,0.184867545962334,0.0225316407099115,590,334.199999809265,Trapeze,42,"A,B",E,TIC Premium Brand,3000,0.95,0.881,506.999979709492,3300,50,2976,79.05,18.73,406.6,90.1,217.2,45,0.7140039447731755,22.5834174534636,1.23578071594238,4.1154580116272,11.7860479354858,11.7860479354858,16.4343109130859,14.7062253952026,6.76797199249268,6.12068367004395,5.77114361504826,3.92526626586914,5011/12
CMJ2M45U,2,40.6703168249829,Wye,CU,CU,0.0655931447799792,0.0484741516411304,0.00515040982713118,670,368.400000095367,Trapeze,48,,F,TIC Premium Brand,3600,0.966,0.889,2250,4000,60,3583,282.18,73.7,1789.7,128,267.6,59,0.9164383561643836,20.2643888191189,0.321205943822861,1.47963500022888,18.5331363677979,18.5331363677979,16.8041362762451,14.8054065704346,4.12748765945435,3.48141884803772,7.19222266031972,1.39626717567444,5811/12UDZ
CMJ2M40U,2,40.6703168249829,Wye,CU,CU,0.0699660210986445,0.05515281483531,0.00586002184775814,670,368.400000095367,Trapeze,48,,F,TIC Premium Brand,3600,0.966,0.899,2000,4000,60,3583,247.96,58.38,1565.3,125.3,266.6,52,0.9164661395668616,20.2643888191189,0.360796570777893,1.68349575996399,18.5331363677979,18.5331363677979,16.8041362762451,14.8054065704346,4.12748765945435,3.61590361595154,7.19222266031972,1.59792006015778,5811/12UDZ
CMJ2M30U,2,38.0179048581362,Wye,CU,CU,0.0997500343213654,0.0736909434199333,0.00826354643375269,670,368.400000095367,Trapeze,48,,F,TIC Premium Brand,3600,0.963,0.911,1500,4000,60,3583,184.1,37.86,1155.6,121.8,265,42,0.9163208852005533,21.6948162651744,0.488769292831421,2.26486301422119,18.5331363677979,18.5331363677979,16.8041362762451,14.8054065704346,4.12748765945435,3.74981331825256,7.19222266031972,2.16431331634521,5811/12UDZ
CMJ2M28U,2,32.7130809244428,Wye,CU,CU,0.110807194936716,0.0726035088300705,0.00915628413712209,670,368.400000095367,Trapeze,48,,G,TIC Premium Brand,3600,0.963,0.891,1400.00003272663,4000,60,3584,175.77,46.27,1153.1,128.4,279.9,43,0.9162029459901799,25.2610874320523,0.495100468397141,2.2677059173584,18.5331363677979,18.5331363677979,16.8041362762451,14.8054065704346,4.12748765945435,3.70174741744995,7.19222266031972,2.16786575317383,5811/12UDZ
CMJ2M26U,2,30.060668957596,Wye,CU,CU,0.14503956700887,0.0980341285467148,0.0131850491574558,670,368.400000095367,Trapeze,48,,D,TIC Premium Brand,3600,0.958,0.906,1299.99998363669,4000,60,3578,161.21,30.21,841.5,99.5,222.4,46,0.9163576431808819,27.523274366266,0.664759755134583,3.09137344360352,18.5331363677979,18.5331363677979,16.8041362762451,14.8054065704346,4.12748765945435,3.8261444568634,7.19222266031972,2.97363781929016,5811/12UDZ
CMJ2M24U,2,30.060668957596,Wye,CU,CU,0.144498331027374,0.0980341285467148,0.0131850491574558,670,368.400000095367,Trapeze,48,,E,TIC Premium Brand,3600,0.959,0.906,1200.00001636331,4000,60,3581,148.69,30.21,841.6,107.8,241.1,41,0.9163816039528695,27.523274366266,0.664218485355377,3.09137344360352,18.5331363677979,18.5331363677979,16.8041362762451,14.8054065704346,4.12748765945435,3.82610940933228,7.19222266031972,2.97363376617432,5812UDZ
CMJ2M22U,2,27.4082569907493,Wye,CU,CU,0.170538591169124,0.107407949864864,0.0154741201917363,670,368.400000095367,Trapeze,48,,E,TIC Premium Brand,3600,0.958,0.902,1099.99996727337,4000,60,3580,137.16,28.81,758,104.7,236.2,41,0.916569654637175,30.2304816809807,0.740981698036194,3.4237174987793,18.5331363677979,18.5331363677979,16.8041362762451,14.8054065704346,4.12748765945435,3.84729266166687,7.19222266031972,3.30049824714661,5812UDZ
CMJ2M20U,2,27.4082569907493,Wye,CU,CU,0.18365694433598,0.124567799270153,0.0179463169087593,670,368.400000095367,Trapeze,48,,E,TIC Premium Brand,3600,0.957,0.909,1000,4000,60,3579,123.79,22.39,652.7,99,225.7,38,0.9163621599675192,30.2304816809807,0.84523594379425,3.9707019329071,18.5331363677979,18.5331363677979,16.8041362762451,14.8054065704346,4.12748765945435,3.90959858894348,7.19222266031972,3.83662128448486,5812UDZ
CMJ2900U,2,24.7558450239026,Wye,CU,CU,0.213756483577109,0.132819175720215,0.0206016393085247,670,368.400000095367,Trapeze,48,,E,TIC Premium Brand,3600,0.955,0.903,900.000032726625,4000,60,3580,112.33,22.65,603.4,100.5,230.7,36,0.9165673420738975,33.5283524098149,0.920625030994415,4.28613662719727,18.5331363677979,18.5331363677979,16.8041362762451,14.8054065704346,4.12748765945435,3.91706204414368,7.19222266031972,4.14845132827759,5812UDZ
CMJ2845U,2,24.7558450239026,Wye,CU,CU,0.228006915815583,0.151118710637093,0.0234400873910326,670,368.400000095367,Trapeze,48,,D,TIC Premium Brand,3600,0.954,0.909,844.999993454675,4000,60,3578,104.95,18.27,529.8,93.8,217.3,35,0.9164909320961621,33.5283524098149,1.03226625919342,4.87667083740234,18.5331363677979,18.5331363677979,16.8041362762451,14.8054065704346,4.12748765945435,3.96697783470154,7.19222266031972,4.7283411026001,5812UDZ
CMJ2M30V,2,40.6703168249829,Wye,CU,CU,0.0819283796859987,0.0621335282921791,0.00661541528907071,670,368.400000095367,Trapeze,48,,F,TIC Premium Brand,3000,0.961,0.909,1500,3300,50,2981,224.14,45.92,1355.5,126.6,255.3,50,0.916367552045944,20.2643888191189,0.376137107610703,1.58377885818481,18.5331363677979,18.5331363677979,16.8050422668457,15.0483770370483,4.12748765945435,3.70268845558167,7.19222266031972,1.51463449001312,5811/12UDZ
ALJ2201B,2,4.4960232060701,Delta,AL,AL,0.0513714058280821,0.0224006362259388,0.0163374174908849,430,255.199999809265,Dbl - Closed,48,"A,B",F,TIC Premium Brand,3600,0.951,0.88,200.999998854568,460,60,3561,224.68,42.3,1268,120.6,225.6,57,0.8973747016706444,19.5490667289029,0.199799299240112,0.740981101989746,11.4516925811768,11.4516925811768,41.3683929443359,22.7721900939941,9.3488655090332,9.31992530822754,7.83515547725297,0.570648610591888,405T
ALJ2201C,2,4.4960232060701,Delta,AL,AL,0.081148852946347,0.0350009948015213,0.0255272148295077,430,255.199999809265,Dbl - Closed,48,"A,B",F,TIC Premium Brand,3600,0.951,0.88,200.999998854568,575,60,3561,180,34.2,1014.1,120.5,225.4,57,0.8972929936305734,19.5490667289029,0.313067436218262,1.15775835514069,11.4516925811768,11.4516925811768,41.3664321899414,22.7726497650146,9.3488655090332,9.32035064697266,7.83515547725297,0.891654133796692,405T
CMJ2M28V,2,40.6703168249829,Wye,CU,CU,0.0819283796859987,0.0621335282921791,0.00661541528907071,670,368.400000095367,Trapeze,48,,F,TIC Premium Brand,3000,0.962,0.908,1400.00003272663,3300,50,2983,209.3,45.92,1355.5,135.7,273.7,45,0.9163039839303649,20.2643888191189,0.376137107610703,1.58377885818481,18.5331363677979,18.5331363677979,16.8050422668457,15.0483770370483,4.12748765945435,3.70268845558167,7.19222266031972,1.51463449001312,5811/12UDZ
CMJ2M26V,2,38.0179048581362,Wye,CU,CU,0.0997500343213654,0.0735384672880173,0.00826354643375269,670,368.400000095367,Trapeze,48,,E,TIC Premium Brand,3000,0.959,0.912,1299.99998363669,3300,50,2980,193.88,36.94,1133.5,121,247.3,47,0.9162652834383106,21.6948162651744,0.448396176099777,1.88741075992584,18.5331363677979,18.5331363677979,16.8050422668457,15.0483770370483,4.12748765945435,3.76809000968933,7.19222266031972,1.81168758869171,5811/12UDZ
CMJ2M24V,2,38.0179048581362,Wye,CU,CU,0.0997500343213654,0.0735384672880173,0.00826354643375269,670,368.400000095367,Trapeze,48,,F,TIC Premium Brand,3000,0.961,0.911,1200.00001636331,3300,50,2982,178.94,36.94,1133.5,131.1,268.1,41,0.9165811965811966,21.6948162651744,0.448396176099777,1.88741075992584,18.5331363677979,18.5331363677979,16.8050422668457,15.0483770370483,4.12748765945435,3.76809000968933,7.19222266031972,1.81168758869171,5811/12UDZ
CMJ2M22V,2,32.7130809244428,Wye,CU,CU,0.110807194936716,0.0724532827734947,0.00915628413712209,670,368.400000095367,Trapeze,48,,G,TIC Premium Brand,3000,0.96,0.891,1099.99996727337,3300,50,2984,167.91,45.09,1130.9,140.8,288.1,41,0.916348600508906,25.2610874320523,0.455323129892349,1.88977873325348,18.5331363677979,18.5331363677979,16.8050422668457,15.0483770370483,4.12748765945435,3.72101831436157,7.19222266031972,1.81432795524597,5811/12UDZ
CMJ2M20V,2,30.060668957596,Wye,CU,CU,0.14503956700887,0.0978312790393829,0.0131850491574558,670,368.400000095367,Trapeze,48,,E,TIC Premium Brand,3000,0.955,0.907,1000,3300,50,2979,150.62,29.48,825.7,114.5,234.8,43,0.920062695924765,27.523274366266,0.611049711704254,2.57617592811584,18.5331363677979,18.5331363677979,16.8050422668457,15.0483770370483,4.12748765945435,3.84262657165527,7.19222266031972,2.48803925514221,5811/12UDZ
CMJ2900V,2,30.060668957596,Wye,CU,CU,0.144498331027374,0.0978312790393829,0.0131850491574558,670,368.400000095367,Trapeze,48,,F,TIC Premium Brand,3000,0.957,0.905,900.000032726625,3300,50,2982,135.54,29.48,825.7,124,260.1,37,0.9164904862579282,27.523274366266,0.610508501529694,2.57617592811584,18.5331363677979,18.5331363677979,16.8050422668457,15.0483770370483,4.12748765945435,3.84258198738098,7.19222266031972,2.48803496360779,5812UDZ
CMJ2850V,2,27.4082569907493,Wye,CU,CU,0.170538591169124,0.107185706496239,0.0154741201917363,670,368.400000095367,Trapeze,48,,F,TIC Premium Brand,3000,0.955,0.902,849.999967273375,3300,50,2981,128.8,28.11,743.8,116.9,247.1,38,0.9162031887282166,30.2304816809807,0.682136058807373,2.85313153266907,18.5331363677979,18.5331363677979,16.8050422668457,15.0483770370483,4.12748765945435,3.86335635185242,7.19222266031972,2.76106595993042,5812UDZ
CMJ2800V,2,27.4082569907493,Wye,CU,CU,0.18365694433598,0.124310053884983,0.0179463169087593,670,368.400000095367,Trapeze,48,,E,TIC Premium Brand,3000,0.953,0.91,799.999983636687,3300,50,2979,120.33,21.88,640.6,106.8,228.1,37,0.9160642570281124,30.2304816809807,0.776988863945007,3.30895709991455,18.5331363677979,18.5331363677979,16.8050422668457,15.0483770370483,4.12748765945435,3.92425489425659,7.19222266031972,3.20937085151672,5812UDZ
CMJ2750V,2,24.7558450239026,Wye,CU,CU,0.213756483577109,0.132544353604317,0.0206016393085247,670,368.400000095367,Trapeze,48,,E,TIC Premium Brand,3000,0.951,0.904,750,3300,50,2978,113.79,22.11,592.3,104.1,223.6,39,0.9160180253994264,33.5283524098149,0.847857356071472,3.5718207359314,18.5331363677979,18.5331363677979,16.8050422668457,15.0483770370483,4.12748765945435,3.93159651756287,7.19222266031972,3.46964120864868,5812UDZ
CMJ2704V,2,24.7558450239026,Wye,CU,CU,0.228006915815583,0.150806024670601,0.0234400873910326,670,368.400000095367,Trapeze,48,,D,TIC Premium Brand,3000,0.95,0.909,704.000028144898,3300,50,2976,106.38,17.86,520.2,97.2,210.8,37,0.9165217391304349,33.5283524098149,0.949472784996033,4.06393814086914,18.5331363677979,18.5331363677979,16.8050422668457,15.0483770370483,4.12748765945435,3.98039293289185,7.19222266031972,3.95446300506592,5812UDZ
ANJ2900C,2,25.713660456375,Delta,AL,AL,0.0117156768541698,0.0105851506814361,0.00474824811805009,670,368.400000095367,Dbl - Closed,48,,D,TIC Premium Brand,3600,0.964,0.898,900.000032726625,575,60,3581,778.43,122.5,3832.1,114.7,187.3,42,1.0394006659267483,29.8607706181446,0.0697280019521713,0.375076740980148,18.5331363677979,18.5331363677979,41.765682220459,21.1408176422119,4.33453512191772,4.22252893447876,7.29233651799227,0.297968298196793,5812USS
ALJ2168P,2,4.4960232060701,Delta,AL,AL,0.0513714058280821,0.0224006362259388,0.0163374174908849,430,255.199999809265,Dbl - Closed,48,"A,B",E,TIC Premium Brand,3000,0.945,0.88,168.000003927195,380,50,2961,229.91,41.2,1227.8,116,218,63,0.897119341563786,19.5490667289029,0.171919956803322,0.616681396961212,11.4516925811768,11.4516925811768,41.185432434082,24.3288726806641,9.3488655090332,9.3488655090332,7.83515547725297,0.486337721347809,405T
CMJ2M35U,2,40.6703168249829,Wye,CU,CU,0.0819283796859987,0.0622623562812805,0.00661541528907071,670,368.400000095367,Trapeze,48,,F,TIC Premium Brand,3600,0.965,0.907,1750,4000,60,3583,215.34,47.09,1382.3,126.1,270.5,46,0.9163279132791329,20.2643888191189,0.410248816013336,1.90050888061523,18.5331363677979,18.5331363677979,16.8041362762451,14.8054065704346,4.12748765945435,3.68297386169434,7.19222266031972,1.80912578105927,5811/12UDZ
ALJ2690B,2,15.5142841237895,Delta,AL,AL,0.0100482727261874,0.00656835688278079,0.00187050844791219,550,313.800000190735,Dbl - Closed,48,,G,TIC Premium Brand,3600,0.971,0.896,689.99998690935,460,60,3571,742.91,172.44,5109.5,133.7,300,51,1.0530010530010532,21.1953991002065,0.0457593202590942,0.195611566305161,12.1068906784058,12.1068906784058,38.9559020996094,21.1939468383789,9.17018127441406,8.71535778045654,7.58712109925462,0.154753267765045,507UDZ
ALJ2441P,2,13.9628557114106,Delta,AL,AL,0.0133136849677464,0.00704415375366807,0.00219524949789694,550,313.800000190735,Dbl - Closed,48,A,H,TIC Premium Brand,3000,0.966,0.873,440.999989854746,380,50,2975,592.29,180.35,4553.7,144.5,339.3,44,1.053072625698324,23.76453838508,0.0443658642470837,0.179204732179642,12.1068906784058,12.1068906784058,40.8613052368164,22.6038227081299,9.17018127441406,8.782883644104,7.58712109925462,0.142851576209068,507UDZ
ALJ2450P,2,13.9628557114106,Delta,AL,AL,0.011345111294708,0.00704415375366807,0.00219524949789694,550,313.800000190735,Dbl - Closed,48,A,H,TIC Premium Brand,3000,0.966,0.875,450.000016363313,380,50,2975,603.3,180.35,4573.6,142.8,337,43,1.053125,23.76453838508,0.0423972904682159,0.178755804896355,12.1068906784058,12.1068906784058,40.6271095275879,22.5888576507568,9.17018127441406,8.76764965057373,7.58712109925462,0.142769530415535,507UDZ
ALJ2475P,2,13.9628557114106,Delta,AL,AL,0.011345111294708,0.00704415375366807,0.00219524949789694,550,313.800000190735,Dbl - Closed,48,A,H,TIC Premium Brand,3000,0.966,0.879,475.000008181656,380,50,2974,634.5,180.35,4573.6,135.2,321.2,46,1.0531147540983605,23.76453838508,0.0423972904682159,0.177595913410187,12.1068906784058,12.1068906784058,40.0219993591309,22.5888576507568,9.17018127441406,8.76764965057373,7.58712109925462,0.142769530415535,507UDZ
ALJ2500P,2,15.5142841237895,Delta,AL,AL,0.0100482727261874,0.00656835688278079,0.00187050844791219,550,313.800000190735,Dbl - Closed,48,"A,B",H,TIC Premium Brand,3000,0.969,0.894,500,380,50,2975,654.47,165.48,4961.6,140.1,330.7,44,1.0528494110156,21.1953991002065,0.0388265699148178,0.16559311747551,12.1068906784058,12.1068906784058,40.3666725158691,22.5867710113525,9.17018127441406,8.76550388336182,7.58712109925462,0.131679475307465,507UDZ
ALJ2500B,2,13.9628557114106,Delta,AL,AL,0.0133136849677464,0.00704415375366807,0.00219524949789694,550,313.800000190735,Dbl - Closed,48,A,J,TIC Premium Brand,3600,0.97,0.861,500,460,60,3576,560.62,189.53,4691.4,167.9,366.5,38,1.0531609195402298,23.76453838508,0.0518008060753345,0.217049062252045,12.1068906784058,12.1068906784058,41.7322692871094,21.2022399902344,9.17018127441406,8.72433757781982,7.58712109925462,0.16795189678669,507UDZ
ALJ2529B,2,13.9628557114106,Delta,AL,AL,0.0133136849677464,0.00704415375366807,0.00219524949789694,550,313.800000190735,Dbl - Closed,48,A,H,TIC Premium Brand,3600,0.969,0.867,529.000003599929,460,60,3575,589.65,189.53,4691.4,158.6,348.9,42,1.0531240567461515,23.76453838508,0.0518008060753345,0.215392932295799,12.1068906784058,12.1068906784058,41.012279510498,21.2022399902344,9.17018127441406,8.72433757781982,7.58712109925462,0.16795189678669,507UDZ
ALJ2570B,2,13.9628557114106,Delta,AL,AL,0.011345111294708,0.00704415375366807,0.00219524949789694,550,313.800000190735,Dbl - Closed,48,,H,TIC Premium Brand,3600,0.97,0.873,570.000042544613,460,60,3574,630.3,189.53,4707.6,148.2,329.6,44,1.053035143769968,23.76453838508,0.0498322322964668,0.21341897547245,12.1068906784058,12.1068906784058,40.1541061401367,21.196741104126,9.17018127441406,8.71839141845703,7.58712109925462,0.167914256453514,507UDZ
ALJ2600B,2,15.5142841237895,Delta,AL,AL,0.0100482727261874,0.00656835688278079,0.00187050844791219,550,313.800000190735,Dbl - Closed,48,,H,TIC Premium Brand,3600,0.972,0.889,600.000008181656,460,60,3575,649.81,172.44,5109.5,153.9,339.4,41,1.0530561588582066,21.1953991002065,0.0457593202590942,0.19903452694416,12.1068906784058,12.1068906784058,40.5135612487793,21.1939468383789,9.17018127441406,8.71535778045654,7.58712109925462,0.154753267765045,507UDZ
ALJ2500C,2,13.9628557114106,Delta,AL,AL,0.0198178347145086,0.0120459198951721,0.00375400653782377,550,313.800000190735,Dbl - Closed,48,A,H,TIC Premium Brand,3600,0.97,0.89,500,575,60,3575,433.57,115,3429.9,153.4,342.4,37,1.0532143955705935,23.76453838508,0.0856330841779709,0.368980258703232,12.1068906784058,12.1068906784058,41.1764030456543,21.2757892608643,9.17018127441406,8.80028247833252,7.58712109925462,0.28804287314415,507UDZ
ALJ2529C,2,13.9628557114106,Delta,AL,AL,0.0198178347145086,0.0120459198951721,0.00375400653782377,550,313.800000190735,Dbl - Closed,48,A,H,TIC Premium Brand,3600,0.97,0.893,529.000003599929,575,60,3573,457.36,115,3429.9,144.9,325.9,41,1.0533290239172592,23.76453838508,0.0856330841779709,0.36624801158905,12.1068906784058,12.1068906784058,40.4817886352539,21.2757892608643,9.17018127441406,8.80028247833252,7.58712109925462,0.28804287314415,507UDZ
ALJ2570C,2,13.9628557114106,Delta,AL,AL,0.0171934099263797,0.0106704346835613,0.00332534835184389,550,313.800000190735,Dbl - Closed,48,,H,TIC Premium Brand,3600,0.971,0.861,570.000042544613,575,60,3574,511.01,167.9,3888.5,153.2,338.1,43,1.0529430084085956,23.76453838508,0.0754934251308441,0.323940545320511,12.1068906784058,12.1068906784058,40.3420944213867,21.1705551147461,9.17018127441406,8.68954372406006,7.58712109925462,0.254080384969711,507UDZ
ALJ2600C,2,15.5142841237895,Delta,AL,AL,0.0156968276987553,0.0102630574256182,0.00292266944986279,550,313.800000190735,Dbl - Closed,48,,H,TIC Premium Brand,3600,0.972,0.889,600.000008181656,575,60,3575,519.85,137.95,4087.6,153.9,339.4,41,1.0530561588582066,21.1953991002065,0.0714953392744064,0.310991555452347,12.1068906784058,12.1068906784058,40.5135917663574,21.193941116333,9.17018127441406,8.71535015106201,7.58712109925462,0.241801902651787,507UDZ
ANJ2613P,2,21.0570837053895,Delta,AL,AL,0.0096093380699007,0.00799622479826212,0.00296663261081806,590,334.199999809265,Dbl - Closed,42,,E,TIC Premium Brand,3000,0.96,0.888,613.000005563526,380,50,2962,815.46,147.81,4273.4,103.5,240.5,53,0.9828361258684103,18.6558665919917,0.0380092114210129,0.173978433012962,11.7860479354858,11.7860479354858,28.845645904541,15.8490839004517,7.0829815864563,6.41426515579224,5.86065694186802,0.13973106443882,5012UDZ
ANJ2700B,2,21.0570837053895,Delta,AL,AL,0.0096093380699007,0.00799622479826212,0.00296663261081806,590,334.199999809265,Dbl - Closed,42,,E,TIC Premium Brand,3600,0.964,0.886,700.000016363313,460,60,3564,767.02,150.77,4386,116.8,257.4,46,0.9831932773109242,18.6558665919917,0.0442636460065842,0.2110406011343,11.7860479354858,11.7860479354858,29.6297931671143,14.9877099990845,7.0829815864563,6.37068557739258,5.86065694186802,0.164957419037819,5012UDZ
ANJ2735B,2,21.0570837053895,Delta,AL,AL,0.0096093380699007,0.00799622479826212,0.00296663261081806,590,334.199999809265,Dbl - Closed,42,,E,TIC Premium Brand,3600,0.964,0.887,734.999996727337,460,60,3562,805.12,150.77,4386,111.2,247.1,49,0.9832869080779943,18.6558665919917,0.0442636460065842,0.209275186061859,11.7860479354858,11.7860479354858,29.0190029144287,14.9877099990845,7.0829815864563,6.37068557739258,5.86065694186802,0.164957419037819,5012UDZ
ANJ2700C,2,21.0570837053895,Delta,AL,AL,0.0121223348948743,0.0104440487921238,0.0038747854508644,590,334.199999809265,Dbl - Closed,42,,G,TIC Premium Brand,3600,0.967,0.87,700.000016363313,575,60,3570,623.42,162.92,4235.1,142.4,302.2,42,0.9830839297332467,18.6558665919917,0.0573851019144058,0.280278384685516,11.7860479354858,11.7860479354858,30.8571662902832,14.7975187301636,7.0829815864563,6.19442224502563,5.86065694186802,0.21352057158947,5012UDZ
ANJ2735C,2,21.0570837053895,Delta,AL,AL,0.0121223348948743,0.0104440487921238,0.0038747854508644,590,334.199999809265,Dbl - Closed,42,,G,TIC Premium Brand,3600,0.967,0.872,734.999996727337,575,60,3569,652.84,162.92,4235.1,135.6,290.1,45,0.9830565909861064,18.6558665919917,0.0573851019144058,0.277999967336655,11.7860479354858,11.7860479354858,30.2536392211914,14.7975187301636,7.0829815864563,6.19442224502563,5.86065694186802,0.21352057158947,5012UDZ
CMJ2M50U,2,85.654402082224,Delta,CU,CU,0.177118672376015,0.114147581160069,0.0317891260633927,815,443,Trapeze,54,,F,TIC Premium Brand,3600,0.96,0.914,2500,4000,60,3586,306.78,65.1,1861.4,120,200,54,0.6516780710329098,28.9558507540953,0.791136920452118,3.84264945983887,14.9932565689087,14.9932565689087,16.3181533813477,13.7977905273438,4.69078540802002,4.14341449737549,6.78576122154626,3.63592839241028,6811USS
CMJ2M40V,2,85.654402082224,Delta,CU,CU,0.177118672376015,0.113865219056606,0.0317891260633927,815,443,Trapeze,54,,F,TIC Premium Brand,3000,0.959,0.914,2000,3300,50,2985,297.66,63.67,1824.9,130.3,202.2,54,0.6516274572993876,28.9558507540953,0.732715666294098,3.2022716999054,14.9932565689087,14.9932565689087,16.3195819854736,14.0620965957642,4.69078540802002,4.1669340133667,6.78576122154626,3.0443058013916,6811USS
CMJ2M45V,2,89.35171440232,Delta,CU,CU,0.146797095136989,0.0992639437317848,0.0267116962060453,815,443,Trapeze,54,,F,TIC Premium Brand,3000,0.961,0.911,2250,3300,50,2986,335.27,76.1,2119,135.9,208.2,57,0.6516431924882629,27.6194268731371,0.630147218704224,2.76845002174377,14.9932565689087,14.9932565689087,16.3195819854736,14.0620965957642,4.69078540802002,4.0911865234375,6.78576122154626,2.62200498580933,6811USS
CMJ2M50V,2,89.35171440232,Delta,CU,CU,0.146797095136989,0.0992639437317848,0.0267116962060453,815,443,Trapeze,54,,E,TIC Premium Brand,3000,0.96,0.914,2500,3300,50,2984,372,76.1,2119,122.2,187.2,68,0.6515837104072397,27.6194268731371,0.630147218704224,2.76845002174377,14.9932565689087,14.9932565689087,16.3195819854736,14.0620965957642,4.69078540802002,4.0911865234375,6.78576122154626,2.62200498580933,6811USS
CMJ2658W,2,19.3605414163297,Wye,Special,Special,0.20677702471615,0.128103896975517,0.0144202500543434,590,334.199999809265,Trapeze,42,,D,TIC Premium Brand,3000,0.953,0.891,658.000015381514,3000,50,2974,111.16,23.02,543.5,85.7,204.9,54,0.7141861275705822,20.3250757081173,0.816978752613068,2.82220864295959,11.7860479354858,11.7860479354858,16.4343109130859,14.7062253952026,6.76797199249268,6.00231885910034,5.77114361504826,2.67682933807373,5011/12
CMJ2608E,2,17.4644059167922,Wye,Special,Special,0.236058882435619,0.133848026394844,0.0162791104129111,590,334.199999809265,Trapeze,42,,D,TIC Premium Brand,3600,0.953,0.885,607.999949928263,3300,60,3575,94.02,21.03,475.3,82.8,213.6,42,0.7141424272818455,22.5834174534636,0.94709300994873,3.5680513381958,11.7860479354858,11.7860479354858,16.4334106445313,14.4688749313354,6.76797199249268,6.13105058670044,5.77114361504826,3.39091777801514,5011/12
CMJ2655E,2,19.3605414163297,Wye,Special,Special,0.193853460671391,0.112828381359577,0.0126740478993252,590,334.199999809265,Trapeze,42,,E,TIC Premium Brand,3600,0.956,0.888,654.999965637043,3300,60,3577,100.65,23.26,572.5,93.9,238.9,40,0.7139868499701135,20.3250757081173,0.792177379131317,2.9765043258667,11.7860479354858,11.7860479354858,16.4334106445313,14.4688749313354,6.76797199249268,6.02389192581177,5.77114361504826,2.81360054016113,5011/12
CMJ2690G,2,19.3605414163297,Delta,Special,Special,0.311108709835895,0.181026875972748,0.0203348057406951,590,334.199999809265,Trapeze,42,,D,TIC Premium Brand,3600,0.954,0.899,689.99998690935,2300,60,3574,150.52,28.43,744,80.4,206.3,46,0.7140879196953964,20.3250757081173,1.2710862159729,4.77563571929932,11.7860479354858,11.7860479354858,16.4334106445313,14.4688749313354,6.76797199249268,6.1152400970459,5.77114361504826,4.52749729156494,5011/12
CMJ2740G,2,19.3605414163297,Delta,Special,Special,0.294734567212953,0.162472873926163,0.0182506289750283,590,334.199999809265,Trapeze,42,,D,TIC Premium Brand,3600,0.955,0.892,739.999970546037,2300,60,3575,162.6,34.06,830.5,83.9,213,49,0.7140462621521958,20.3250757081173,1.15632104873657,4.28616619110107,11.7860479354858,11.7860479354858,16.4334106445313,14.4688749313354,6.76797199249268,6.01509666442871,5.77114361504826,4.0504412651062,5011/12
CMJ2690E,2,19.3605414163297,Wye,Special,Special,0.193853460671391,0.112828381359577,0.0126740478993252,590,334.199999809265,Trapeze,42,,E,TIC Premium Brand,3600,0.956,0.891,689.99998690935,3300,60,3576,105.75,23.26,572.5,89.1,226.7,43,0.714015748031496,20.3250757081173,0.792177379131317,2.9765043258667,11.7860479354858,11.7860479354858,16.4334106445313,14.4688749313354,6.76797199249268,6.02389192581177,5.77114361504826,2.81360054016113,5011/12
CMJ2740E,2,19.3605414163297,Wye,Special,Special,0.193853460671391,0.112828381359577,0.0126740478993252,590,334.199999809265,Trapeze,42,,D,TIC Premium Brand,3600,0.956,0.893,739.999970546037,3300,60,3574,113.13,23.26,572.5,83,211.3,48,0.7140925988509632,20.3250757081173,0.792177379131317,2.9765043258667,11.7860479354858,11.7860479354858,16.4334106445313,14.4688749313354,6.76797199249268,6.02389192581177,5.77114361504826,2.81360054016113,5011/12
CMJ2M35V,2,40.6703168249829,Wye,CU,CU,0.0699660210986445,0.0550386942923069,0.00586002184775814,670,368.400000095367,Trapeze,48,,F,TIC Premium Brand,3000,0.961,0.902,1750,3300,50,2981,263.33,56.89,1535,123.2,246.5,59,0.9163568773234201,20.2643888191189,0.330579966306686,1.40293216705322,18.5331363677979,18.5331363677979,16.8050422668457,15.0483770370483,4.12748765945435,3.63689041137695,7.19222266031972,1.33790016174316,5811/12UDZ
CMJ2M33V,2,40.6703168249829,Wye,CU,CU,0.0699660210986445,0.0550386942923069,0.00586002184775814,670,368.400000095367,Trapeze,48,,F,TIC Premium Brand,3000,0.962,0.901,1650.00003272663,3300,50,2982,248.4,56.89,1535,130.7,261.6,54,0.9162872154115588,20.2643888191189,0.330579966306686,1.40293216705322,18.5331363677979,18.5331363677979,16.8050422668457,15.0483770370483,4.12748765945435,3.63689041137695,7.19222266031972,1.33790016174316,5811/12UDZ
RF4600,4,60.1692231355741,Wye,AL,AL,0.248870754142331,0.200569450855255,0.026294785542855,610,396.599999904633,Dbl - Closed,60,,F,Standard / High Efficiency,1800,0.948,0.869,600.000008181656,4000,60,1786,78.44,22.7,498.9,174.8,267,63,1.1218487394957983,8.75649723841699,1.26928675174713,6.78751659393311,18.4720134735107,18.4720134735107,37.1090774536133,22.0466861724854,5.5697340965271,5.17078685760498,4.35061261971922,5.34579563140869,5811US
CMJ2M50G,2,85.654402082224,Delta,CU,CU,0.0582173725581378,0.0388418845832348,0.0108171331743489,815,443,Trapeze,54,,F,TIC Premium Brand,3600,0.96,0.916,2500,2300,60,3585,532.4,107.37,3144.6,120,200.5,54,0.6714668452779637,28.9558507540953,0.26715412735939,1.30756831169128,14.9932565689087,14.9932565689087,16.3181533813477,13.7977905273438,4.69078540802002,4.16087579727173,6.78576122154626,1.23800420761108,6810UDZ
CMJ2M50E,2,85.654402082224,Delta,CU,CU,0.117068733871601,0.0792691558599472,0.0220757819884672,815,443,Trapeze,54,,F,TIC Premium Brand,3600,0.96,0.916,2500,3300,60,3586,371.18,75.87,2211.5,120,202.4,54,0.6717557251908397,28.9558507540953,0.54347026348114,2.66850662231445,14.9932565689087,14.9932565689087,16.3181533813477,13.7977905273438,4.69078540802002,4.15533590316772,6.78576122154626,2.52603507041931,6810UDZ
CMJ2M50A,2,89.35171440232,Wye,CU,CU,0.123929648910742,0.0822397544980049,0.0220757819884672,815,443,Trapeze,54,,F,TIC Premium Brand,3600,0.961,0.915,2500,6000,60,3587,204.07,44.05,1304.7,130,216.7,51,0.6717296962182269,27.6194268731371,0.565483212471008,2.74551439285278,14.9932565689087,14.9932565689087,16.3181533813477,13.7977905273438,4.69078540802002,4.12950229644775,6.78576122154626,2.59368443489075,6810UDZ
CMJ2M50T,2,89.35171440232,Wye,CU,CU,0.153835593664278,0.0995101034641266,0.0267116962060453,815,443,Trapeze,54,,F,TIC Premium Brand,3600,0.961,0.915,2500,6600,60,3587,185.56,40.04,1185.7,130,216.4,51,0.6716325263811298,27.6194268731371,0.688115417957306,3.32207250595093,14.9932565689087,14.9932565689087,16.3181533813477,13.7977905273438,4.69078540802002,4.12982845306396,6.78576122154626,3.13839602470398,6810UDZ
CMJ2M45A,2,89.35171440232,Wye,CU,CU,0.146843066679538,0.0906693264842033,0.0243385496422851,815,443,Trapeze,54,,F,TIC Premium Brand,3600,0.959,0.919,2250,6000,60,3587,183.27,37.8,1179.9,145,218.1,47,0.6716969510317216,27.6194268731371,0.633655905723572,3.0269296169281,14.9932565689087,14.9932565689087,16.3181533813477,13.7977905273438,4.69078540802002,4.19068384170532,6.78576122154626,2.8659725189209,6810UDZ
CMJ2M45T,2,89.35171440232,Wye,CU,CU,0.189455081775766,0.118425242602825,0.0317891260633927,815,443,Trapeze,54,,F,TIC Premium Brand,3600,0.958,0.923,2250,6600,60,3586,166.1,30.62,992.3,120,202.3,48,0.6716467463479416,27.6194268731371,0.825292229652405,3.95354080200195,14.9932565689087,14.9932565689087,16.3181533813477,13.7977905273438,4.69078540802002,4.23554944992065,6.78576122154626,3.74947476387024,6810UDZ
CMJ2M40A,2,89.35171440232,Wye,CU,CU,0.153835593664278,0.0995101034641266,0.0267116962060453,815,443,Trapeze,54,,F,TIC Premium Brand,3600,0.958,0.922,2000,6000,60,3588,162.64,32.87,1073.6,150,224.4,40,0.6716551930559712,27.6194268731371,0.688115417957306,3.32207250595093,14.9932565689087,14.9932565689087,16.3181533813477,13.7977905273438,4.69078540802002,4.24467706680298,6.78576122154626,3.15165400505066,6810UDZ
CMJ2M40T,2,89.35171440232,Wye,CU,CU,0.189455081775766,0.118425242602825,0.0317891260633927,815,443,Trapeze,54,,G,TIC Premium Brand,3600,0.958,0.921,2000,6600,60,3588,148.01,30.62,992.3,150,227.8,40,0.6717782365084046,27.6194268731371,0.825292229652405,3.95354080200195,14.9932565689087,14.9932565689087,16.3181533813477,13.7977905273438,4.69078540802002,4.23554944992065,6.78576122154626,3.74947476387024,6810UDZ
CMJ2M50Y,2,96.130120322496,Delta,CU,CU,0.0614073655750221,0.0426177829504013,0.0108171331743489,815,443,Trapeze,54,,F,TIC Premium Brand,3000,0.962,0.912,2500,2300,50,2987,533.54,121.95,3488.5,145,220.5,59,0.6716417910447761,25.4647198121122,0.26827672123909,1.17875874042511,14.9932565689087,14.9932565689087,16.3195819854736,14.0620965957642,4.69078540802002,3.97839546203613,6.78576122154626,1.10967063903809,6810UDZ
CMJ2M50W,2,96.130120322496,Delta,CU,CU,0.117309286064488,0.0784950032830238,0.0199233932445916,815,443,Trapeze,54,,F,TIC Premium Brand,3000,0.961,0.917,2500,3000,50,2985,407.21,82.17,2459.6,135,203.5,62,0.6716171617161716,25.4647198121122,0.498328894376755,2.17108106613159,14.9932565689087,14.9932565689087,16.3195819854736,14.0620965957642,4.69078540802002,4.08818817138672,6.78576122154626,2.05237674713135,6810UDZ
CMJ2M45Y,2,85.654402082224,Delta,CU,CU,0.074657399614474,0.0506067648530006,0.014128500472619,815,443,Trapeze,54,,F,TIC Premium Brand,3000,0.96,0.911,2250,2300,50,2985,481.85,104.74,2869.2,135,202.4,60,0.6715328467153285,28.9558507540953,0.321589380502701,1.42323195934296,14.9932565689087,14.9932565689087,16.3195819854736,14.0620965957642,4.69078540802002,4.11021137237549,6.78576122154626,1.35027182102203,6810UDZ
CMJ2M45W,2,85.654402082224,Delta,CU,CU,0.121689411474893,0.0871780589222908,0.0243385496422851,815,443,Trapeze,54,,F,TIC Premium Brand,3000,0.96,0.912,2250,3000,50,2984,368.95,78.68,2173.4,145,200.5,60,0.6716917922948074,28.9558507540953,0.547068357467651,2.45173931121826,14.9932565689087,14.9932565689087,16.3195819854736,14.0620965957642,4.69078540802002,4.11735963821411,6.78576122154626,2.32665181159973,6810UDZ
CMJ2M40Y,2,87.194948882264,Delta,CU,CU,0.075168751666628,0.0512389242649078,0.014128500472619,815,443,Trapeze,54,,G,TIC Premium Brand,3000,0.96,0.911,2000,2300,50,2987,428.35,100.23,2835.1,150,225.5,50,0.6715306730196545,28.3836007391923,0.32500883936882,1.440345287323,14.9932565689087,14.9932565689087,16.3195819854736,14.0620965957642,4.69078540802002,4.12491703033447,6.78576122154626,1.36664235591888,6810UDZ
CMJ2M40W,2,85.654402082224,Delta,CU,CU,0.121689411474893,0.0871780589222908,0.0243385496422851,815,443,Trapeze,54,,G,TIC Premium Brand,3000,0.96,0.909,2000,3000,50,2987,329.02,78.68,2173.4,150,225.8,49,0.6718238619458494,28.9558507540953,0.547068357467651,2.45173931121826,14.9932565689087,14.9932565689087,16.3195819854736,14.0620965957642,4.69078540802002,4.11735963821411,6.78576122154626,2.32665181159973,6810UDZ
CMJ2M50H,2,96.746339042512,Delta,CU,CU,0.46411237645768,0.284999549388886,0.0715255336426337,815,443,Trapeze,54,,G,TIC Premium Brand,3000,0.962,0.91,2500,6000,50,2987,204.93,48.59,1368.8,146,217.8,60,0.651705565529623,25.2853907993508,1.84670543670654,7.82889604568481,14.9932565689087,14.9932565689087,16.3195819854736,14.0620965957642,4.69078540802002,3.9550347328186,6.78576122154626,7.36225605010986,6811USS
CMJ2M50F,2,96.746339042512,Delta,CU,CU,0.581928420206542,0.351851284503937,0.0883031279538687,815,443,Trapeze,54,,F,TIC Premium Brand,3000,0.962,0.912,2500,6600,50,2987,186.04,42.74,1218,142.7,213.3,61,0.6514966401954796,25.2853907993508,2.28883361816406,9.66530323028564,14.9932565689087,14.9932565689087,16.3195819854736,14.0620965957642,4.69078540802002,3.98483800888062,6.78576122154626,9.09955787658691,6811USS
CMJ2M45H,2,93.049026722416,Delta,CU,CU,0.570665289492867,0.33999827504158,0.0883031279538687,815,443,Trapeze,54,,F,TIC Premium Brand,3000,0.959,0.917,2250,6000,50,2985,183.56,37.95,1130.8,132.3,201.4,59,0.6515690714978971,26.400922746381,2.22304368019104,9.40860176086426,14.9932565689087,14.9932565689087,16.3195819854736,14.0620965957642,4.69078540802002,4.12844133377075,6.78576122154626,8.91453742980957,6811USS
CMJ2M45F,2,93.049026722416,Delta,CU,CU,0.708655249953201,0.411397904157639,0.106846784824181,815,443,Trapeze,54,,F,TIC Premium Brand,3000,0.959,0.917,2250,6600,50,2985,166.92,34.5,1027.6,132.2,201.1,59,0.6516526247569668,26.400922746381,2.70803308486938,11.3844089508057,14.9932565689087,14.9932565689087,16.3195819854736,14.0620965957642,4.69078540802002,4.12894201278687,6.78576122154626,10.7867918014526,6811USS
CMJ2M40H,2,89.35171440232,Wye,CU,CU,0.213542669237796,0.118132300674915,0.0317891260633927,815,443,Trapeze,54,,F,TIC Premium Brand,3000,0.959,0.914,2000,6000,50,2987,163.88,36.96,1074.1,140.3,214.7,53,0.6515933232169954,27.6194268731371,0.788769245147705,3.29468417167664,14.9932565689087,14.9932565689087,16.3195819854736,14.0620965957642,4.69078540802002,4.14410305023193,6.78576122154626,3.12646079063416,6811USS
CMJ2M40F,2,93.049026722416,Wye,CU,CU,0.264859666405756,0.143649265170097,0.0373080715605095,815,443,Trapeze,54,,F,TIC Premium Brand,3000,0.959,0.917,2000,6600,50,2987,148.42,32.07,978.9,141.4,215.3,52,0.6514372163388805,26.400922746381,0.962989509105682,3.97513437271118,14.9932565689087,14.9932565689087,16.3195819854736,14.0620965957642,4.69078540802002,4.15935373306274,6.78576122154626,3.7707371711731,6811USS
CMJ2M35F,2,93.049026722416,Delta,CU,CU,0.708655249953201,0.411397904157639,0.106846784824181,815,443,Trapeze,54,,F,TIC Premium Brand,3000,0.958,0.922,1750,6000,50,2987,142.2,28.36,930.4,139.4,214.4,45,0.6514737161956852,26.400922746381,2.70803308486938,11.3844089508057,14.9932565689087,14.9932565689087,16.3195819854736,14.0620965957642,4.69078540802002,4.2438793182373,6.78576122154626,10.8330612182617,6811USS
CMJ2M35H,2,93.049026722416,Delta,CU,CU,0.708655249953201,0.411397904157639,0.106846784824181,815,443,Trapeze,54,,F,TIC Premium Brand,3000,0.958,0.922,1750,6000,50,2987,142.2,28.36,930.4,139.4,214.4,45,0.6514737161956852,26.400922746381,2.70803308486938,11.3844089508057,14.9932565689087,14.9932565689087,16.3195819854736,14.0620965957642,4.69078540802002,4.2438793182373,6.78576122154626,10.8330612182617,6811USS
CMJ2M35F,2,93.049026722416,Delta,CU,CU,0.871368744272349,0.489597529172897,0.127156504253571,815,443,Trapeze,54,,G,TIC Premium Brand,3000,0.958,0.922,1750,6600,50,2987,129.4,26.41,859.8,141.7,217.6,45,0.6516921233902366,26.400922746381,3.25079369544983,13.5483875274658,14.9932565689087,14.9932565689087,16.3195819854736,14.0620965957642,4.69078540802002,4.23492574691772,6.78576122154626,12.8879480361938,6811USS
CMJ2M33H,2,85.654402082224,Delta,CU,CU,0.83697260963002,0.455460876226425,0.127156504253571,815,443,Trapeze,54,,F,TIC Premium Brand,3000,0.955,0.921,1650.00003272663,6000,50,2985,134.62,26.14,824.3,128.9,201.2,47,0.6515544041450777,28.9558507540953,3.05936050415039,12.8090867996216,14.9932565689087,14.9932565689087,16.3195819854736,14.0620965957642,4.69078540802002,4.28069925308228,6.78576122154626,12.2269163131714,6811USS
CMJ2M33F,2,85.654402082224,Delta,CU,CU,1.0176187182958,0.5345339179039,0.149232286242038,815,443,Trapeze,54,,F,TIC Premium Brand,3000,0.955,0.92,1650.00003272663,6600,50,2986,122.55,24.87,772.6,132.9,206.9,47,0.6516535433070866,28.9558507540953,3.62583780288696,15.032886505127,14.9932565689087,14.9932565689087,16.3195819854736,14.0620965957642,4.69078540802002,4.26435995101929,6.78576122154626,14.3412685394287,6811USS
CMJ2M30H,2,85.654402082224,Delta,CU,CU,0.83697260963002,0.455460876226425,0.127156504253571,815,443,Trapeze,54,,G,TIC Premium Brand,3000,0.955,0.919,1500,6000,50,2987,122.59,26.14,824.3,141.9,221.5,40,0.6516622536040012,28.9558507540953,3.05936050415039,12.8090867996216,14.9932565689087,14.9932565689087,16.3195819854736,14.0620965957642,4.69078540802002,4.28069925308228,6.78576122154626,12.2269163131714,6811USS
CMJ2M30F,2,89.35171440232,Delta,CU,CU,1.03852869195941,0.554565489292145,0.149232286242038,815,443,Trapeze,54,,G,TIC Premium Brand,3000,0.955,0.922,1500,6600,50,2987,111.09,22.75,750.7,143,221.9,39,0.6516886930983847,27.6194268731371,3.73889803886414,15.4667119979858,14.9932565689087,14.9932565689087,16.3195819854736,14.0620965957642,4.69078540802002,4.29504728317261,6.78576122154626,14.7581214904785,6811USS
3X6300,6,29.1685300258832,Delta,AL,AL,0.0153258827281943,0.020048638805747,0.00247761403868252,520,347.599999904633,Dbl - Closed,72,"A,B",F,TIC Premium Brand,1200,0.961,0.78,300.000004090828,460,60,1187,374.75,133.04,1992.1,149.9,223.9,74,1.2794285714285714,4.3938787694488,0.116610869765282,0.702969789505005,17.7223033905029,17.7223033905029,51.5390701293945,22.2929878234863,16.5796775817871,14.5610179901123,4.84712386974348,0.443343967199326,N449
H1200331,2,24.9371775415583,Delta,AL,AL,0.00565337119410189,0.00397352734580636,0.00166664645243353,550,315.400000095367,Dbl - Closed,48,"A,B",F,TIC Premium Brand,3600,0.958,0.892,450.000016363313,380,60,3580,596.85,110.25,3569.9,205.1,274,71,1.2221231043710974,12.5670981462756,0.0550776720046997,0.269157618284225,12.8240871429443,12.8240871429443,80.1622009277344,45.4618873596191,12.1953344345093,12.1953344345093,10.1353263680925,0.196123853325844,5011USS
1T2M30G,2,32.418368483682,Delta,AL,AL,0.106869433986313,0.0896658897399902,0.0327183971884389,670,368.400000095367,Dbl - Closed,48,,F,Standard / High Efficiency,3600,0.957,0.889,1500,2300,60,3563,330.18,73.6,2051,130.1,233.1,80,1.1052631578947367,23.6850203312102,0.59078323841095,3.02307367324829,18.5331363677979,18.5331363677979,40.589916229248,19.9248905181885,4.33453512191772,3.98095345497131,7.29233651799227,2.33117818832397,5811/12UDZ
1N2554U,2,18.6511591052406,Wye,AL,AL,0.346296625097093,0.146188601851463,0.0736869301202807,550,315.599999904633,Dbl - Closed,42,,F,Standard / High Efficiency,3600,0.954,0.896,553.999995418272,4000,60,3570,69.78,13.64,434.6,128.1,242.3,67,1.068342151675485,15.3189355319023,1.54608964920044,7.68977165222168,17.1682815551758,17.1682815551758,48.0927963256836,24.5155754089355,6.85563516616821,6.14376163482666,8.45221666020092,5.47469854354858,509U
PH8500,8,89.4742250707478,Delta,AL,AL,0.00894485869376764,0.00972950365394354,0.000650739114673649,610,422.799999952316,Dbl - Closed,72,,G,Standard / High Efficiency,900,0.952,0.771,500,460,60,892,638.12,264.13,3927.7,156.5,241.6,77,1.3333333333333335,2.36823204167391,0.0532021000981331,0.403753608465195,16.7727012634277,16.7727012634277,37.9802856445313,17.0329818725586,22.1114959716797,15.3991689682007,4.44043600519647,0.236958563327789,5811
WH4001,4,0.0350722722961731,Wye,AL,AL,7.55261913666553,7.56091737747192,1.34033202897201,160,94.6499999761581,Diamond,36,"A,B,C",L,TIC Premium Brand,1800,0.797,0.827,0.999999989133738,460,60,1739,1.42,0.75,12.2,348,350.5,78,1.388118811881188,7.65524672239961,16.4538688659668,39.9047927856445,13.7188405990601,13.7188405990601,51.5685729980469,20.5899066925049,31.0262050628662,28.0223236083984,6.66294855878327,24.975622177124,143TC
4X2005B,2,0.0385793236595662,Wye,AL,AL,1.92520183726805,1.00527107715607,0.456842742949318,190,99.1000000238419,Diamond,36,,J,Standard / High Efficiency,3600,0.898,0.925,5.00000002556768,460,60,3496,5.7,1.0680456874372,46,196.047181484242,271.075302331919,0,1,30.6738620119389,3.38731551170349,7.69265699386597,12.6802444458008,12.6802444458008,33.2192840576172,16.032075881958,20.5784225463867,15.7889490127563,11.646110425402,5.44996452331543,184T
3Q8150B,8,39.8034910781001,Delta,AL,AL,0.0317775480141472,0.0411634109914303,0.00271933791985675,520,373.399999976158,Dbl - Closed,72,A,G,Standard / High Efficiency,900,0.949,0.79,150.000002045414,460,60,891,187.24,71.3,1139.6,157,248.7,46,1.3221690590111643,2.78969197089793,0.197793260216713,1.30249094963074,16.2961120605469,16.2961120605469,58.0254669189453,29.2114410400391,25.5488548278809,21.7785778045654,5.30552184987748,0.837830603122711,N449
1T2600U,2,17.4644059167922,Wye,AL,AL,0.360570959370485,0.214283064007759,0.09686963627161,590,334.199999809265,Dbl - Closed,42,,F,Standard / High Efficiency,3600,0.942,0.866,600.000008181656,4000,60,3560,79.26,18.93,458.7,116.5,255.7,46,0.9861164674122637,23.3489570281573,1.30660784244537,6.08118963241577,11.7860479354858,11.7860479354858,29.9199962615967,15.0267496109009,7.0829815864563,6.40304565429688,5.86065694186802,4.82315826416016,5012
1M2800G,2,27.260900770369,Delta,AL,AL,0.189607603269508,0.135294184088707,0.0581660394461135,670,368.400000095367,Dbl - Closed,48,,H,Standard / High Efficiency,3600,0.944,0.9,800,2300,60,3573,176.29,46,1312.9,138.4,242.6,57,1.026661024121879,28.1659701236013,0.9285688996315,5.07300043106079,18.5331363677979,18.5331363677979,47.6780548095703,20.6768321990967,4.33453512191772,4.14543771743774,7.29233651799227,3.75653719902039,5811/12USS
RF4400G,4,29.1138419899222,Delta,AL,AL,0.315513170690801,0.262699127197266,0.0572816705876978,550,348.400000095367,Dbl - Closed,60,"A,B",G,Standard / High Efficiency,1800,0.949,0.81,399.999991818344,2300,60,1785,97.4,38.4,578.1,182.3,281.4,55,1.1397326852976912,9.56348137525094,2.25120091438293,9.51840400695801,22.2583332061768,22.2583332061768,57.0485420227051,36.2161331176758,6.65249872207642,6.19678020477295,4.77270695014521,7.46705722808838,5011
CF4500G,4,33.5928946037564,Delta,Special,Special,0.442356706609016,0.355744749307632,0.0420363320099768,550,348.400000095367,Rectang,60,"A,B",F,Standard / High Efficiency,1800,0.945,0.924,500,2300,60,1782,107.27,20.64,689,172.2,271.4,77,1.2132320071524363,8.28835052521748,1.56577026844025,8.57186126708984,22.2583332061768,22.2583332061768,18.0940437316895,12.1698627471924,5.53956365585327,5.03157711029053,4.61587241061449,7.57240915298462,5011US
1D4400C,4,16.4223308912307,Delta,AL,AL,0.0448992796670722,0.0316458381712437,0.00919954364747831,550,362.599999904633,Dbl - Closed,72,"A,B",G,Standard / High Efficiency,1800,0.95,0.88,400,575,60,1772,360,96.47,2300,220,220,81,1.0506208213944603,21.0715882662894,0.141975119709969,0.685844361782074,14.2703847885132,14.2703847885132,54.9646453857422,33.6133728027344,16.7725219726563,11.3276863098145,8.92650585302024,0.491051763296127,505U
AM4700U,4,41.7017769349574,Wye,AL,AL,0.285304536709041,0.280217677354813,0.0577019541152807,670,420.800000190735,Dbl - Closed,60,,G,Standard / High Efficiency,1800,0.946,0.89,700.000016363313,4000,60,1779,90,20.312273884598,625,130,280,0,1,16.0118806645339,1.00512075424194,5.72362852096558,19.8624877929688,19.8624877929688,19.3372020721436,8.63736820220947,7.21390724182129,5.12877893447876,4.87660389242137,4.51647281646729,5811/12US
H030384,4,41.7017769349574,Wye,CU,CU,0.309376080803061,0.189142942428589,0.0108332916829546,670,420.800000190735,Rectang,60,,G,Standard / High Efficiency,1800,0.952,0.899,700.000016363313,4000,60,1786,88.09,22.54,611.4,126.8,291.3,35,1.0666422555840351,16.0118806645339,0.985836207866669,4.94601535797119,19.604923248291,19.604923248291,19.6731281280518,12.4982442855835,6.69928598403931,4.73004007339478,4.7742621198831,4.16462755203247,5811/12
H030385,4,41.7017769349574,Wye,CU,CU,0.275028466735631,0.189142942428589,0.0108332916829546,670,420.800000190735,Rectang,60,,F,Standard / High Efficiency,1800,0.958,0.895,800,4000,60,1785,100.51,22.85,604.2,113.6,191.7,67,0.7974209650582362,16.0118806645339,0.951488614082336,4.94601535797119,19.604923248291,19.604923248291,19.6731281280518,12.4982442855835,6.69928598403931,4.72378540039063,4.7742621198831,4.16383409500122,5812US
H03038,4,41.7017769349574,Wye,CU,CU,0.225960934238578,0.163087531924248,0.00934095048173124,670,420.800000190735,Rectang,60,,F,Standard / High Efficiency,1800,0.956,0.878,900.000032726625,4000,60,1785,115.53,27.16,664.4,104.5,225.3,47,0.9128849270664505,16.0118806645339,0.809235215187073,4.26467657089233,19.604923248291,19.604923248291,19.6731281280518,12.4982442855835,6.69928598403931,4.47213649749756,4.7742621198831,3.56271409988403,5811/12
DT4M20U,4,45.8719546284532,Wye,CU,CU,0.193494848653161,0.14956097304821,0.00795915307319112,670,420.800000190735,Rectang,60,,F,Standard / High Efficiency,1800,0.957,0.873,1000,4000,60,1786,125.026725769043,35.3418649901026,800,116,255,0,1,14.5562551495763,0.727785050868988,3.91003847122192,19.604923248291,19.604923248291,19.6731281280518,12.4982442855835,6.69928598403931,4.43371820449829,4.7742621198831,3.24816513061523,5811/12
CMJ2507Y,2,17.4644059167922,Delta,Special,Special,0.479207949491275,0.266209274530411,0.0324455626222725,590,334.199999809265,Trapeze,42,"A,B",E,Standard / High Efficiency,3000,0.952,0.887,506.999979709492,2300,50,2976,112.5,25.5,591.5,91.5,221.6,43,0.7139175257731959,22.5834174534636,1.74973094463348,5.92625951766968,11.7860479354858,11.7860479354858,16.4343109130859,14.7062253952026,6.76797199249268,6.10826110839844,5.77114361504826,5.65022993087769,5011/12
CMJ2546Y,2,19.3605414163297,Delta,Special,Special,0.406777985856742,0.242196425795555,0.0272632852589929,590,334.199999809265,Trapeze,42,"A,B",E,Standard / High Efficiency,3000,0.954,0.891,546.000012763384,2300,50,2977,120.26,26.67,659.2,95.9,230.2,42,0.713798449612403,20.3250757081173,1.56044065952301,5.33573818206787,11.7860479354858,11.7860479354858,16.4343109130859,14.7062253952026,6.76797199249268,6.07368659973145,5.77114361504826,5.07243061065674,5011/12
CMJ2575Y,2,19.3605414163297,Delta,Special,Special,0.406777985856742,0.242196425795555,0.0272632852589929,590,334.199999809265,Trapeze,42,,E,Standard / High Efficiency,3000,0.953,0.893,575.000016363313,2300,50,2976,126.42,26.67,659.2,91,218.5,46,0.7138190133943155,20.3250757081173,1.56044065952301,5.33573818206787,11.7860479354858,11.7860479354858,16.4343109130859,14.7062253952026,6.76797199249268,6.07368659973145,5.77114361504826,5.07243061065674,5011/12
CMJ2617Y,2,19.3605414163297,Delta,Special,Special,0.388288077408708,0.220678985118866,0.0248411338826774,590,334.199999809265,Trapeze,42,,E,Standard / High Efficiency,3000,0.954,0.886,617.000058253393,2300,50,2976,136.7,31.24,724.6,93.4,222.1,49,0.7139183542269366,20.3250757081173,1.43945586681366,4.86169528961182,11.7860479354858,11.7860479354858,16.4343109130859,14.7062253952026,6.76797199249268,5.98479843139648,5.77114361504826,4.60867357254028,5011/12
CMJ2658Y,2,19.3605414163297,Delta,Special,Special,0.388288077408708,0.220678985118866,0.0248411338826774,590,334.199999809265,Trapeze,42,,D,Standard / High Efficiency,3000,0.953,0.889,658.000015381514,2300,50,2975,145.48,31.24,724.6,87.5,208.2,55,0.713991769547325,20.3250757081173,1.43945586681366,4.86169528961182,11.7860479354858,11.7860479354858,16.4343109130859,14.7062253952026,6.76797199249268,5.98479843139648,5.77114361504826,4.60867357254028,5011/12
CMJ2507W,2,17.4644059167922,Wye,Special,Special,0.281723252345587,0.14974270761013,0.0182506289750283,590,334.199999809265,Trapeze,42,"A,B",E,Standard / High Efficiency,3000,0.951,0.886,506.999979709492,3000,50,2976,86.38,19.83,456.8,92.1,222.6,44,0.714148219441771,22.5834174534636,0.996392488479614,3.33352088928223,11.7860479354858,11.7860479354858,16.4343109130859,14.7062253952026,6.76797199249268,6.10317707061768,5.77114361504826,3.17775869369507,5011/12
CMJ2546W,2,19.3605414163297,Wye,Special,Special,0.246961200299111,0.144617289304733,0.0162791104129111,590,334.199999809265,Trapeze,42,"A,B",E,Standard / High Efficiency,3000,0.953,0.896,546.000012763384,3000,50,2976,91.79,18.77,479.2,90.7,218.6,44,0.7139124755062051,20.3250757081173,0.935821771621704,3.1860089302063,11.7860479354858,11.7860479354858,16.4343109130859,14.7062253952026,6.76797199249268,6.1179370880127,5.77114361504826,3.03306198120117,5011/12
CMJ2575W,2,19.3605414163297,Wye,Special,Special,0.246961200299111,0.144617289304733,0.0162791104129111,590,334.199999809265,Trapeze,42,,D,Standard / High Efficiency,3000,0.952,0.898,575.000016363313,3000,50,2974,96.57,18.77,479.2,86.1,207.5,47,0.7140399174122505,20.3250757081173,0.935821771621704,3.1860089302063,11.7860479354858,11.7860479354858,16.4343109130859,14.7062253952026,6.76797199249268,6.1179370880127,5.77114361504826,3.03306198120117,5011/12
CMJ2617W,2,19.3605414163297,Wye,Special,Special,0.20677702471615,0.128103896975517,0.0144202500543434,590,334.199999809265,Trapeze,42,,E,Standard / High Efficiency,3000,0.954,0.889,617.000058253393,3000,50,2976,104.41,23.02,543.5,91.5,218.6,48,0.7141457040182946,20.3250757081173,0.816978752613068,2.82220864295959,11.7860479354858,11.7860479354858,16.4343109130859,14.7062253952026,6.76797199249268,6.00231885910034,5.77114361504826,2.67682933807373,5011/12
CMJ2658W,2,19.3605414163297,Wye,Special,Special,0.20677702471615,0.128103896975517,0.0144202500543434,590,334.199999809265,Trapeze,42,,D,Standard / High Efficiency,3000,0.953,0.891,658.000015381514,3000,50,2974,111.16,23.02,543.5,85.7,204.9,54,0.7141861275705822,20.3250757081173,0.816978752613068,2.82220864295959,11.7860479354858,11.7860479354858,16.4343109130859,14.7062253952026,6.76797199249268,6.00231885910034,5.77114361504826,2.67682933807373,5011/12
CMJ2608G,2,17.065219495837,Delta,Special,Special,0.35347310583957,0.185256794095039,0.0225316407099115,590,334.199999809265,Trapeze,42,,E,Standard / High Efficiency,3600,0.953,0.882,607.999949928263,2300,60,3576,135.49,32.39,728,89.7,226.8,43,0.7138810198300284,23.1243376319897,1.33760333061218,4.86414575576782,11.7860479354858,11.7860479354858,16.4334106445313,14.4688749313354,6.76797199249268,6.06709814071655,5.77114361504826,4.61569166183472,5011/12
CMJ2655G,2,19.3605414163297,Delta,Special,Special,0.311108709835895,0.181026875972748,0.0203348057406951,590,334.199999809265,Trapeze,42,,E,Standard / High Efficiency,3600,0.955,0.898,654.999965637043,2300,60,3575,143.05,28.43,744,84.8,217.4,42,0.7139573070607553,20.3250757081173,1.2710862159729,4.77563571929932,11.7860479354858,11.7860479354858,16.4334106445313,14.4688749313354,6.76797199249268,6.1152400970459,5.77114361504826,4.52749729156494,5011/12
CMJ2690G,2,19.3605414163297,Delta,Special,Special,0.311108709835895,0.181026875972748,0.0203348057406951,590,334.199999809265,Trapeze,42,,D,Standard / High Efficiency,3600,0.954,0.899,689.99998690935,2300,60,3574,150.52,28.43,744,80.4,206.3,46,0.7140879196953964,20.3250757081173,1.2710862159729,4.77563571929932,11.7860479354858,11.7860479354858,16.4334106445313,14.4688749313354,6.76797199249268,6.1152400970459,5.77114361504826,4.52749729156494,5011/12
CMJ2740G,2,19.3605414163297,Delta,Special,Special,0.294734567212953,0.162472873926163,0.0182506289750283,590,334.199999809265,Trapeze,42,,D,Standard / High Efficiency,3600,0.955,0.892,739.999970546037,2300,60,3575,162.6,34.06,830.5,83.9,213,49,0.7140462621521958,20.3250757081173,1.15632104873657,4.28616619110107,11.7860479354858,11.7860479354858,16.4334106445313,14.4688749313354,6.76797199249268,6.01509666442871,5.77114361504826,4.0504412651062,5011/12
CMJ2790G,2,19.3605414163297,Delta,Special,Special,0.261431357757598,0.14492179453373,0.0162791104129111,590,334.199999809265,Trapeze,42,,E,Standard / High Efficiency,3600,0.957,0.882,790.000035999288,2300,60,3576,175.31,41.44,934.2,88.7,223,51,0.7140569964777458,20.3250757081173,1.02994525432587,3.82315444946289,11.7860479354858,11.7860479354858,16.4334106445313,14.4688749313354,6.76797199249268,5.90945196151733,5.77114361504826,3.60064315795898,5011/12
CMJ2608E,2,17.4644059167922,Wye,Special,Special,0.236058882435619,0.133848026394844,0.0162791104129111,590,334.199999809265,Trapeze,42,,D,Standard / High Efficiency,3600,0.953,0.885,607.999949928263,3300,60,3575,94.02,21.03,475.3,82.8,213.6,42,0.7141424272818455,22.5834174534636,0.94709300994873,3.5680513381958,11.7860479354858,11.7860479354858,16.4334106445313,14.4688749313354,6.76797199249268,6.13105058670044,5.77114361504826,3.39091777801514,5011/12
CMJ2655E,2,19.3605414163297,Wye,Special,Special,0.193853460671391,0.112828381359577,0.0126740478993252,590,334.199999809265,Trapeze,42,,E,Standard / High Efficiency,3600,0.956,0.888,654.999965637043,3300,60,3577,100.65,23.26,572.5,93.9,238.9,40,0.7139868499701135,20.3250757081173,0.792177379131317,2.9765043258667,11.7860479354858,11.7860479354858,16.4334106445313,14.4688749313354,6.76797199249268,6.02389192581177,5.77114361504826,2.81360054016113,5011/12
CMJ2690E,2,19.3605414163297,Wye,Special,Special,0.193853460671391,0.112828381359577,0.0126740478993252,590,334.199999809265,Trapeze,42,,E,Standard / High Efficiency,3600,0.956,0.891,689.99998690935,3300,60,3576,105.75,23.26,572.5,89.1,226.7,43,0.714015748031496,20.3250757081173,0.792177379131317,2.9765043258667,11.7860479354858,11.7860479354858,16.4334106445313,14.4688749313354,6.76797199249268,6.02389192581177,5.77114361504826,2.81360054016113,5011/12
CMJ2740E,2,19.3605414163297,Wye,Special,Special,0.193853460671391,0.112828381359577,0.0126740478993252,590,334.199999809265,Trapeze,42,,D,Standard / High Efficiency,3600,0.956,0.893,739.999970546037,3300,60,3574,113.13,23.26,572.5,83,211.3,48,0.7140925988509632,20.3250757081173,0.792177379131317,2.9765043258667,11.7860479354858,11.7860479354858,16.4334106445313,14.4688749313354,6.76797199249268,6.02389192581177,5.77114361504826,2.81360054016113,5011/12
CMJ2790E,2,19.3605414163297,Wye,Special,Special,0.173902875447185,0.0982860550284386,0.0110405039478566,590,334.199999809265,Trapeze,42,,E,Standard / High Efficiency,3600,0.957,0.88,790.000035999288,3300,60,3576,122.35,29.48,659.3,89.9,225.9,50,0.7141953841289914,20.3250757081173,0.695109486579895,2.59286594390869,11.7860479354858,11.7860479354858,16.4334106445313,14.4688749313354,6.76797199249268,5.89749240875244,5.77114361504826,2.44101810455322,5011/12
CMJ2M22Y,2,30.060668957596,Wye,CU,CU,0.0574904621895112,0.0382153429090977,0.00515040982713118,670,368.400000095367,Trapeze,48,,F,Standard / High Efficiency,3000,0.956,0.89,1100,2300,50,2982,242.08,62,1478.4,140,262.5,56,0.916550279329609,27.523274366266,0.239525675773621,1.00631868839264,18.5331363677979,18.5331363677979,16.8050422668457,15.0483770370483,4.12748765945435,3.74013257026672,7.19222266031972,0.968077123165131,5811/12UDZ
CMJ2M24Y,2,30.060668957596,Delta,CU,CU,0.170687474837923,0.106153734028339,0.0143066939642533,670,368.400000095367,Trapeze,48,,F,Standard / High Efficiency,3000,0.955,0.884,1200,2300,50,2982,265.97,71.21,1597.3,150,258,63,0.91651865008881,27.523274366266,0.676340878009796,2.79532980918884,18.5331363677979,18.5331363677979,16.8050422668457,15.0483770370483,4.12748765945435,3.70196104049683,7.19222266031972,2.68515825271606,5811/12UDZ
CMJ2M26Y,2,35.3654928912895,Delta,CU,CU,0.148791289589497,0.10179041326046,0.012109185771344,670,368.400000095367,Trapeze,48,,F,Standard / High Efficiency,3000,0.957,0.902,1300,2300,50,2982,281.89,62.88,1699.4,150,256.2,61,0.9163090128755363,23.342523829618,0.632050931453705,2.63249754905701,18.5331363677979,18.5331363677979,16.8050422668457,15.0483770370483,4.12748765945435,3.72327876091003,7.19222266031972,2.52474570274353,5811/12UDZ
CMJ2M28Y,2,35.3654928912895,Delta,CU,CU,0.12603644960549,0.0931314900517464,0.0110791038059177,670,368.400000095367,Trapeze,48,,F,Standard / High Efficiency,3000,0.961,0.896,1400.00003272663,2300,50,2982,304.68,73.65,1862.7,128.3,260.3,63,0.916226680746216,23.342523829618,0.568187057971954,2.40856099128723,18.5331363677979,18.5331363677979,16.8050422668457,15.0483770370483,4.12748765945435,3.67583560943604,7.19222266031972,2.30549836158752,5811/12UDZ
CMJ2M30Y,2,38.0179048581362,Delta,CU,CU,0.116891214932747,0.0898350849747658,0.0100948032611771,670,368.400000095367,Trapeze,48,,F,Standard / High Efficiency,3000,0.961,0.902,1500,2300,50,2981,324.04,72.11,1947.9,126.1,254.9,65,0.9162473040977714,21.6948162651744,0.542799651622772,2.30567359924316,18.5331363677979,18.5331363677979,16.8050422668457,15.0483770370483,4.12748765945435,3.67773723602295,7.19222266031972,2.20481109619141,5811/12UDZ
CMJ2M33Y,2,40.6703168249829,Delta,CU,CU,0.0968378669724493,0.0776131600141525,0.00826354643375269,670,368.400000095367,Trapeze,48,,F,Standard / High Efficiency,3000,0.963,0.898,1650.00003272663,2300,50,2983,357.45,86.56,2278.1,135.4,270.3,66,0.916271186440678,20.2643888191189,0.464344263076782,1.97835350036621,18.5331363677979,18.5331363677979,16.8050422668457,15.0483770370483,4.12748765945435,3.6181974411010698,7.19222266031972,1.88513278961182,5811/12UDZ
CMJ2M35Y,2,40.6703168249829,Delta,CU,CU,0.0968378669724493,0.0776131600141525,0.00826354643375269,670,368.400000095367,Trapeze,48,,F,Standard / High Efficiency,3000,0.962,0.9,1750,2300,50,2981,378.69,86.56,2278.1,127.6,254.8,72,0.9165467625899281,20.2643888191189,0.464344263076782,1.97835350036621,18.5331363677979,18.5331363677979,16.8050422668457,15.0483770370483,4.12748765945435,3.6181974411010698,7.19222266031972,1.88513278961182,5811/12UDZ
CMJ2M22W,2,30.060668957596,Delta,CU,CU,0.287231260546207,0.196341946721077,0.0264616611562828,670,368.400000095367,Trapeze,48,,F,Standard / High Efficiency,3000,0.956,0.891,1100,3000,50,2982,185.39,46.97,1126.3,140,261.2,56,0.9164912280701754,27.523274366266,1.22248780727386,5.17024183273315,18.5331363677979,18.5331363677979,16.8050422668457,15.0483770370483,4.12748765945435,3.7430727481842,7.19222266031972,4.97432708740234,5811/12UDZ
CMJ2M24W,2,30.060668957596,Wye,CU,CU,0.090213991586546,0.0613143965601921,0.00826354643375269,670,368.400000095367,Trapeze,48,,F,Standard / High Efficiency,3000,0.956,0.887,1200,3000,50,2982,203.22,52.82,1203.6,150,254.8,62,0.9162171880618483,27.523274366266,0.382279396057129,1.61458253860474,18.5331363677979,18.5331363677979,16.8050422668457,15.0483770370483,4.12748765945435,3.71010589599609,7.19222266031972,1.55143368244171,5811/12UDZ
CMJ2M26W,2,35.3654928912895,Delta,CU,CU,0.246167213938981,0.173178389668465,0.0206016393085247,670,368.400000095367,Trapeze,48,,F,Standard / High Efficiency,3000,0.957,0.902,1300,3000,50,2982,216.05,48.21,1303.4,150,256.6,60,0.9164285714285715,23.342523829618,1.06834805011749,4.47872924804688,18.5331363677979,18.5331363677979,16.8050422668457,15.0483770370483,4.12748765945435,3.72289180755615,7.19222266031972,4.2953405380249,5811/12UDZ
CMJ2M28W,2,35.3654928912895,Wye,CU,CU,0.0656445903837282,0.0492596328258514,0.00586002184775814,670,368.400000095367,Trapeze,48,,G,Standard / High Efficiency,3000,0.962,0.887,1400.00003272663,3000,50,2983,235.54,64.02,1533.8,140,278.8,61,0.9165023011176858,23.342523829618,0.29950937628746,1.27394962310791,18.5331363677979,18.5331363677979,16.8050422668457,15.0483770370483,4.12748765945435,3.637615442276,7.19222266031972,1.21752953529358,5811/12UDZ
CMJ2M30W,2,38.0179048581362,Delta,CU,CU,0.224128090680907,0.159706816077232,0.0179463169087593,670,368.400000095367,Trapeze,48,,E,Standard / High Efficiency,3000,0.959,0.906,1500,3000,50,2980,247.93,51.14,1426.4,120.2,243.2,69,0.9163526752072344,21.6948162651744,0.981298685073853,4.09897518157959,18.5331363677979,18.5331363677979,16.8050422668457,15.0483770370483,4.12748765945435,3.70194697380066,7.19222266031972,3.92364573478699,5811/12UDZ
CMJ2M33W,2,40.6703168249829,Delta,CU,CU,0.183097605105209,0.134371817111969,0.0143066939642533,670,368.400000095367,Trapeze,48,,F,Standard / High Efficiency,3000,0.962,0.9,1650.00003272663,3000,50,2982,273.82,64.32,1713.6,132.6,264.6,68,0.9165223415310012,20.2643888191189,0.819362103939056,3.42512726783752,18.5331363677979,18.5331363677979,16.8050422668457,15.0483770370483,4.12748765945435,3.6292896270752,7.19222266031972,3.26529097557068,5811/12UDZ
CMJ2M35W,2,40.6703168249829,Delta,CU,CU,0.183097605105209,0.134371817111969,0.0143066939642533,670,368.400000095367,Trapeze,48,,F,Standard / High Efficiency,3000,0.961,0.901,1750,3000,50,2981,290.2,64.32,1713.6,125,249.3,75,0.9162072767364939,20.2643888191189,0.819362103939056,3.42512726783752,18.5331363677979,18.5331363677979,16.8050422668457,15.0483770370483,4.12748765945435,3.6292896270752,7.19222266031972,3.26529097557068,5811/12UDZ
CMJ2M22H,2,35.3654928912895,Wye,CU,CU,0.411508363560136,0.249376893043518,0.0296663606042756,670,368.400000095367,Trapeze,48,,G,Standard / High Efficiency,3000,0.956,0.905,1100,6000,50,2983,91.28,21.07,601.2,136.7,279.2,51,0.9163111256974072,23.342523829618,1.59544885158539,6.44936990737915,18.5331363677979,18.5331363677979,16.8050422668457,15.0483770370483,4.12748765945435,3.76338243484497,7.19222266031972,6.19552135467529,5811/12UDZ
CMJ2M28H,2,35.3654928912895,Wye,CU,CU,0.411508363560136,0.249376893043518,0.0296663606042756,670,368.400000095367,Trapeze,48,,F,Standard / High Efficiency,3000,0.955,0.907,1200,6000,50,2982,99.44,21.07,601.2,125.3,255.7,59,0.9161590827660335,23.342523829618,1.59544885158539,6.44936990737915,18.5331363677979,18.5331363677979,16.8050422668457,15.0483770370483,4.12748765945435,3.76338243484497,7.19222266031972,6.19552135467529,5811/12UDZ
CMJ2M26H,2,35.3654928912895,Wye,CU,CU,0.388646787806795,0.222438022494316,0.0264616611562828,670,368.400000095367,Trapeze,48,,F,Standard / High Efficiency,3000,0.956,0.899,1300,6000,50,2982,108.64,25.76,674.8,130,262.8,63,0.9163179916317992,23.342523829618,1.44469249248505,5.75267887115479,18.5331363677979,18.5331363677979,16.8050422668457,15.0483770370483,4.12748765945435,3.70690393447876,7.19222266031972,5.51352310180664,5811/12UDZ
CMJ2M26G,2,32.7130809244428,Delta,CU,CU,0.116347554683552,0.0800453647971153,0.0100948032611771,670,368.400000095367,Trapeze,48,,F,Standard / High Efficiency,3600,0.962,0.9,1300,2300,60,3583,281.09,66.7,1801.4,150,272.8,50,0.9163587504198859,25.2610874320523,0.540030896663666,2.50014567375183,18.5331363677979,18.5331363677979,16.8041362762451,14.8054065704346,4.12748765945435,3.75474524497986,7.19222266031972,2.39512491226196,5811/12UDZ
CMJ2M28G,2,32.7130809244428,Delta,CU,CU,0.0983080763138447,0.0726035088300705,0.00915628413712209,670,368.400000095367,Trapeze,48,,G,Standard / High Efficiency,3600,0.964,0.892,1400.00003272663,2300,60,3584,305.05,79.29,1991.2,150,279.3,52,0.9163385826771654,25.2610874320523,0.482601344585419,2.2677059173584,18.5331363677979,18.5331363677979,16.8041362762451,14.8054065704346,4.12748765945435,3.70473551750183,7.19222266031972,2.1681241989135698,5811/12UDZ
CMJ2M30G,2,38.0179048581362,Delta,CU,CU,0.116891214932747,0.0900213494896889,0.0100948032611771,670,368.400000095367,Trapeze,48,,D,Standard / High Efficiency,3600,0.96,0.918,1500,2300,60,3577,318.64,46.53,1626.1,98.1,216.3,58,0.9165254237288136,21.6948162651744,0.592119693756104,2.7667715549469,18.5331363677979,18.5331363677979,16.8041362762451,14.8054065704346,4.12748765945435,3.84713888168335,7.19222266031972,2.65474390983582,5811/12UDZ
CMJ2M35G,2,40.6703168249829,Delta,CU,CU,0.0975114144312366,0.0698027834296227,0.00741659015106889,670,368.400000095367,Trapeze,48,,E,Standard / High Efficiency,3600,0.962,0.914,1750,2300,60,3580,372.36,66.26,2119.9,110.7,239.3,62,0.9161562021439511,20.2643888191189,0.465593844652176,2.13067436218262,18.5331363677979,18.5331363677979,16.8041362762451,14.8054065704346,4.12748765945435,3.74664211273193,7.19222266031972,2.03378343582153,5811/12UDZ
CMJ2M40G,2,40.6703168249829,Delta,CU,CU,0.0699660210986445,0.05515281483531,0.00586002184775814,670,368.400000095367,Trapeze,48,,F,Standard / High Efficiency,3600,0.966,0.9,2000,2300,60,3583,430.9,100.05,2699.4,124.2,264.5,65,0.9164934164934164,20.2643888191189,0.360796570777893,1.68349575996399,18.5331363677979,18.5331363677979,16.8041362762451,14.8054065704346,4.12748765945435,3.62056398391724,7.19222266031972,1.59824156761169,5811/12UDZ
CMJ2M45G,2,40.6703168249829,Delta,CU,CU,0.0616706802046266,0.0484741516411304,0.00515040982713118,670,368.400000095367,Trapeze,48,,F,Standard / High Efficiency,3600,0.966,0.89,2250,2300,60,3583,489.98,126.28,3087.8,135,266.2,73,0.9163511187607573,20.2643888191189,0.317283481359482,1.47963500022888,18.5331363677979,18.5331363677979,16.8041362762451,14.8054065704346,4.12748765945435,3.49033784866333,7.19222266031972,1.39680802822113,5811/12UDZ
CMJ2M26E,2,32.7130809244428,Delta,CU,CU,0.238064531348513,0.163357898592949,0.0206016393085247,670,368.400000095367,Trapeze,48,,F,Standard / High Efficiency,3600,0.962,0.899,1300,3300,60,3584,196.09,47.2,1266.6,145,275.1,49,0.9163890739506997,25.2610874320523,1.10272443294525,5.1023383140564,18.5331363677979,18.5331363677979,16.8041362762451,14.8054065704346,4.12748765945435,3.75049424171448,7.19222266031972,4.88718271255493,5811/12UDZ
CMJ2M28E,2,32.7130809244428,Wye,CU,CU,0.0842643917338262,0.0524560362100601,0.00661541528907071,670,368.400000095367,Trapeze,48,,F,Standard / High Efficiency,3600,0.961,0.898,1400.00003272663,3300,60,3583,211.69,50.42,1314.4,130,263.5,56,0.916203059805285,25.2610874320523,0.361916273832321,1.6384174823761,18.5331363677979,18.5331363677979,16.8041362762451,14.8054065704346,4.12748765945435,3.73290610313416,7.19222266031972,1.56822979450226,5811/12UDZ
CMJ2M30E,2,35.3654928912895,Wye,CU,CU,0.0723315875888234,0.0557248070836067,0.00661541528907071,670,368.400000095367,Trapeze,48,,E,Standard / High Efficiency,3600,0.962,0.911,1500,3300,60,3580,223.45,41.47,1249.3,107.7,236.9,57,0.9160866202629543,23.342523829618,0.366872996091843,1.72578132152557,18.5331363677979,18.5331363677979,16.8041362762451,14.8054065704346,4.12748765945435,3.78099846839905,7.19222266031972,1.65307652950287,5811/12UDZ
CMJ2M35E,2,38.0179048581362,Wye,CU,CU,0.0637505541252532,0.0522572919726372,0.00586002184775814,670,368.400000095367,Trapeze,48,,D,Standard / High Efficiency,3600,0.962,0.913,1750,3300,60,3578,260.18,42.78,1344.7,100.1,218.9,66,0.9162829635830891,21.6948162651744,0.339620143175125,1.60610771179199,18.5331363677979,18.5331363677979,16.8041362762451,14.8054065704346,4.12748765945435,3.76898980140686,7.19222266031972,1.53603971004486,5811/12UDZ
CMJ2M40E,2,40.6703168249829,Wye,CU,CU,0.0510641663321137,0.0422263741493225,0.00448657922718983,670,368.400000095367,Trapeze,48,,E,Standard / High Efficiency,3600,0.964,0.909,2000,3300,60,3580,297.97,57.43,1683,110.8,238.2,68,0.9165063485956138,20.2643888191189,0.27373132109642,1.28892648220062,18.5331363677979,18.5331363677979,16.8041362762451,14.8054065704346,4.12748765945435,3.6802396774292,7.19222266031972,1.22680592536926,5811/12UDZ
CMJ2M45E,2,40.6703168249829,Wye,CU,CU,0.0474167258798198,0.0364094749093056,0.00386853004793408,670,368.400000095367,Trapeze,48,,E,Standard / High Efficiency,3600,0.965,0.9,2250,3300,60,3581,338.46,74.75,1957,130,243.6,77,0.9161338849191426,20.2643888191189,0.23941034078598,1.11137020587921,18.5331363677979,18.5331363677979,16.8041362762451,14.8054065704346,4.12748765945435,3.59868955612183,7.19222266031972,1.05409288406372,5811/12UDZ
CMJ2M26A,2,32.7130809244428,Wye,CU,CU,0.314585844204303,0.185864984989166,0.0234400873910326,670,368.400000095367,Trapeze,48,,F,Standard / High Efficiency,3600,0.96,0.902,1300,6000,60,3583,107.68,24.55,673.1,120.6,264.6,52,0.9162049861495846,25.2610874320523,1.29837667942047,5.80532693862915,18.5331363677979,18.5331363677979,16.8041362762451,14.8054065704346,4.12748765945435,3.76780772209167,7.19222266031972,5.56436061859131,5812UDZ
CMJ2M28A,2,31.8289436021605,Wye,CU,CU,0.294924228941534,0.163357898592949,0.0206016393085247,670,368.400000095367,Trapeze,48,,G,Standard / High Efficiency,3600,0.961,0.888,1400.00003272663,6000,60,3584,117.72,31.61,767.1,127.9,277.1,56,0.916335978835979,25.2610874320523,1.15958404541016,5.1023383140564,18.5331363677979,18.5331363677979,16.8041362762451,14.8054065704346,4.12748765945435,3.70388770103455,7.19222266031972,4.87811422348022,5811/12UDZ
CMJ2M30A,2,35.3654928912895,Wye,CU,CU,0.268584266893146,0.162161126732826,0.0192510873982992,670,368.400000095367,Trapeze,48,,F,Standard / High Efficiency,3600,0.962,0.902,1500,6000,60,3583,124.14,28.46,780.3,122.4,265.3,57,0.9164075993091537,23.342523829618,1.12570989131927,5.0220832824707,18.5331363677979,18.5331363677979,16.8041362762451,14.8054065704346,4.12748765945435,3.72055649757385,7.19222266031972,4.79861736297607,5811/12UDZ
CMJ2M33A,2,38.0179048581362,Wye,CU,CU,0.277424814862983,0.171673372387886,0.0192510873982992,670,368.400000095367,Trapeze,48,,E,Standard / High Efficiency,3600,0.96,0.913,1650.00003272663,6000,60,3579,135.14,23.78,742.1,106.3,230.7,65,0.9162033359809372,21.6948162651744,1.18369960784912,5.2763147354126,18.5331363677979,18.5331363677979,16.8041362762451,14.8054065704346,4.12748765945435,3.76877474784851,7.19222266031972,5.04608488082886,5811/12UDZ
CMJ2M35A,2,38.0179048581362,Wye,CU,CU,0.234613443460421,0.137991905212402,0.0154741201917363,670,368.400000095367,Trapeze,48,,F,Standard / High Efficiency,3600,0.963,0.899,1750,6000,60,3583,145.24,34.83,926.7,125.8,268.4,64,0.9163537043359509,21.6948162651744,0.96308159828186,4.24112844467163,18.5331363677979,18.5331363677979,16.8041362762451,14.8054065704346,4.12748765945435,3.65702891349792,7.19222266031972,4.03705263137817,5811/12UDZ
CMJ2M26T,2,32.7130809244428,Wye,CU,CU,0.375854338678358,0.20982414484024,0.0264616611562828,670,368.400000095367,Trapeze,48,,G,Standard / High Efficiency,3600,0.961,0.895,1300,6600,60,3584,98.66,25.21,656.3,129.5,282.2,52,0.9162337662337662,25.2610874320523,1.48646187782288,6.55366992950439,18.5331363677979,18.5331363677979,16.8041362762451,14.8054065704346,4.12748765945435,3.73428130149841,7.19222266031972,6.2732629776001,5812UDZ
CMJ2M28T,2,31.8289436021605,Wye,CU,CU,0.375854338678358,0.20982414484024,0.0264616611562828,670,368.400000095367,Trapeze,48,,F,Standard / High Efficiency,3600,0.96,0.896,1400.00003272663,6600,60,3583,106.24,25.83,656.3,120.2,261.7,58,0.9163165266106441,25.2610874320523,1.48646187782288,6.55366992950439,18.5331363677979,18.5331363677979,16.8041362762451,14.8054065704346,4.12748765945435,3.73428130149841,7.19222266031972,6.2732629776001,5811/12UDZ
CMJ2M30T,2,35.3654928912895,Wye,CU,CU,0.317776935782556,0.185299456119537,0.0219979726394358,670,368.400000095367,Trapeze,48,,G,Standard / High Efficiency,3600,0.962,0.896,1500,6600,60,3584,113.56,28.64,751.7,129.8,279.9,56,0.9162029459901799,23.342523829618,1.297203540802,5.73867082595825,18.5331363677979,18.5331363677979,16.8041362762451,14.8054065704346,4.12748765945435,3.69133758544922,7.19222266031972,5.47674942016602,5811/12UDZ
CMJ2M33T,2,38.0179048581362,Wye,CU,CU,0.277424814862983,0.171673372387886,0.0192510873982992,670,368.400000095367,Trapeze,48,,G,Standard / High Efficiency,3600,0.963,0.899,1650.00003272663,6600,60,3584,124.29,30.13,819.5,129.8,277.9,59,0.9162545334652159,21.6948162651744,1.18369960784912,5.2763147354126,18.5331363677979,18.5331363677979,16.8041362762451,14.8054065704346,4.12748765945435,3.67137622833252,7.19222266031972,5.02546501159668,5811/12UDZ
CMJ2M35T,2,40.2282481638418,Wye,CU,CU,0.268987825232198,0.181185603141785,0.0192510873982992,670,368.400000095367,Trapeze,48,,F,Standard / High Efficiency,3600,0.963,0.91,1750,6600,60,3581,130.33,26.11,787.4,119,253.7,62,0.9162152401589022,20.4895486948869,1.22441160678864,5.48817491531372,18.5331363677979,18.5331363677979,16.8041362762451,14.8054065704346,4.12748765945435,3.71171832084656,7.19222266031972,5.23161220550537,5811/12UDZ
CMJ2M26F,2,35.3654928912895,Wye,CU,CU,0.48979676324368,0.27785512804985,0.0330541857350108,670,368.400000095367,Trapeze,48,,F,Standard / High Efficiency,3000,0.955,0.902,1300,6600,50,2982,98.51,22.13,593.8,125.7,254.6,65,0.9164866810655147,23.342523829618,1.80894029140472,7.18587207794189,18.5331363677979,18.5331363677979,16.8050422668457,15.0483770370483,4.12748765945435,3.72339868545532,7.19222266031972,6.89177799224854,5812UDZ
CMJ2M28F,2,35.3654928912895,Wye,CU,CU,0.411508363560136,0.249376893043518,0.0296663606042756,670,368.400000095367,Trapeze,48,,F,Standard / High Efficiency,3000,0.959,0.893,1400.00003272663,6600,50,2982,106.7,26.84,663.8,130.9,263.6,67,0.9162321863051791,23.342523829618,1.59544885158539,6.44936990737915,18.5331363677979,18.5331363677979,16.8050422668457,15.0483770370483,4.12748765945435,3.66554975509644,7.19222266031972,6.17080116271973,5811/12UDZ
CMJ2M24F,2,35.3654928912895,Wye,CU,CU,0.48979676324368,0.27785512804985,0.0330541857350108,670,368.400000095367,Trapeze,48,,G,Standard / High Efficiency,3000,0.956,0.899,1200,6600,50,2983,91.09,22.13,593.8,136.2,276,57,0.9163346613545817,23.342523829618,1.80894029140472,7.18587207794189,18.5331363677979,18.5331363677979,16.8050422668457,15.0483770370483,4.12748765945435,3.72339868545532,7.19222266031972,6.89177799224854,5811/12UDZ
CMJ2M22F,2,35.3654928912895,Wye,CU,CU,0.515575540256505,0.307872712612152,0.0366251365484884,670,368.400000095367,Trapeze,48,,F,Standard / High Efficiency,3000,0.956,0.906,1100,6600,50,2983,82.86,18.5,535.3,133.8,273.5,52,0.9165549597855228,23.342523829618,1.97723042964935,7.96218490600586,18.5331363677979,18.5331363677979,16.8050422668457,15.0483770370483,4.12748765945435,3.77335596084595,7.19222266031972,7.65190315246582,5811/12UDZ
CMJ2M24H,2,35.3654928912895,Wye,CU,CU,0.411508363560136,0.249376893043518,0.0296663606042756,670,368.400000095367,Trapeze,48,,F,Standard / High Efficiency,3000,0.955,0.907,1200,6000,50,2982,99.44,21.07,601.2,125.3,255.7,59,0.9161590827660335,23.342523829618,1.59544885158539,6.44936990737915,18.5331363677979,18.5331363677979,16.8050422668457,15.0483770370483,4.12748765945435,3.76338243484497,7.19222266031972,6.19552135467529,5811/12UDZ
CMJ2M28H,2,35.3654928912895,Wye,CU,CU,0.325292979906556,0.197038531303406,0.0234400873910326,670,368.400000095367,Trapeze,48,,G,Standard / High Efficiency,3000,0.96,0.887,1400.00003272663,6000,50,2983,118.04,32.01,764.5,140,275.4,65,0.9164725457570715,23.342523829618,1.26075208187103,5.09579849243164,18.5331363677979,18.5331363677979,16.8050422668457,15.0483770370483,4.12748765945435,3.64098906517029,7.19222266031972,4.8707914352417,5811/12UDZ
AMJ2554U,2,17.8574927603367,Wye,AL,AL,0.369847825255992,0.157491400837898,0.0826109527992075,550,315.599999904633,Dbl - Closed,42,,F,Standard / High Efficiency,3600,0.954,0.898,554,4000,60,3568,69.61,12.39,400.4,117.3,226.4,64,1.0659133709981168,15.999777111098,1.66563153266907,8.28376388549805,17.1682815551758,17.1682815551758,47.0925483703613,24.5858554840088,6.85563516616821,6.18480396270752,8.45221666020092,5.94657373428345,509U
AMJ2554E,2,17.8574927603367,Delta,AL,AL,0.716044064933009,0.303802877664566,0.159357547837977,550,315.599999904633,Dbl - Closed,42,,F,Standard / High Efficiency,3600,0.955,0.896,554,3300,60,3569,84.5,16.6,514.8,124.7,238.1,62,1.0648479427549196,15.999777111098,3.21562695503235,16.0364646911621,17.1682815551758,17.1682815551758,47.6062812805176,24.498571395874,6.85563516616821,6.13353538513184,8.45221666020092,11.4386739730835,509UDZ
AMJ2554G,2,17.8574927603367,Delta,AL,AL,0.359477465498713,0.157491400837898,0.0826109527992075,550,315.599999904633,Dbl - Closed,42,,E,Standard / High Efficiency,3600,0.954,0.898,554,2300,60,3568,121.01,21.24,690.7,116.4,225,64,1.066350710900474,15.999777111098,1.65526115894318,8.2817554473877,17.1682815551758,17.1682815551758,47.024658203125,24.5973091125488,6.85563516616821,6.19131135940552,8.45221666020092,5.94873285293579,509U
AMJ2462V,2,17.8574927603367,Wye,AL,AL,0.369847825255992,0.157491400837898,0.0826109527992075,550,315.599999904633,Dbl - Closed,42,"A,B",E,Standard / High Efficiency,3000,0.953,0.897,462,3300,50,2967,70.55,12.12,387.9,113.6,220.2,60,1.0673776054289867,15.999777111098,1.36409878730774,6.88677310943604,17.1682815551758,17.1682815551758,46.8365249633789,26.0167236328125,6.85563516616821,6.23053359985352,8.45221666020092,5.06162977218628,509U
AMJ2462W,2,17.8574927603367,Wye,AL,AL,0.282839246222221,0.124437652528286,0.0652728515944355,550,315.599999904633,Dbl - Closed,42,"A,B",F,Standard / High Efficiency,3000,0.955,0.895,462,3000,50,2968,77.58,14.42,447.5,119.5,229.8,57,1.0673478866697632,15.999777111098,1.06842017173767,5.45705795288086,17.1682815551758,17.1682815551758,47.2603302001953,25.9438247680664,6.85563516616821,6.19018745422363,8.45221666020092,3.99039506912231,509UDZ
AMJ2462Y,2,17.8574927603367,Delta,AL,AL,0.474062379200245,0.214363306760788,0.112442685754477,550,315.599999904633,Dbl - Closed,42,"A,B",F,Standard / High Efficiency,3000,0.956,0.894,462,2300,50,2969,101.2,19.6,598.4,122.7,235,55,1.0667271901951882,15.999777111098,1.82734835147858,9.41466236114502,17.1682815551758,17.1682815551758,47.4804039001465,25.9061641693115,6.85563516616821,6.16857147216797,8.45221666020092,6.86598014831543,509UDZ
Y130092,2,10.9152830708311,Delta,AL,AL,0.0114561524580489,0.00828306190669537,0.00137804407995511,480,269.800000190735,Dbl - Closed,48,,F,TIC Premium Brand,3600,0.964,0.89,600.000008181656,460,60,3568,654.73,152.72,4158,161.5,274.2,82,1.115087433916226,13.5938220438559,0.0718572288751602,0.260568916797638,12.0026578903198,12.0026578903198,57.0012893676758,33.2920684814453,9.21648120880127,9.00212383270264,7.69143612631979,0.197453394532204,449T
Y130052,2,4.82692032543308,Delta,AL,AL,0.0454801364437855,0.0219876393675804,0.0152874067338137,430,256.22000002861,Dbl - Closed,48,A,H,TIC Premium Brand,3600,0.954,0.877,150.000002045414,460,60,3569,167.99,41.92,1260.8,150.9,281.2,31,1.01078360891445,19.6657364319622,0.190439566969872,0.919308423995972,11.4516925811768,11.4516925811768,59.8921852111816,25.0756320953369,11.6780853271484,11.2094068527222,9.84757101598987,0.610189914703369,405T
Y130031,2,18.2292838454527,Delta,AL,AL,0.0100204506062775,0.00635188911110163,0.0015715507055488,550,313.800000190735,Dbl - Closed,48,,F,TIC Premium Brand,3600,0.966,0.913,799.999983636687,460,60,3571,849.62,150,5307.2,143.1,198.7,74,0.7716504854368932,18.2323537801402,0.0443172864615917,0.187493950128555,12.1068906784058,12.1068906784058,38.2890243530273,21.2712535858154,9.17018127441406,8.79578304290771,7.58712109925462,0.148623153567314,509U
2D8Y75,8,0.483450380047705,Delta,AL,AL,3.04220602448925,2.80474519729614,0.207740938781771,265,174.199999988079,Dbl - Closed,54,,F,TIC EPACT,900,0.89,0.705,7.5,460,60,874,11.1,5.6,50,155,210,45,1.3157894736842106,4.17847795744762,7.7870717048645,25.3883361816406,16.2862148284912,16.2862148284912,47.564037322998,23.5103034973145,28.1186256408691,22.3971118927002,4.52914995468249,15.0049314498901,256T
H93054,8,0.483450380047705,Delta,AL,AL,2.57000543575409,2.80474519729614,0.207740938781771,265,174.199999988079,Dbl - Closed,54,,F,TIC EPACT,900,0.89,0.705,7.5,460,60,875,11.16,5.6,50,155,210,41,1.2946979038224415,4.17847795744762,7.31487131118774,25.4506301879883,16.2862148284912,16.2862148284912,47.8545608520508,23.4344215393066,28.1186256408691,22.1540298461914,4.52914995468249,14.9281435012817,256T
H99038,8,2.15889401161959,Delta,AL,AL,0.750411063697302,0.574832856655121,0.0584102206223386,350,238.700000047684,Dbl - Closed,72,,G,TIC EPACT,900,0.91,0.715,25,460,60,881,35.8,18.4,182.5,280,220,41,1.354679802955665,5.03511554456986,2.37828230857849,7.72464466094971,17.5924091339111,17.5924091339111,80.2446060180664,32.0629730224609,17.7327175140381,16.2616157531738,3.944889544432,4.35218191146851,326T
H93058,8,2.15889401161959,Delta,AL,AL,0.750411063697302,0.574832856655121,0.0584102206223386,350,238.700000047684,Dbl - Closed,72,"A,B,C",G,TIC EPACT,900,0.91,0.715,25,460,60,881,35.8,18.4,182.5,280,220,41,1.354679802955665,5.03511554456986,2.37828230857849,7.72464466094971,17.5924091339111,17.5924091339111,80.2446060180664,32.0629730224609,17.7327175140381,16.2616157531738,3.944889544432,4.35218191146851,326T
2D8Y75,8,0.483450380047705,Delta,AL,AL,3.04220602448925,2.80474519729614,0.207740938781771,265,174.199999988079,Dbl - Closed,54,"A,B",F,TIC EPACT,900,0.879,0.711,7.5,460,60,874,11.24,5.6,51.9,164.4,213.7,45,1.3389724310776943,4.17847795744762,7.7870717048645,25.3883361816406,16.2862148284912,16.2862148284912,47.564037322998,23.5103034973145,28.1186256408691,22.3971118927002,4.52914995468249,15.0049314498901,256T
H99038,8,2.27252001223114,Delta,AL,AL,0.766285431847093,0.602072358131409,0.0582363217271748,350,238.700000047684,Dbl - Closed,72,"A,B,C",G,TIC EPACT,900,0.922,0.724,25,460,60,883,35.07,17.5,181,255.3,213.4,33,1.3557814485387547,4.47072187405108,2.46835470199585,8.13963031768799,17.5924091339111,17.5924091339111,80.0985107421875,32.4131965637207,17.7327175140381,16.4485950469971,3.944889544432,4.58212852478027,326T
H93057,8,1.81801600978491,Delta,AL,AL,1.02410392520476,0.695451557636261,0.0823675376744697,350,238.700000047684,Dbl - Closed,72,"A,B,C",G,TIC EPACT,900,0.9,0.705,20,460,60,885,30,15.2,145,280,230,42,1.3788968824940047,5.94011997251542,3.00525665283203,9.41845512390137,17.5924091339111,17.5924091339111,82.1005935668945,32.2555389404297,17.7327175140381,16.3665637969971,3.944889544432,5.25317716598511,326T
H93056,8,1.1686682286125,Delta,AL,AL,1.38081460208299,0.887657880783081,0.0964447730560352,310,209,Dbl - Closed,72,"A,B,C",G,Standard / High Efficiency,900,0.905,0.695,15,460,60,885,22.2,11.6,115,245,215,36,1.355611601513241,5.07366638253949,3.70798802375793,12.9758567810059,19.8304634094238,19.8304634094238,92.7807540893555,33.8410987854004,20.2251167297363,18.2297496795654,4.49285559838081,6.80558824539185,286T
1D8010,8,0.868153541255,Delta,AL,AL,2.03274494523258,1.33708643913269,0.189031755189829,310,209,Dbl - Closed,72,"A,B,C",G,Standard / High Efficiency,900,0.9,0.68,10,460,60,884,15.22,8.2,72,225,225,28,1.4186633039092056,5.77177649151296,5.58194160461426,19.3439121246338,19.8304634094238,19.8304634094238,95.8563613891602,34.3855133056641,20.2251167297363,18.5192832946777,4.49285559838081,10.1041660308838,284T
H93053,8,0.483450380047705,Wye,AL,AL,1.81805129426373,1.98896062374115,0.14731767403915,265,174.199999988079,Dbl - Closed,54,"A,B",F,Standard / High Efficiency,900,0.88,0.685,5,460,60,859,7.7,4.1,34,170,220,37,1.926444833625219,4.17847795744762,5.18283128738403,17.8652458190918,16.2862148284912,16.2862148284912,46.1691360473633,26.1125030517578,28.1186256408691,26.4925556182861,4.52914995468249,11.759316444397,256T
1D6300,6,17.4634334665923,Delta,AL,AL,0.0354907726918711,0.0340532958507538,0.00435944996569041,550,362.799999952316,Dbl - Closed,72,"A,B",G,Standard / High Efficiency,1200,0.949,0.834,300.000004090828,460,60,1181,355,125,2175,195,235,74,1.1452241715399611,9.32262608125504,0.1308434009552,0.577277898788452,17.8791732788086,17.8791732788086,45.9712562561035,24.5562438964844,17.7457122802734,11.6268930435181,5.39205408859694,0.377710491418839,507U
2D6Y75,6,0.298357940925654,Delta,AL,AL,2.76258218104092,2.21923112869263,0.356371411563668,265,174.199999988079,Dbl - Closed,54,"A,B,C",H,Standard / High Efficiency,1200,0.88,0.77,7.5,460,60,1172,10,4.6,60,235,280,44,1.2773722627737227,10.9671337465817,6.70891571044922,19.2166538238525,16.2862148284912,16.2862148284912,46.0708656311035,22.0721817016602,28.1186256408691,17.6076011657715,6.06818059651195,11.1164617538452,254T
2D6010,6,0.3646597055758,Delta,AL,AL,1.92529985527028,1.71083807945251,0.233540448847846,265,174.199999988079,Dbl - Closed,54,"A,B,C",H,Standard / High Efficiency,1200,0.89,0.77,10,460,60,1175,13.2,6,81,230,275,36,1.2772875058058522,8.97310942902138,4.92639493942261,14.878662109375,16.2862148284912,16.2862148284912,44.520751953125,21.8560810089111,28.1186256408691,16.8464336395264,6.06818059651195,8.50911045074463,256T
H93044,6,0.0845091499817043,Wye,AL,AL,3.63170644040637,2.40775489807129,0.960003186573585,230,147.199999988079,Oval,54,"A,B",J,Standard / High Efficiency,1200,0.845,0.73,3,460,60,1158,4.5,2.7,27,215,290,41,1.25,15.1346445702827,6.99946451187134,12.8613996505737,15.8304748535156,15.8304748535156,40.4782104492188,15.9398422241211,22.3567504882813,16.1893692016602,4.95186156358471,7.60418605804443,213
2D4Y75,4,0.131697893615212,Delta,AL,AL,2.89317684133602,1.96357071399689,0.871859334858446,230,142.100000023842,Dbl - Closed,48,"A,B,C",H,Standard / High Efficiency,1800,0.875,0.8,7.5,460,60,1756,10,5,63,260,325,39,1.417975567190227,17.0631140500031,6.85731840133667,18.2400817871094,15.2172355651855,15.2172355651855,53.7203559875488,25.1888561248779,21.5398426055908,14.8522157669067,7.05493016577206,10.3301334381104,213T
H93040,4,0.48144267552483,Delta,AL,AL,0.887226749240258,0.478258401155472,0.166829127607745,310,193.700000047684,Dbl - Closed,48,"A,B,C",G,Standard / High Efficiency,1800,0.91,0.79,25,460,60,1767,32.4,14.3,182.5,240,225,43,1.2697516930022574,22.2209083591138,2.36480712890625,7.27678489685059,14.2260637283325,14.2260637283325,70.7744369506836,35.1352920532227,22.7296543121338,15.9307413101196,7.08655918460563,4.60204267501831,284T
2D4015,4,0.335213376786503,Delta,AL,AL,1.9388616855079,0.914575219154358,0.265477365374632,265,170.249996900558,Dbl - Closed,48,"A,B",F,Standard / High Efficiency,1800,0.905,0.84,15,460,60,1764,18.5,6.7,105,210,230,46,1.2877939529675253,18.0169527236058,4.51015567779541,11.9002866744995,13.4218778610229,13.4218778610229,62.2755355834961,31.537036895752,20.2172069549561,16.8136615753174,6.49902291566676,7.72826099395752,254T
1K4040,4,1.1501130581982,Delta,AL,AL,0.290695307195036,0.262364745140076,0.0559511807575402,310,193.700000047684,Dbl - Closed,48,"A,B,C",G,TIC EPACT,1800,0.93,0.833,40,460,60,1769,46.5,13.8,288,270,240,57,1.3597733711048159,10.5294418593224,1.18455612659454,5.14085102081299,13.9970588684082,13.9970588684082,69.6333465576172,36.407413482666,22.7296543121338,18.005802154541,7.08655918460563,3.42030429840088,326T
1K4040C,4,1.1501130581982,Delta,AL,AL,0.457579321680986,0.409944921731949,0.0874237199336566,310,193.700000047684,Dbl - Closed,48,"A,B,C",G,TIC EPACT,1800,0.941,0.853,40,575,60,1769,39,13,230,245,220,57,1.246458923512748,10.5294418593224,1.85423684120178,8.03224563598633,13.9970588684082,13.9970588684082,69.628059387207,36.4085731506348,22.7296543121338,18.008716583252,7.08655918460563,5.34454011917114,326T
1K4050,4,1.33734076534675,Delta,AL,AL,0.22803933557191,0.221541345119476,0.0411069899443152,310,193.700000047684,Dbl - Closed,48,"A,B,C",G,TIC EPACT,1800,0.932,0.837,50,460,60,1761,60,19,358,232,220,66,1.2903225806451613,8.82830683456684,0.976678967475891,4.27545070648193,13.9970588684082,13.9970588684082,67.994140625,36.2573318481445,22.7296543121338,17.6273670196533,7.08655918460563,2.84082126617432,326T
AMJ2503G,2,16.270160070529,Delta,AL,AL,0.433428460983081,0.17863267660141,0.101988830616306,550,315.599999904633,Dbl - Closed,42,"A,B",E,Standard / High Efficiency,3600,0.951,0.898,503.000008836189,2300,60,3566,110.37,18.55,598.6,110.1,216.4,66,1.06496062992126,17.5607309755953,1.91144347190857,9.44752216339111,17.1682815551758,17.1682815551758,46.7994651794434,24.7054862976074,6.85563516616821,6.2504301071167,8.45221666020092,6.85965156555176,509UDZ
AMJ2503E,2,16.270160070529,Wye,AL,AL,0.271525676373332,0.114324912428856,0.0652728515944355,550,315.599999904633,Dbl - Closed,42,"A,B",F,Standard / High Efficiency,3600,0.953,0.895,503.000008836189,3300,60,3568,76.92,14.6,449,118.6,230.8,62,1.0650669127826489,17.5607309755953,1.21745526790619,6.07211065292358,17.1682815551758,17.1682815551758,47.4457168579102,24.5935974121094,6.85563516616821,6.18920755386353,8.45221666020092,4.37530660629272,509UDZ
AMJ25063U,2,16.270160070529,Wye,AL,AL,0.433428460983081,0.17863267660141,0.101988830616306,550,315.599999904633,Dbl - Closed,42,"A,B",E,Standard / High Efficiency,3600,0.951,0.897,503.000008836189,4000,60,3566,63.46,10.82,347.2,110.7,218,65,1.0649731314118223,17.5607309755953,1.91144347190857,9.45210647583008,17.1682815551758,17.1682815551758,46.8739852905273,24.6922397613525,6.85563516616821,6.24341154098511,8.45221666020092,6.85694885253906,509UDZ
1D6300C,6,17.4634334665923,Delta,AL,AL,0.0559075028900175,0.0532082729041576,0.00681164057139126,550,362.799999952316,Dbl - Closed,72,"A,B",G,Standard / High Efficiency,1200,0.949,0.834,300.000004090828,575,60,1181,282.5,100,1740,195,235,74,1.1457825450999513,9.32262608125504,0.204895988106728,0.901968419551849,17.8791732788086,17.8791732788086,45.9680519104004,24.5570297241211,17.7457122802734,11.6290798187256,5.39205408859694,0.59020471572876,507U
4H2005,2,0.0385793236595662,Wye,AL,AL,1.92520183726805,1.00527107715607,0.456842742949318,190,99.1000000238419,Diamond,36,"A,B",J,TIC Premium Brand,3600,0.898,0.925,5.00000002556768,460,60,3492,5.66,1.5,46,265,357,47,1.3168572482478789,30.6738620119389,3.38731551170349,7.69265699386597,12.6802444458008,12.6802444458008,33.2192840576172,16.032075881958,20.5784225463867,15.7889490127563,11.646110425402,5.44996452331543,184T
4H2005,2,0.0385793236595662,Wye,AL,AL,1.92520183726805,1.00527107715607,0.456842742949318,190,99.1000000238419,Diamond,36,"A,B",J,TIC Premium Brand,3600,0.898,0.925,5.00000002556768,460,60,3492,5.66,1.5,46,265,357,47,1.3168572482478789,30.6738620119389,3.38731551170349,7.69265699386597,12.6802444458008,12.6802444458008,33.2192840576172,16.032075881958,20.5784225463867,15.7889490127563,11.646110425402,5.44996452331543,184T
1F8250,8,36.583132157725,Delta,AL,AL,0.02082251441484,0.0273482892662287,0.00178362268109266,550,363.299999952316,Dbl - Closed,72,A,H,Standard / High Efficiency,900,0.95,0.766,250,460,60,889,321.08,129.05,2100,215.5,215.8,71,1.253922138291691,2.65742209296743,0.136012762784958,0.828438103199005,18.6559524536133,18.6559524536133,51.019588470459,24.5666809082031,23.8209171295166,17.7649154663086,4.90955064612935,0.511829078197479,N587
1F8200,8,30.38537138175,Delta,AL,AL,0.0270994054884569,0.0349214598536491,0.00269931032023916,550,363,Dbl - Closed,72,"A,B,C",G,Standard / High Efficiency,900,0.956,0.748,200,460,60,890,262.06,108,1449.4,218.5,207,62,1.1774744027303754,3.15138996436608,0.174447149038315,1.01286041736603,18.6559524536133,18.6559524536133,51.2714195251465,24.6729793548584,20.5397453308105,17.8477001190186,4.20815695193973,0.652606785297394,N587
AMJ2503U,2,16.270160070529,Wye,AL,AL,0.433428460983081,0.17863267660141,0.101988830616306,550,315.599999904633,Dbl - Closed,42,"A,B",E,Standard / High Efficiency,3600,0.951,0.897,503.000008836189,4000,60,3566,63.46,10.82,347.2,110.7,218,65,1.0649731314118223,17.5607309755953,1.91144347190857,9.45210647583008,17.1682815551758,17.1682815551758,46.8739852905273,24.6922397613525,6.85563516616821,6.24341154098511,8.45221666020092,6.85694885253906,509UDZ
H04050,4,51.6037026794947,Delta,AL,AL,0.00663587858964944,0.00696450145915151,0.00143464003007254,610,396.400000095367,Dbl - Closed,72,,G,Standard / High Efficiency,1800,0.947,0.875,600.000008181656,460,60,1788,678.16,171.95,4428,212.9,285.5,61,1.369304556354916,10.6786444203467,0.0626294314861298,0.307259887456894,17.137601852417,17.137601852417,63.4675407409668,31.0921096801758,12.8611135482788,11.9244756698608,6.70712712671433,0.213571488857269,5810
3X2250,2,17.7316032,Delta,AL,AL,0.0137135301894273,0.00781774800270796,0.00458878768383073,520,310,Dbl - Closed,48,A,J,TIC Premium Brand,3600,0.958,0.891,250,460,60,3583,274.3,70.06,2323.8,230,280,51,1.0347376201034737,17.2128187323099,0.102621242403984,0.585486590862274,12.4705247879028,12.4705247879028,76.5860900878906,36.8618087768555,13.7466402053833,13.5266571044922,11.4242084417517,0.406744837760925,N449
3X2250C,2,17.7316032,Delta,AL,AL,0.0215328005666868,0.0125431418418884,0.00736245490605731,520,310,Dbl - Closed,48,A,H,TIC Premium Brand,3600,0.958,0.894,250,575,60,3583,218.72,52.85,1767,225,275,51,1.0381275953189883,17.2128187323099,0.164180293679237,0.936265170574188,12.4705247879028,12.4705247879028,76.1501541137695,36.9278984069824,13.7466402053833,13.5571537017822,11.4242084417517,0.653470873832703,N449
3X2300,2,19.5786452,Delta,AL,AL,0.0119558384244735,0.00746494717895985,0.00399734393791477,520,310,Dbl - Closed,48,A,H,TIC Premium Brand,3600,0.958,0.9,300,460,60,3580,325.82,68,2456.9,205,255,57,1.0416666666666665,15.6172600462721,0.0964669436216354,0.54218989610672,12.4705247879028,12.4705247879028,73.2892150878906,36.9239616394043,13.7466402053833,13.5553607940674,11.4242084417517,0.384883612394333,N449
3X2300C,2,19.5786452,Delta,AL,AL,0.0191564348299802,0.0116639798507094,0.00624584990299183,520,310,Dbl - Closed,48,A,H,TIC Premium Brand,3600,0.958,0.9,300,575,60,3580,260.7,54.4,1965.1,205,255,57,1.0420923579893748,15.6172600462721,0.15120504796505,0.847139179706573,12.4705247879028,12.4705247879028,73.2843475341797,36.9248962402344,13.7466402053833,13.5557870864868,11.4242084417517,0.601392149925232,N449
3X2350,2,19.5786452,Delta,AL,AL,0.0108049108397059,0.00643661245703697,0.00344668941585508,520,310,Dbl - Closed,48,A,H,TIC Premium Brand,3600,0.958,0.886,350,460,60,3580,385.78,89.01,2805.2,205,255,73,1.0425183973834833,15.6172600462721,0.0836741849780083,0.460149109363556,12.4705247879028,12.4705247879028,71.2992706298828,36.5618171691895,13.7466402053833,13.3770580291748,11.4242084417517,0.329319983720779,N449
3X2350C,2,19.5786452,Delta,AL,AL,0.0153513504454811,0.009750135242939,0.00522102065360297,520,310,Dbl - Closed,48,A,H,TIC Premium Brand,3600,0.959,0.88,350,575,60,3581,310.71,78.56,2236.9,215,260,71,1.0354440461967345,15.6172600462721,0.125733211636543,0.698986887931824,12.4705247879028,12.4705247879028,71.6488494873047,36.4867324829102,13.7466402053833,13.3364753723145,11.4242084417517,0.498015582561493,N449
3X2250,2,17.7316032,Delta,AL,AL,0.0137135301894273,0.00781774800270796,0.00458878768383073,520,310,Dbl - Closed,48,A,J,TIC Premium Brand,3600,0.958,0.891,250,460,60,3583,274.3,70.06,2271,230,280,51,1.0347376201034737,17.2128187323099,0.102621242403984,0.585486590862274,12.4705247879028,12.4705247879028,76.5860900878906,36.8618087768555,13.7466402053833,13.5266571044922,11.4242084417517,0.406744837760925,N449
3X2250C,2,17.7316032,Delta,AL,AL,0.0215328005666868,0.0125431418418884,0.00736245490605731,520,310,Dbl - Closed,48,A,H,TIC Premium Brand,3600,0.958,0.894,250,575,60,3583,218.72,52.85,1767,225,275,51,1.0381275953189883,17.2128187323099,0.164180293679237,0.936265170574188,12.4705247879028,12.4705247879028,76.1501541137695,36.9278984069824,13.7466402053833,13.5571537017822,11.4242084417517,0.653470873832703,N449
3X2300,2,19.5786452,Delta,AL,AL,0.0119447886662253,0.00746494717895985,0.00399734393791477,520,310,Dbl - Closed,48,A,H,TIC Premium Brand,3600,0.959,0.899,300,460,60,3582,325.6,67.85,2402,205,255,60,1.0416666666666665,15.5889679085071,0.0964558944106102,0.542297899723053,12.4705247879028,12.4705247879028,73.3427200317383,36.9224319458008,13.7466402053833,13.5546636581421,11.4242084417517,0.38475039601326,N449
3X2300C,2,19.5786452,Delta,AL,AL,0.0191387301767178,0.0116639798507094,0.00624584990299183,520,310,Dbl - Closed,48,A,H,TIC Premium Brand,3600,0.959,0.899,300,575,60,3582,260.52,54.28,1921,205,255,60,1.0420923579893748,15.5889679085071,0.15118733048439,0.847307980060577,12.4705247879028,12.4705247879028,73.3378524780273,36.9233665466309,13.7466402053833,13.5550909042358,11.4242084417517,0.601184010505676,N449
3X2350C,2,19.5786452,Delta,AL,AL,0.0153513504454811,0.009750135242939,0.00522102065360297,520,310,Dbl - Closed,48,A,H,TIC Premium Brand,3600,0.959,0.88,350,575,60,3581,310.71,78.56,2319,215,260,71,1.0354440461967345,15.6172600462721,0.125733211636543,0.698986887931824,12.4705247879028,12.4705247879028,71.6488494873047,36.4867324829102,13.7466402053833,13.3364753723145,11.4242084417517,0.498015582561493,N449
3Q4300C,4,26.6555165068372,Delta,AL,AL,0.0258006070590304,0.0261730346828699,0.00537498316651187,520,337.599999904633,Dbl - Closed,72,"A,B",G,TIC Premium Brand,1800,0.964,0.883,300,575,60,1781,264.07,54.44,1715,190,265,65,1.3296537882589061,10.0892894103056,0.157157346606255,1.02801120281219,16.2688331604004,16.2688331604004,62.1668510437012,26.1887226104736,15.5642595291138,13.8778820037842,8.29871221779611,0.675269842147827,N449
3Y6025,6,1.57381000620101,Delta,AL,AL,0.678229476610434,0.532655417919159,0.0656911303945346,310,208.799999952316,Dbl - Closed,72,A,H,TIC Premium Brand,1200,0.931,0.801,24.9999994886465,460,60,1178,31.4,13.1,206,285,255,46,1.3643659711075442,6.19730635378624,2.08251023292542,7.19665479660034,19.8304634094238,19.8304634094238,81.2353515625,31.4652614593506,17.2907466888428,15.81125831604,5.44240281702378,4.03274965286255,324T
3Y6050,6,3.66915937678134,Delta,AL,AL,0.332051889978671,0.282668441534042,0.0263221183685544,350,238.5,Dbl - Closed,72,A,G,TIC Premium Brand,1200,0.937,0.83,49.999998977293,460,60,1176,60.2,22.6,387,290,265,62,1.440217391304348,5.01568186827757,1.13495576381683,3.7318263053894,17.5924091339111,17.5924091339111,71.9492034912109,30.1983909606934,15.6972894668579,14.5112257003784,4.95743196219146,2.14331769943237,365T
4X4010,4,0.216914177719172,Delta,AL,AL,1.77950402227293,1.6063836812973,0.463755055196394,230,142.100000023842,Dbl - Closed,48,A,J,TIC Premium Brand,1800,0.91,0.854,10,460,60,1750,12.05,4.67,90,283,326,56,1.3377102995486254,11.0675566730721,4.77303409576416,13.8463020324707,15.2172355651855,15.2172355651855,55.2579002380371,25.4670581817627,21.5398426055908,15.5744524002075,7.05493016577206,8.47058868408203,215T
4X4010C,4,0.216914177719172,Delta,AL,AL,3.13447319926541,2.80759501457214,0.810538855448106,230,142.100000023842,Dbl - Closed,48,A,H,TIC Premium Brand,1800,0.909,0.869,10,575,60,1744,9.48,3.22,65.7,254.7,303.5,59,1.3789186733303045,11.0675566730721,8.36648559570313,23.8932704925537,15.2172355651855,15.2172355651855,53.4646377563477,25.7591018676758,21.5398426055908,16.3195533752441,7.05493016577206,15.066554069519,215T
3X4025,4,0.718314378828221,Delta,AL,AL,0.684996456701865,0.462125390768051,0.069755583273087,265,170.249996900558,Dbl - Closed,48,"A,B,C",G,TIC Premium Brand,1800,0.931,0.864,25,460,60,1770,29.09,8.25,186,240,235,57,1.2933406714364337,7.3272569901794,2.10770797729492,7.80720615386963,12.8362894058228,12.8362894058228,64.4454650878906,30.8632316589355,20.2172069549561,17.2855968475342,6.49902291566676,5.03964805603027,284T
3X4025C,4,0.718314378828221,Delta,AL,AL,1.20066165320059,0.800078570842743,0.120767976580829,265,170.249996900558,Dbl - Closed,48,"A,B,C",F,TIC Premium Brand,1800,0.925,0.866,25,575,60,1766,23.35,5.87,134,210,210,62,1.2673506336753169,7.3272569901794,3.66380476951599,13.3467054367065,12.8362894058228,12.8362894058228,62.95654296875,31.1770401000977,20.2172069549561,17.7788677215576,6.49902291566676,8.83921146392822,284T
3X4030,4,0.798127087586913,Delta,AL,AL,0.499163368322115,0.353891313076019,0.0675548529434985,265,170.249996900558,Dbl - Closed,48,A,G,TIC Premium Brand,1800,0.931,0.856,30,460,60,1770,35.26,11.17,225,225,268,63,1.3467336683417086,6.59453129116146,1.6075291633606,5.99260950088501,12.8362894058228,12.8362894058228,62.1722030639648,29.9657382965088,20.2172069549561,16.0806713104248,6.49902291566676,3.79768562316895,286T
3X4030,4,0.718314378828221,Delta,AL,AL,0.544299949450932,0.362139791250229,0.0762630957057463,265,170.249996900558,Dbl - Closed,48,A,H,TIC Premium Brand,1800,0.93,0.845,30,460,60,1768,35.85,12.11,246.5,225,265,70,1.3617677286742036,7.3272569901794,1.68563318252563,6.04077005386353,12.8362894058228,12.8362894058228,60.8581771850586,29.8275165557861,20.2172069549561,15.6638927459717,6.49902291566676,3.86089754104614,286T
3X4030C,4,0.718314378828221,Delta,AL,AL,0.921409473879808,0.606490194797516,0.127720893846302,265,170.249996900558,Dbl - Closed,48,A,G,TIC Premium Brand,1800,0.93,0.856,30,575,60,1766,28.4,8.37,180,250,235,74,1.282051282051282,7.3272569901794,2.83284640312195,10.053484916687,12.8362894058228,12.8362894058228,59.9355430603027,29.9844818115234,20.2172069549561,16.1337566375732,6.49902291566676,6.5371527671814,286T
3H8125,8,12.89758890175,Delta,AL,AL,0.0600786918935864,0.0708740651607513,0.00507892428526845,430,293,Dbl - Closed,72,,G,TIC Premium Brand,900,0.936,0.66,125,460,60,888,193,117.84,972,130,196.5,94,1.3828289936664322,2.6715937806673,0.364423930644989,1.73451697826386,15.8170175552368,15.8170175552368,67.2406158447266,29.3269748687744,16.0607528686523,15.0116758346558,3.33990880228064,1.08807957172394,447
3Q8200,8,41.7998881439281,Delta,AL,AL,0.029553283159272,0.0346227549016476,0.00218097616380331,520,373.299999952316,Dbl - Closed,72,"A,B",F,TIC Premium Brand,900,0.948,0.786,199.999995909172,460,60,890,251,93,1391,149.1,225,63,1.2583892617449663,2.66377652169284,0.169810935854912,1.02177381515503,16.2961120605469,16.2961120605469,52.2815322875977,28.491340637207,24.1837120056152,20.3239326477051,5.01004703737823,0.681779503822327,N449
3Q8200C,8,41.7998881439281,Delta,AL,AL,0.0421824610685584,0.0546278655529022,0.00344114959757095,520,373.299999952316,Dbl - Closed,72,"A,B",F,TIC Premium Brand,900,0.948,0.788,199.999995909172,575,60,890,201,73,1102,145,225,62,1.2654668166479188,2.66377652169284,0.263481318950653,1.61157870292664,16.2961120605469,16.2961120605469,52.1944885253906,28.5103454589844,24.1837120056152,20.3939990997314,5.01004703737823,1.0772613286972,N449
H05018,2,0.00873760038434474,Wye,AL,AL,5.4446314112965,3.26075720787048,2.05441849925817,160,81.3000000119209,Diamond,24,,R,TIC Premium Brand,3600,0.861,0.739,0.999999989133738,460,60,3538,1.47,0.97,19.2,548.9,612.6,19,1.2169249106078666,32.9710234841986,10.7598075866699,19.6221313476563,10.237286567688,10.237286567688,36.1892547607422,10.3964166641235,26.4915428161621,18.3791790008545,10.6726513947107,12.1931324005127,143T
4X6005,6,0.185920129959749,Wye,AL,AL,1.852120222927,1.95715844631195,0.159083991052784,230,147.199999988079,Oval,54,,G,TIC Premium Brand,1200,0.866814732551575,0.812497735023499,5,460,60,1149,6.64698696136475,2.71420146188196,37.6227172353912,231.123398510747,207.398748996484,0,1,7.59723264990477,3.96836256980896,9.79332256317139,15.8304748535156,15.8304748535156,40.4847183227539,16.3537616729736,22.3567504882813,17.2931880950928,4.95186156358471,5.83826971054077,215T
4X6005C,6,0.185920129959749,Wye,AL,AL,2.86475471111965,3.0436475276947,0.24739722912176,230,147.199999988079,Oval,54,,G,TIC Premium Brand,1200,0.86739444732666,0.811714887619019,5,575,60,1149,5.31916093826294,2.1820943135244,30.2893610288116,233.027464809561,208.4662269738,0,1,7.59723264990477,6.1557993888855,15.2437829971313,15.8304748535156,15.8304748535156,40.5798301696777,16.3366527557373,22.3567504882813,17.248083114624,4.95186156358471,9.0685396194458,215T
4X6015C,6,0.727646181784575,Delta,AL,AL,1.69131939668676,2.02349710464478,0.150934831812796,265,174.100000023842,Dbl - Closed,54,"A,B,C",G,TIC Premium Brand,1200,0.923,0.816,15,575,60,1169,14.93,5.91,92,225.3,269.8,48,1.2224739465337564,4.78565836214474,5.11558485031128,16.0571422576904,16.2862148284912,16.2862148284912,42.1729469299316,21.9107093811035,25.3807754516602,18.8592834472656,5.44374733404692,10.720383644104,284T
4X6015,6,0.727646181784575,Delta,AL,AL,1.07995141587707,1.31087946891785,0.0977799118644464,265,174.100000023842,Dbl - Closed,54,"A,B,C",G,TIC Premium Brand,1200,0.923,0.817,15,460,60,1168,18.63,7.3,115,222.2,267.2,48,1.222883295194508,4.78565836214474,3.29828882217407,10.3889465332031,16.2862148284912,16.2862148284912,42.0425148010254,21.9324855804443,25.3807754516602,18.9445457458496,5.44374733404692,6.9581823348999,284T
4X6020,6,0.727646181784575,Delta,AL,AL,0.878613819867605,1.08337140083313,0.0808098445160714,265,174.100000023842,Dbl - Closed,54,"A,B",G,TIC Premium Brand,1200,0.91,0.835,20,460,60,1163,24.65,8.69,141,192,233,75,1.127783155856728,4.24727179640345,2.7119505405426,8.21077060699463,16.2862148284912,16.2862148284912,38.3605918884277,21.5299453735352,25.3807754516602,17.344409942627,5.44374733404692,5.49930477142334,286T
4X6020C,6,0.727646181784575,Delta,AL,AL,1.36484500737382,1.64792835712433,0.122920752380558,265,174.100000023842,Dbl - Closed,54,"A,B",G,TIC Premium Brand,1200,0.911,0.832,20,575,60,1164,19.78,7.16,115,198,238,74,1.1258278145695364,4.24727179640345,4.15355348587036,12.5207366943359,16.2862148284912,16.2862148284912,38.6134567260742,21.4860649108887,25.3807754516602,17.1667289733887,5.44374733404692,8.33064460754395,286T
3Q8150,8,39.8034910781001,Delta,AL,AL,0.0317775480141472,0.0411634109914303,0.00271933791985675,520,373.399999976158,Dbl - Closed,72,"A,B",F,TIC Premium Brand,900,0.949,0.79,150.000002045414,460,60,891,187,71,1140,157,245,45,1.3024986709197235,2.78969197089793,0.197793260216713,1.30249094963074,16.2961120605469,16.2961120605469,58.0254669189453,29.2114410400391,25.5488548278809,21.7785778045654,5.30552184987748,0.837830603122711,N449
3Q8125C,8,37.422085628983,Delta,AL,AL,0.0632962738002962,0.0756186097860336,0.00529664244703473,520,373.399999976158,Dbl - Closed,72,A,G,TIC Premium Brand,900,0.947,0.789,125,575,60,891,125,48,765,155,250,40,1.3220518244315178,2.95584917292633,0.368574023246765,2.42510914802551,16.2961120605469,16.2961120605469,59.6836891174316,29.4913864135742,25.5488548278809,22.4168815612793,5.30552184987748,1.55929470062256,N449
3Q8125,8,37.422085628983,Delta,AL,AL,0.038959855718965,0.0491355992853642,0.0034416620548187,520,373.399999976158,Dbl - Closed,72,A,G,TIC Premium Brand,900,0.948,0.791,125,460,60,891,156,59,942,150,245,39,1.3122656668452064,2.95584917292633,0.237323790788651,1.57419157028198,16.2961120605469,16.2961120605469,59.5525245666504,29.5303401947021,25.5488548278809,22.4732208251953,5.30552184987748,1.01463115215302,N449
3X2125,2,4.98216206336,Delta,AL,AL,0.0513690559551336,0.0267685055732727,0.0182345829584106,430,256,Dbl - Closed,48,"A,B",F,TIC Premium Brand,3600,0.951,0.863,125,460,60,3573,142.66,38.72,869.7,189,241,61,1.0441941074523395,21.4686549811729,0.286131173372269,1.3191134929657,12.6763505935669,12.6763505935669,79.8396987915039,43.7111740112305,11.3546104431152,11.3546104431152,9.45488040387662,0.96555507183075,444T
3X2125C,2,4.98216206336,Delta,AL,AL,0.0732009047360654,0.0385466478765011,0.0262577994601112,430,256,Dbl - Closed,48,A,G,TIC Premium Brand,3600,0.952,0.845,125,575,60,3575,116,37.12,756,206,257,58,1.0413290113452187,21.4686549811729,0.411258339881897,1.91597890853882,12.6763505935669,12.6763505935669,81.0074157714844,43.5277214050293,11.3546104431152,11.3546104431152,9.45488040387662,1.38781404495239,444T
3X2150,2,5.84115552256,Delta,AL,AL,0.0330258423608467,0.0197434052824974,0.0116701330933828,430,256,Dbl - Closed,48,"A,B",G,TIC Premium Brand,3600,0.957,0.837,150,460,60,3578,175.42,61.5,1161.5,217.1,283.7,64,1.0932562620423891,17.9228123403451,0.204398229718208,0.973259806632996,12.6763505935669,12.6763505935669,81.1343841552734,43.2688026428223,11.3546104431152,11.3546104431152,9.45488040387662,0.695213913917542,445T
3X2150C,2,5.84115552256,Delta,AL,AL,0.051602878688823,0.0308490712195635,0.0182345829584106,430,256,Dbl - Closed,48,"A,B",G,TIC Premium Brand,3600,0.957,0.837,150,575,60,3578,140.33,49.2,867,217.1,283.7,64,1.0932562620423891,17.9228123403451,0.319372236728668,1.52071845531464,12.6763505935669,12.6763505935669,81.1343841552734,43.2688026428223,11.3546104431152,11.3546104431152,9.45488040387662,1.0862717628479,445T
3X2200,2,7.64504178688,Delta,AL,AL,0.0221551259006429,0.0155870346352458,0.00721044248254713,430,256,Dbl - Closed,48,"A,B",G,TIC Premium Brand,3600,0.959,0.856,200,460,60,3577,218,69.59,1450,254.5,261.4,68,1.047275641025641,15.3317955551153,0.155447393655777,0.766395747661591,12.6763505935669,12.6763505935669,80.0617141723633,43.2667083740234,11.3546104431152,11.3546104431152,9.45488040387662,0.54759007692337,447T
3X2200C,2,7.64504178688,Delta,AL,AL,0.0398090625555782,0.0277102831751108,0.0128185644134171,430,256,Dbl - Closed,48,"A,B",G,TIC Premium Brand,3600,0.958,0.888,200,575,60,3574,176.26,39.19,1160,222.2,236.1,72,1.0474711623779946,15.3317955551153,0.27677309513092,1.34447753429413,12.6763505935669,12.6763505935669,78.3587036132813,43.5436172485352,11.3546104431152,11.3546104431152,9.45488040387662,0.976420879364014,447T
3H2100C,2,2.92693357572,Delta,AL,AL,0.112165205988333,0.0726916491985321,0.0407655988225784,380,217,Dbl - Closed,48,"A,B",G,TIC Premium Brand,3600,0.95,0.878,99.9999979545859,575,60,3564,89.8,21,580,215,260,89,1.0975094976783453,14.3259471450173,0.615728676319122,2.52056360244751,13.6330766677856,13.6330766677856,86.7436370849609,45.6599769592285,12.3576555252075,12.3576555252075,10.452798789756,1.71812462806702,405T
3H8075,8,9.544215787295,Delta,AL,AL,0.093589929374763,0.104515627026558,0.00995469159912616,430,293,Dbl - Closed,72,"A,B",G,TIC Premium Brand,900,0.945,0.66,75.000001022707,460,60,890,114.73,71.21,556.2,213.1,205.8,62,1.2525867315885575,3.30792466518518,0.544862687587738,2.66963672637939,15.8170175552368,15.8170175552368,73.0353012084961,29.6529808044434,16.0607528686523,15.1857919692993,3.33990880228064,1.60621213912964,444T
4H2Y75,2,0.0876432428580717,Delta,AL,AL,1.75040240595557,1.42194938659668,0.909602348892842,230,118.799999952316,Dbl - Closed,24,"A,B",H,TIC Premium Brand,3600,0.912,0.88,7.5,460,60,3515,8.75,2.6,63,219.5,310,47,1.198299188248937,22.275505185549,4.48755788803101,18.3385982513428,10.9143390655518,10.9143390655518,45.9651145935059,21.357027053833,26.1267890930176,20.9593982696533,9.73646872336893,12.3562574386597,213T
4H2Y75C,2,0.0876432428580717,Delta,AL,AL,2.73813127796799,2.20505928993225,1.41054746592283,230,118.799999952316,Dbl - Closed,24,"A,B",H,TIC Premium Brand,3600,0.912,0.878,7.5,575,60,3515,7.01,2.11,50.8,213,310,47,1.1909335382251247,22.275505185549,6.98271989822388,28.4531307220459,10.9143390655518,10.9143390655518,46.0748252868652,21.3400688171387,26.1267890930176,20.897346496582,9.73646872336893,19.1377277374268,213T
3H8075C,8,9.544215787295,Delta,AL,AL,0.141003388199716,0.154107227921486,0.0146780911844258,430,293,Dbl - Closed,72,A,G,TIC Premium Brand,900,0.945,0.6,75.000001022707,575,60,890,97.6,66.39,473.4,227.8,210.9,64,1.2538644470868014,3.30792466518518,0.8064004778862,3.97353529930115,15.8170175552368,15.8170175552368,74.089111328125,29.4525947570801,16.0607528686523,15.0808906555176,3.33990880228064,2.35680174827576,444T
3H2040,2,0.66285133034,Delta,AL,AL,0.313631553186839,0.231238290667534,0.133230847636033,310,173,Dbl - Closed,36,"A,B",G,TIC Premium Brand,3600,0.93,0.905,40,460,60,3529,44.61,8.96,290,260,240,61,1.0776829815895825,20.9077164445525,1.17381191253662,4.14687967300415,11.7662973403931,11.7662973403931,61.9233741760254,33.6426391601563,15.3300352096558,14.679404258728,10.3518706372465,3.10575175285339,324T
3H2040C,2,0.66285133034,Delta,AL,AL,0.428723076296221,0.314741015434265,0.181341987060156,310,173,Dbl - Closed,36,"A,B",G,TIC Premium Brand,3600,0.935,0.895,40,575,60,3539,35.81,8.79,232,260,240,55,0.9523809523809523,20.9077164445525,1.59952414035797,5.72165060043335,11.7662973403931,11.7662973403931,63.6567840576172,33.3665351867676,15.3300352096558,14.461630821228,10.3518706372465,4.19746971130371,324T
3H8100,8,10.83397467747,Delta,AL,AL,0.0745782103285372,0.0865068659186363,0.00727671715177888,430,293,Dbl - Closed,72,"A,B",G,TIC Premium Brand,900,0.936,0.65,99.9999979545859,460,60,888,152,88.58,723.9,199.4,203.3,78,1.3304973821989527,2.83578744018755,0.447130858898163,2.1292667388916,15.8170175552368,15.8170175552368,68.639533996582,29.406177520752,16.0607528686523,15.0556373596191,3.33990880228064,1.32205820083618,445T
3H8100C,8,10.83397467747,Delta,AL,AL,0.115088353768354,0.135166972875595,0.0113698705496545,430,293,Dbl - Closed,72,"A,B",G,TIC Premium Brand,900,0.936,0.65,99.9999979545859,575,60,888,125,70.86,579.3,199.5,203.4,77,1.3302812295618052,2.83578744018755,0.69720184803009,3.32724046707153,15.8170175552368,15.8170175552368,68.6479110717773,29.4047508239746,16.0607528686523,15.0548553466797,3.33990880228064,2.06564211845398,445T
3H2050,2,0.82408543772,Delta,AL,AL,0.212871709905969,0.170546904206276,0.0805964386934028,310,173,Dbl - Closed,36,"A,B",G,TIC Premium Brand,3600,0.933,0.903,50,460,60,3534,55.54,12.2,362,270,283.8,65,1.1588403429971417,17.0259840503775,0.829620718955994,3.04150295257568,11.7662973403931,11.7662973403931,62.8239288330078,33.3249588012695,15.3300352096558,14.4259996414185,10.3518706372465,2.21698403358459,326T
3H2050C,2,0.82408543772,Delta,AL,AL,0.340987170206842,0.266479551792145,0.125931935458442,310,173,Dbl - Closed,36,"A,B",G,TIC Premium Brand,3600,0.933,0.906,50,575,60,3534,44.29,9.34,290,270,280,66,1.1498973305954825,17.7571612795348,1.30465745925903,4.78261041641235,11.7662973403931,11.7662973403931,62.7976036071777,33.3564872741699,15.3300352096558,14.4530916213989,10.3518706372465,3.49647974967957,326T
3H2060,2,1.26593951939363,Delta,AL,AL,0.133718493213658,0.114582121372223,0.0632524010933527,350,192.599999904633,Dbl - Closed,36,"A,B",G,TIC Premium Brand,3600,0.947,0.887,60,460,60,3546,66.87,16.4,435,230,280,57,1.142390860873113,18.3838846188125,0.663621664047241,2.56845116615295,11.478175163269,11.478175163269,74.6753921508789,45.2224922180176,19.0527896881104,17.6049842834473,9.77237301523873,1.92016649246216,364T
3H2075,2,1.4310620654015,Delta,AL,AL,0.0878918215358503,0.0891280323266983,0.0439252785370505,350,192.599999904633,Dbl - Closed,36,"A,B",G,TIC Premium Brand,3600,0.938,0.885,75,460,60,3548,84.56,21.8,542,260.2,270,56,1.0509926041261193,16.3088679217809,0.494802743196487,1.96730613708496,11.478175163269,11.478175163269,73.7279739379883,44.909553527832,19.0527896881104,17.2106170654297,9.77237301523873,1.46314835548401,365T
3H2075C,2,1.4310620654015,Delta,AL,AL,0.139019471294131,0.139262542128563,0.0686332477141414,350,192.599999904633,Dbl - Closed,36,"A,B",G,TIC Premium Brand,3600,0.938,0.885,75,575,60,3548,67.66,17.44,434,260.1,270,56,1.0518114530580445,16.3088679217809,0.774817824363709,3.07384395599365,11.478175163269,11.478175163269,73.7248611450195,44.9103546142578,19.0527896881104,17.2117176055908,9.77237301523873,2.28622651100159,365T
3H2060C,2,1.26593951939363,Delta,AL,AL,0.216557059147993,0.179034560918808,0.0988318767083636,350,192.599999904633,Dbl - Closed,36,"A,B",G,TIC Premium Brand,3600,0.947,0.887,60,575,60,3546,53.52,13.12,348,230,280,58,1.1442582754393136,18.3838846188125,1.04453074932098,4.01281929016113,11.478175163269,11.478175163269,74.6623077392578,45.2255249023438,19.0527896881104,17.6084861755371,9.77237301523873,3.00050592422485,364T
3X4040,4,1.12336624289127,Delta,AL,AL,0.265676088522878,0.257315516471863,0.0559945843923438,310,193.700000047684,Dbl - Closed,48,"A,B,C",G,TIC Premium Brand,1800,0.94,0.828,40,460,60,1773,48.1,16.86,289,241,225,51,1.2083780880773363,8.87285026154537,1.14345467090607,4.79303741455078,13.9970588684082,13.9970588684082,69.8737030029297,35.8813285827637,22.7296543121338,17.1844253540039,7.08655918460563,3.01480054855347,324T
3X4040C,4,1.12336624289127,Delta,AL,AL,0.441360617083588,0.418864369392395,0.091149329409178,310,193.700000047684,Dbl - Closed,48,"A,B,C",G,TIC Premium Brand,1800,0.939,0.837,40,575,60,1771,38.14,12.44,231,229,217,53,1.2082405345211582,8.87285026154537,1.87022960186005,7.7842755317688,13.9970588684082,13.9970588684082,69.2985534667969,35.9970932006836,22.7296543121338,17.4911632537842,7.08655918460563,4.93884420394897,324T
3X4050,4,1.33734076534675,Delta,AL,AL,0.194798793729681,0.206686273217201,0.0383506309274555,310,193.700000047684,Dbl - Closed,48,A,G,TIC Premium Brand,1800,0.942,0.839,50,460,60,1770,59.21,20.3,388,245,235,57,1.2195121951219512,7.48754073683957,0.893239676952362,3.72170162200928,13.9970588684082,13.9970588684082,69.2619857788086,35.6941146850586,22.7296543121338,16.6845111846924,7.08655918460563,2.39075636863709,326T
3X4050C,4,1.33734076534675,Delta,AL,AL,0.307215375178929,0.322947293519974,0.0599228608241492,310,193.700000047684,Dbl - Closed,48,A,G,TIC Premium Brand,1800,0.942,0.839,50,575,60,1770,47.37,16.24,310,245,235,57,1.2201453790238836,7.48754073683957,1.39852917194366,5.8149299621582,13.9970588684082,13.9970588684082,69.2571411132813,35.6953926086426,22.7296543121338,16.6879367828369,7.08655918460563,3.7358295917511,326T
3X6050,6,3.43619687666824,Delta,AL,AL,0.343261904454597,0.308306127786636,0.0305274272203353,350,238.5,Dbl - Closed,72,"A,B,C",G,TIC Premium Brand,1200,0.934,0.836,50,460,60,1173,59.9,20.8,354.5,234,242,66,1.4012738853503186,5.35572809663537,1.22080612182617,3.98556709289551,17.5924091339111,17.5924091339111,69.5143127441406,30.2597618103027,15.6972894668579,14.5493640899658,4.95743196219146,2.34253787994385,365T
3X6050C,6,3.43619687666824,Delta,AL,AL,0.584957790232288,0.50964891910553,0.0504637062213706,350,238.5,Dbl - Closed,72,"A,B,C",F,TIC Premium Brand,1200,0.93,0.84,50,575,60,1171,47.94,15.71,267.4,218,229,70,1.3954905545399148,5.35572809663537,2.0355920791626,6.52833414077759,17.5924091339111,17.5924091339111,68.3792877197266,30.4455451965332,15.6972894668579,14.6599588394165,4.95743196219146,3.89009022712708,365T
3X6060C,6,3.43619687666824,Delta,AL,AL,0.584957790232288,0.50964891910553,0.0504637062213706,350,238.5,Dbl - Closed,72,"A,B,C",F,TIC Premium Brand,1200,0.93,0.84,50,575,60,1171,47.94,15.71,267.4,218,229,70,1.3954905545399148,5.35572809663537,2.0355920791626,6.52833414077759,17.5924091339111,17.5924091339111,68.3792877197266,30.4455451965332,15.6972894668579,14.6599588394165,4.95743196219146,3.89009022712708,365T
3X6060C,6,5.05572077640045,Delta,AL,AL,0.233391133284639,0.234592154622078,0.0208801804161862,380,258.399999976158,Dbl - Closed,72,"A,B,C",G,TIC Premium Brand,1200,0.948,0.806,60,575,60,1186,56,21.41,378,205,255,49,1.3919213973799127,5.72441952357766,1.16752731800079,5.09620046615601,15.9694128036499,15.9694128036499,69.253776550293,28.2789478302002,16.795051574707,15.2787895202637,5.11705738772969,3.15664720535278,404T
3X6060,6,5.05572077640045,Delta,AL,AL,0.154346900113483,0.154867470264435,0.0137841816028729,380,258.399999976158,Dbl - Closed,72,"A,B",G,TIC Premium Brand,1200,0.947,0.808,60,460,60,1186,70,26.03,435,197,248,50,1.390134529147982,5.72441952357766,0.771022737026215,3.34700894355774,15.9694128036499,15.9694128036499,68.6741104125977,28.3817882537842,16.795051574707,15.3477201461792,5.11705738772969,2.0896270275116,404T
3X6075,6,6.01871521000053,Delta,AL,AL,0.113604636144934,0.118202716112137,0.00899234332376768,380,258.399999976158,Dbl - Closed,72,"A,B,C",G,TIC Premium Brand,1200,0.949,0.8,75,460,60,1185,92.46,35.65,543,208,252,62,1.3651137594799567,4.83141007789954,0.582754492759705,2.57526636123657,15.9694128036499,15.9694128036499,68.5256042480469,28.0331001281738,16.795051574707,15.1040554046631,5.11705738772969,1.58675503730774,405T
3X6075C,6,6.01871521000053,Delta,AL,AL,0.193955708155202,0.195396319031715,0.01486489406582,380,258.399999976158,Dbl - Closed,72,"A,B",G,TIC Premium Brand,1200,0.947,0.812,75,575,60,1185,73.04,25.99,434,195,241,65,1.3654390934844192,4.83141007789954,0.969489097595215,4.22076606750488,15.9694128036499,15.9694128036499,67.5768966674805,28.2188301086426,16.795051574707,15.2373924255371,5.11705738772969,2.63676857948303,405T
3X6125,6,11.1435165159096,Delta,AL,AL,0.0709565772980838,0.0738990381360054,0.00903544490869812,430,293,Dbl - Closed,72,"A,B",G,TIC Premium Brand,1200,0.947,0.817,125,460,60,1183,151.31,44.99,906,195,235,64,1.4338010982306284,4.78397917327561,0.392031311988831,1.80030488967896,15.8170175552368,15.8170175552368,64.5037994384766,29.1709499359131,16.0607528686523,14.9632873535156,4.78468325272447,1.17572593688965,445T
3X6125C,6,11.1435165159096,Delta,AL,AL,0.109759984764583,0.112766347825527,0.0137876512274598,430,293,Dbl - Closed,72,A,G,TIC Premium Brand,1200,0.948,0.816,125,575,60,1184,121.09,37,744,200,240,64,1.436265709156194,4.78397917327561,0.599704444408417,2.75789999961853,15.8170175552368,15.8170175552368,64.9173126220703,29.0949535369873,16.0607528686523,14.9183301925659,4.78468325272447,1.7906174659729,445T
3X6125,6,10.0822292286801,Delta,AL,AL,0.0666167254755711,0.0672564283013344,0.00903544490869812,430,293,Dbl - Closed,72,"A,B",G,TIC Premium Brand,1200,0.949,0.807,125,460,60,1185,152.76,52.81,906,195,235,64,1.3172645739910314,5.28755592835726,0.35964298248291,1.64338624477386,15.8170175552368,15.8170175552368,64.9459228515625,28.5908164978027,16.0607528686523,14.5886268615723,4.78468325272447,1.05509924888611,445T
3X6125C,6,10.0822292286801,Delta,AL,AL,0.103046835849318,0.10263004899025,0.0137876512274598,430,293,Dbl - Closed,72,A,G,TIC Premium Brand,1200,0.95,0.802,125,575,60,1185,122.89,44.34,744,200,240,64,1.322314049586777,5.28755592835726,0.550190687179565,2.51722836494446,15.8170175552368,15.8170175552368,65.3508987426758,28.5217533111572,16.0607528686523,14.5387029647827,4.78468325272447,1.60689008235931,445T
3X6150,6,12.3374647140428,Delta,AL,AL,0.051536188407432,0.0551865287125111,0.00614980909189805,430,293,Dbl - Closed,72,"A,B,C",G,TIC Premium Brand,1200,0.954,0.81,150,460,60,1185,181.75,64.68,1085,201,229,90,1.2915961646926113,4.56106974943123,0.290711551904678,1.35863542556763,15.8170175552368,15.8170175552368,65.2635498046875,28.5642528533936,16.0607528686523,14.5695734024048,4.78468325272447,0.865707099437714,447
3X6150C,6,12.3374647140428,Delta,AL,AL,0.0863046619687084,0.0912267118692398,0.0101660109478315,430,293,Dbl - Closed,72,"A,B",F,TIC Premium Brand,1200,0.953,0.82,150,575,60,1184,143.79,46.89,832,188,220,94,1.296405421331762,4.56106974943123,0.481676191091537,2.22743821144104,15.8170175552368,15.8170175552368,64.3878555297852,28.7368068695068,16.0607528686523,14.6901540756226,4.78468325272447,1.43800699710846,447
H04042,8,4.91528421837767,Delta,AL,AL,0.176413576384537,0.194297790527344,0.0120696586826438,380,258.399999976158,Dbl - Closed,72,A,G,TIC Premium Brand,900,0.929,0.576,50,460,60,889,78,55.4,376,199,205,58,1.4365802382620885,3.71838058455532,0.944875180721283,4.13042497634888,15.9694128036499,15.9694128036499,70.0217361450195,28.8511505126953,16.795051574707,15.5964269638062,3.57191983425904,2.53103017807007,404T
H04001,8,5.85152883140198,Delta,AL,AL,0.143950410249729,0.161204054951668,0.00855909313783048,380,258.399999976158,Dbl - Closed,72,"A,B",G,TIC Premium Brand,900,0.929,0.574,60,460,60,888,93,67.06,435,170,230,72,1.633522727272727,3.15853451901553,0.780069172382355,3.46029019355774,15.9694128036499,15.9694128036499,69.7393569946289,28.8068332672119,16.795051574707,15.5656461715698,3.57191983425904,2.11641478538513,405T
H02051,8,9.544215787295,Delta,AL,AL,0.0954415286969256,0.104515627026558,0.00995469159912616,430,293,Dbl - Closed,72,A,G,TIC Premium Brand,900,0.947,0.646,75,460,60,890,114.8,71.21,552,187,226,63,1.3797313797313797,3.50355461850258,0.546714305877686,2.67386245727539,15.8170175552368,15.8170175552368,73.0162582397461,29.6738452911377,16.0607528686523,15.196346282959,3.33990880228064,1.61169803142548,444T
H99076,8,0.707433806586711,Delta,AL,AL,0.990882301765919,1.32134461402893,0.0696306199078147,265,174.100000023842,Dbl - Closed,54,"A,B,C",G,TIC Premium Brand,900,0.901,0.643,15,460,60,873,24.62,14.8,116,275,231,65,1.1132530120481927,2.73679837585152,3.19799947738647,9.89633083343506,16.2862148284912,16.2862148284912,41.670223236084,21.7356109619141,25.3807754516602,18.1625823974609,4.06308737836079,6.5172176361084,286T
H02043,8,1.39704152802072,Delta,AL,AL,0.86084893402225,0.736533582210541,0.0694405692220642,310,208.799999952316,Dbl - Closed,72,"A,B,C",G,TIC Premium Brand,900,0.914,0.678,20,460,60,882,30.24,17.04,145,302,202,49,1.2712397734424166,4.44952283432743,2.78123497962952,9.64592170715332,19.8304634094238,19.8304634094238,80.9778747558594,32.037181854248,17.2907466888428,16.087984085083,3.79902453600965,5.38854694366455,324T
3X8020,8,1.39704152802072,Delta,AL,AL,0.86084893402225,0.736533582210541,0.0694405692220642,310,208.799999952316,Dbl - Closed,72,"A,B,C",G,TIC Premium Brand,900,0.914,0.678,20,460,60,882,30.24,17.04,145,302,202,49,1.2712397734424166,4.44952283432743,2.78123497962952,9.64592170715332,19.8304634094238,19.8304634094238,80.9778747558594,32.037181854248,17.2907466888428,16.087984085083,3.79902453600965,5.38854694366455,324T
3X8020C,8,1.39704152802072,Delta,AL,AL,1.36947417318661,1.15083372592926,0.108500889409475,310,208.799999952316,Dbl - Closed,72,"A,B,C",G,TIC Premium Brand,900,0.913,0.678,20,575,60,882,24.2,13.64,116,301,208,49,1.31064902331443,4.44952283432743,4.37007761001587,15.0672817230225,19.8304634094238,19.8304634094238,80.9375534057617,32.0462951660156,17.2907466888428,16.0927600860596,3.79902453600965,8.42126083374023,324T
WH4001C,4,0.0350722722961731,Wye,AL,AL,11.7833069824182,11.5899782180786,2.05456791742649,160,94.6499999761581,Diamond,36,"A,B,C",L,TIC Premium Brand,1800,0.866,0.794,1,575,60,1749,1.2,0.56,10,354,355,13,1.382937280872614,7.65524672239961,25.4278526306152,62.5586280822754,13.7188405990601,13.7188405990601,52.1615524291992,20.5519390106201,31.0262050628662,27.9624366760254,6.66294855878327,38.2288589477539,143T
WH6001,6,0.026003240424541,Wye,AL,AL,8.91504645046748,8.46169376373291,1.12137233478802,160,94.6499999761581,Diamond,36,,K,TIC Premium Brand,1200,0.833,0.64,1,460,60,1157,1.76,1.32,11.1,340,335,24,1.4770723104056436,4.90461490809269,18.4981117248535,39.6476287841797,13.7188405990601,13.7188405990601,45.0820083618164,20.9663887023926,22.1321754455566,20.536018371582,4.53192740770853,24.7140464782715,145T
WH4002,4,0.0350722722961731,Wye,AL,AL,4.30603697687816,4.38910388946533,0.778061223167427,160,94.6499999761581,Diamond,36,"A,B,C",K,TIC Premium Brand,1800,0.868,0.817,2,460,60,1732,2.64,1.33,20.9,340,330,31,1.3877207737594617,7.65524672239961,9.4732027053833,20.9665393829346,13.7188405990601,13.7188405990601,40.0393753051758,19.2266635894775,31.0262050628662,23.583646774292,6.66294855878327,13.2097320556641,145T
WH4002C,4,0.0350722722961731,Wye,AL,AL,6.59236478167969,6.40839672088623,1.13602341785383,160,94.6499999761581,Diamond,36,"A,B,C",K,TIC Premium Brand,1800,0.869,0.803,2,575,60,1737,2.15,1.14,17.9,365,349,31,1.389884508164078,7.65524672239961,14.1367845535278,30.8335742950439,13.7188405990601,13.7188405990601,40.8639221191406,19.1114521026611,31.0262050628662,23.0623645782471,6.66294855878327,19.078670501709,145T
2D8005BKA,8,0.322300253365137,Wye,AL,AL,1.4636297423134,1.41284787654877,0.14731767403915,265,174.199999988079,Dbl - Closed,54,"A,B",F,Standard / High Efficiency,900,0.88,0.685,5.00000002556768,460,60,873,7.7,4.1,34,170,220,37,1.338199513381995,6.07030852873296,3.89645528793335,12.2695941925049,16.2862148284912,16.2862148284912,48.2094268798828,23.5389099121094,28.1186256408691,22.4885005950928,4.52914995468249,7.29917192459106,254
WH4005,4,0.102265224235403,Wye,AL,AL,1.87420011755032,1.35367226600647,0.29527041399569,190,119.9500015378,Diamond,36,"A,B,C",J,TIC Premium Brand,1800,0.897,0.852,5,460,60,1746,6.12,2.35,46,255,285,50,1.3636363636363635,8.05565674661221,3.52314281463623,9.94810390472412,11.6013660430908,11.6013660430908,31.1559162139893,15.3496713638306,33.7297401428223,20.5630035400391,7.23802380440603,5.74865531921387,184T
WH6X05,6,0.0202247425524208,Wye,AL,AL,16.9753325696839,15.4223041534424,2.54497995225293,160,94.6499999761581,Diamond,36,,L,TIC Premium Brand,1200,0.822,0.621,0.5,460,60,1162,0.92,0.69,5.8,360,340,16,1.4542343883661248,6.24158719353487,34.9426155090332,76.5380401611328,13.7188405990601,13.7188405990601,52.8742065429688,21.9191112518311,22.1321754455566,21.4445934295654,4.53192740770853,45.9198570251465,143T
WH6X50C,6,0.0202247425524208,Wye,AL,AL,25.709078274186,22.4641170501709,3.70701598277031,160,94.6499999761581,Diamond,36,,L,TIC Premium Brand,1200,0.818,0.6,0.5,575,60,1165,0.76,0.6,5,302,388,16,1.5708502024291497,6.24158719353487,51.8802108764648,112.495666503906,13.7188405990601,13.7188405990601,53.9183044433594,21.7713756561279,22.1321754455566,21.3265762329102,4.53192740770853,66.6004638671875,143T
WH6X75,6,0.0202247425524208,Wye,AL,AL,12.1918235211297,10.1271905899048,1.67118332774278,160,94.6499999761581,Diamond,36,"A,B",M,TIC Premium Brand,1200,0.818,0.614,0.75,460,60,1162,1.5,1.08,9.5,370,360,24,1.4699877501020824,6.24158719353487,23.990198135376,47.462028503418,13.7188405990601,13.7188405990601,46.8542137145996,20.9797592163086,22.1321754455566,20.5516376495361,4.53192740770853,29.2563247680664,143T
VWH6X75,6,0.0332263627646913,Wye,AL,AL,8.36667746258108,9.22695350646973,0.980467900749046,160,94.6499999761581,Diamond,36,"A,B",M,TIC Premium Brand,1200,0.846,0.639,0.75,460,60,1170,1.3,1.1,9.6,370,344,15,1.3374805598755832,3.79922698736905,18.5740985870361,49.000186920166,13.7188405990601,13.7188405990601,56.6071701049805,21.5671863555908,22.1321754455566,21.1513633728027,4.53192740770853,27.7126541137695,143T
WH4Y15,4,0.0589991678281174,Wye,AL,AL,6.61557288237771,3.5789749622345,1.25605265953635,190,119.9500015378,Diamond,36,"A,B,C",K,TIC Premium Brand,1800,0.84,0.811,1.49999994375111,460,60,1742,2.18,0.98,16.4,389,323,46,1.4655172413793103,14.0532231244125,11.4506006240845,29.9868831634521,11.6013660430908,11.6013660430908,40.8733139038086,16.7172908782959,33.7297401428223,27.0918807983398,7.23802380440603,17.705717086792,140T
WH4Y15C,4,0.0589991678281174,Wye,AL,AL,10.5093230470432,5.66013717651367,1.98644324415655,190,119.9500015378,Diamond,36,"A,B,C",K,TIC Premium Brand,1800,0.794,0.813,1.49999994375111,575,60,1741,1.74,0.77,12.9,381.9,319.2,47,1.465564738292011,14.0532231244125,18.1559028625488,47.349235534668,11.6013660430908,11.6013660430908,40.6696853637695,16.7528686523438,33.7297401428223,27.2530040740967,7.23802380440603,28.0875644683838,140T
2D8Y75BKA,8,0.483450380047705,Delta,AL,AL,3.04220602448925,2.80474519729614,0.207740938781771,265,174.199999988079,Dbl - Closed,54,"A,B",F,Standard / High Efficiency,900,0.89,0.705,7.49999971875556,460,60,874,11.1,5.6,50,155,210,45,1.3157894736842106,4.17847795744762,7.7870717048645,25.3883361816406,16.2862148284912,16.2862148284912,47.564037322998,23.5103034973145,28.1186256408691,22.3971118927002,4.52914995468249,15.0049314498901,256T
1D8010BKA,8,0.868153541255,Delta,AL,AL,2.03274494523258,1.33708643913269,0.189031755189829,310,209,Dbl - Closed,72,"A,B,C",G,Standard / High Efficiency,900,0.9,0.68,10.0000000511354,460,60,884,15.2,8.2,72,225,225,28,1.4186633039092056,5.77177649151296,5.58194160461426,19.3439121246338,19.8304634094238,19.8304634094238,95.8563613891602,34.3855133056641,20.2251167297363,18.5192832946777,4.49285559838081,10.1041660308838,284T
1D8010BKC,8,1.135277707795,Delta,AL,AL,1.58087085026142,1.24531376361847,0.138880473200691,310,209,Dbl - Closed,72,"A,B,C",G,Standard / High Efficiency,900,0.9,0.68,10.0000000511354,460,60,886,15.2,8.2,72,225,225,23,1.40361821584529,4.26658772019684,4.84928703308105,19.5222015380859,19.8304634094238,19.8304634094238,105.116539001465,35.2476997375488,20.2251167297363,18.9154281616211,4.49285559838081,9.6889476776123,286T
1D8015BKA,8,1.1686682286125,Delta,AL,AL,1.35467930993,0.887657880783081,0.0964447730560352,310,209,Dbl - Closed,72,"A,B,C",G,Standard / High Efficiency,900,0.905,0.695,14.9999994375111,460,60,885,22.2,11.6,115,245,215,36,1.3513513513513513,4.85928611285472,3.68185257911682,12.963662147522,19.8304634094238,19.8304634094238,92.8499526977539,33.8051605224609,20.2251167297363,18.2093944549561,4.49285559838081,6.78247356414795,286T
1D8020BKA,8,1.87482901009069,Wye,AL,AL,0.326093716296404,0.197959288954735,0.022816492430601,350,238.700000047684,Dbl - Closed,72,"A,B,C",G,Standard / High Efficiency,900,0.9,0.705,20.0000001022707,460,60,888,30,15.2,145,280,230,43,1.2332439678284182,5.41905681703161,0.889396667480469,2.77000331878662,17.5924091339111,17.5924091339111,86.7539291381836,31.7922344207764,17.7327175140381,16.1044673919678,3.944889544432,1.47481524944305,324T
1D8025BKA,8,2.15889401161959,Delta,AL,AL,0.728533190120121,0.574832856655121,0.0584102206223386,350,238.700000047684,Dbl - Closed,72,"A,B,C",G,Standard / High Efficiency,900,0.91,0.715,24.9999994886465,460,60,881,35.8,18.4,182.5,280,220,40,1.3480392156862746,4.70602302531693,2.35640454292297,7.70971870422363,17.5924091339111,17.5924091339111,80.3179626464844,32.0190086364746,17.7327175140381,16.2368831634521,3.944889544432,4.32864379882813,326T
4G6Y75BKC,6,0.596715881851309,Delta,AL,AL,8.07528838067941,2.31546211242676,0.20687320036349,265,174.199999988079,Dbl - Closed,54,"A,B,C",H,Standard / High Efficiency,1200,0.88,0.77,7.49999971875556,460,60,1169,10,4.6,60,235,280,42,2.160493827160494,41.1998657746585,12.027792930603,27.9109058380127,16.2862148284912,16.2862148284912,48.8183403015137,26.8782939910889,28.1186256408691,27.0376605987549,6.06818059651195,21.3914661407471,256T
1D6Y75BKC,6,0.596715881851309,Delta,AL,AL,8.07528838067941,2.31546211242676,0.20687320036349,265,174.199999988079,Dbl - Closed,54,"A,B,C",H,Standard / High Efficiency,1200,0.88,0.77,7.49999971875556,460,60,1169,10,4.6,60,235,280,42,2.160493827160494,41.1998657746585,12.027792930603,27.9109058380127,16.2862148284912,16.2862148284912,48.8183403015137,26.8782939910889,28.1186256408691,27.0376605987549,6.06818059651195,21.3914661407471,256T
WH4X50,4,0.0228732210627216,Wye,AL,AL,31.6872467615041,52.0759468078613,13.5080073466567,160,94.6499999761581,Diamond,36,,M,TIC Premium Brand,1800,0.821,0.776,0.499999994566869,460,60,1740,0.85,0.5,6.7,380,370,542,5.709876543209877,11.6209345067257,97.2712020874023,210.848846435547,13.7188405990601,13.7188405990601,24.2112236022949,26.3454513549805,31.0262050628662,31.0262050628662,6.66294855878327,193.0341796875,56C
WH4X50C,4,0.0228732210627216,Wye,AL,AL,25.2748813712863,20.6689434051514,5.36132811588805,160,94.6499999761581,Diamond,36,,M,TIC Premium Brand,1800,0.821,0.78,0.499999994566869,575,60,1740,0.7,0.4,5.2,375,368,43,1.3860640301318268,11.6209345067257,51.3051528930664,113.693069458008,13.7188405990601,13.7188405990601,58.8110847473145,21.3747177124023,31.0262050628662,29.0806293487549,6.66294855878327,70.3281631469727,56C
WH4X75,4,0.0274478652752659,Wye,AL,AL,10.2797703337388,9.29378128051758,2.05456791742649,160,94.6499999761581,Diamond,36,,M,TIC Premium Brand,1800,0.838,0.802,0.749999971875556,460,60,1740,1.1,0.6,9.7,370,367,54,1.3786626596543952,9.30875890719633,21.6281185150146,49.425407409668,13.7188405990601,13.7188405990601,53.8443336486816,20.6528358459473,31.0262050628662,28.1195602416992,6.66294855878327,30.6850910186768,56C
WH4X50,4,0.0228732210627216,Wye,AL,AL,31.6872467615041,52.0759468078613,13.5080073466567,160,94.6499999761581,Diamond,36,,M,TIC Premium Brand,1800,0.821,0.776,0.499999994566869,460,60,1740,0.85,0.5,6.7,380,370,542,5.709876543209877,11.6209345067257,97.2712020874023,210.848846435547,13.7188405990601,13.7188405990601,24.2112236022949,26.3454513549805,31.0262050628662,31.0262050628662,6.66294855878327,193.0341796875,56C
WH4X75C,4,0.0274478652752659,Wye,AL,AL,16.7064795364391,14.6708536148071,3.24327256393228,160,94.6499999761581,Diamond,36,,M,TIC Premium Brand,1800,0.836,0.805,0.749999971875556,575,60,1740,0.9,0.5,7.6,365,363,55,1.3876146788990824,9.7216474071123,34.62060546875,78.10009765625,13.7188405990601,13.7188405990601,53.5600395202637,20.7242298126221,31.0262050628662,28.2269344329834,6.66294855878327,48.8209953308105,56C
WH4001,4,0.0350722722961731,Wye,AL,AL,7.7923848235438,8.0485954284668,1.42678327599062,160,94.6499999761581,Diamond,36,"A,B,C",L,TIC Premium Brand,1800,0.849,0.827,0.999999989133738,460,60,1735,1.5,0.8,12.2,348,350,61,1.4583333333333333,7.65524672239961,17.2677631378174,42.0856704711914,13.7188405990601,13.7188405990601,50.4575462341309,20.7367935180664,31.0262050628662,28.2455139160156,6.66294855878327,26.7327671051025,143TC
WH6X50,6,0.0202247425524208,Wye,AL,AL,34.1539625354119,14.3881883621216,2.37433066733515,160,94.6499999761581,Diamond,36,,L,TIC Premium Brand,1200,0.8,0.65,0.499999994566869,460,60,1160,0.9,0.7,5.8,280,320,65,1.63015792154865,16.3145956421963,50.9164810180664,70.6213226318359,13.7188405990601,13.7188405990601,48.5045967102051,23.0990924835205,22.1321754455566,22.1321754455566,4.53192740770853,47.348705291748,56C
WH6X50C-56,6,0.0202247425524208,Wye,AL,AL,50.0326373599429,20.9578247070313,3.45844835610649,160,94.6499999761581,Diamond,36,,L,TIC Premium Brand,1200,0.76,0.63,0.499999994566869,575,60,1155,0.8,0.6,5,305,390,73,1.8562589243217515,15.6399319126318,74.4489135742188,103.181297302246,13.7188405990601,13.7188405990601,49.5717391967773,22.8746509552002,22.1321754455566,22.1321754455566,4.53192740770853,68.1909942626953,56C
WH6X75-56,6,0.0332263627646913,Wye,AL,AL,8.40614292231024,8.60825634002686,0.914724299900817,160,94.6499999761581,Diamond,36,"A,B",M,TIC Premium Brand,1200,0.835,0.615,0.749999971875556,460,60,1160,1.5,0.97,9.7,385,395,75,1.3820853743876835,3.65865073898224,17.9291229248047,43.3925437927246,13.7188405990601,13.7188405990601,57.6723899841309,21.270191192627,22.1321754455566,21.1051597595215,4.53192740770853,24.0634231567383,56C
WH6001,6,0.026003240424541,Wye,AL,AL,8.91504645046748,8.46169376373291,1.12137233478802,160,94.6499999761581,Diamond,36,"A,B,C",C,TIC Premium Brand,1200,0.81,0.67,0.999999989133738,460,60,1145,1.8,1,4.6,300,345,80,1.5211640211640212,4.90461490809269,18.4981117248535,39.6476287841797,13.7188405990601,13.7188405990601,45.0820083618164,20.9663887023926,22.1321754455566,20.536018371582,4.53192740770853,24.7140464782715,145T
WH6001C,6,0.026003240424541,Wye,AL,AL,14.0169468027359,12.2708644866943,1.62617653315701,160,94.6499999761581,Diamond,36,,L,TIC Premium Brand,1200,0.815,0.683,0.999999989133738,575,60,1140,1.35,0.95,9.2,346.4,338.6,84,1.3420531113753469,4.67494261092175,27.9139881134033,54.6548652648926,13.7188405990601,13.7188405990601,45.9348793029785,20.7048225402832,22.1321754455566,20.4821701049805,4.53192740770853,33.3229827880859,145T
WH4Y15,4,0.0350722722961731,Wye,AL,AL,5.35287513573195,5.35112571716309,0.948599815918968,160,94.6499999761581,Diamond,36,"A,B,C",L,TIC Premium Brand,1800,0.882,0.786,1.49999994375111,460,60,1739,2,1,17,365,510,56,2.036741214057508,7.65524672239961,11.6526002883911,26.6601142883301,13.7188405990601,13.7188405990601,44.7213935852051,19.7220516204834,31.0262050628662,25.8074760437012,6.66294855878327,16.8485641479492,145TC
WH4Y15,4,0.0350722722961731,Wye,AL,AL,5.35287513573195,5.35112571716309,0.948599815918968,160,94.6499999761581,Diamond,36,"A,B,C",L,TIC Premium Brand,1800,0.882,0.786,1.49999994375111,460,60,1739,2,1,17,365,510,56,2.036741214057508,7.65524672239961,11.6526002883911,26.6601142883301,13.7188405990601,13.7188405990601,44.7213935852051,19.7220516204834,31.0262050628662,25.8074760437012,6.66294855878327,16.8485641479492,145TC
WH4002,4,0.0350722722961731,Wye,AL,AL,4.30603697687816,4.38910388946533,0.778061223167427,160,94.6499999761581,Diamond,36,"A,B,C",J,TIC Premium Brand,1800,0.877,0.816,1.99999997826748,460,60,1720,2.6,1.2,20,330,345,83,1.4507989907485281,7.65524672239961,9.4732027053833,20.9665393829346,13.7188405990601,13.7188405990601,40.0393753051758,19.2266635894775,31.0262050628662,23.583646774292,6.66294855878327,13.2097320556641,145TC
WH4003,4,0.133731447077066,Wye,AL,AL,1.63290341831738,1.48086512088776,0.251677180837314,190,119.9500015378,Diamond,36,A,N,TIC Premium Brand,1800,0.896,0.778,2.99999988750223,460,60,1760,4,2.1,47,425,485,41,1.6632373113854595,5.61259197619181,3.36544561386108,12.6271286010742,11.6013660430908,11.6013660430908,45.7134666442871,15.6583347320557,33.7297401428223,22.5906829833984,7.23802380440603,6.08972978591919,184T
WH4003C,4,0.133731447077066,Wye,AL,AL,2.62227352440528,2.37596583366394,0.403802054587868,190,119.9500015378,Diamond,36,A,N,TIC Premium Brand,1800,0.896,0.784,2.99999988750223,575,60,1755,3,1.6,37,410,470,41,1.650860554970144,5.61259197619181,5.4020414352417,20.1888694763184,11.6013660430908,11.6013660430908,45.2759819030762,15.7134923934937,33.7297401428223,22.869068145752,7.23802380440603,9.83434677124023,184T
WH4005A,4,0.133731447077066,Wye,AL,AL,1.25183820483704,1.11229419708252,0.189037526940027,190,119.9500015378,Diamond,36,A,M,TIC Premium Brand,1800,0.898,0.821,5.00000002556768,460,60,1750,6.4,2.8,66,370,415,81,1.6619943932719263,5.61259197619181,2.55316996574402,8.74293422698975,11.6013660430908,11.6013660430908,36.1263656616211,15.1391859054565,33.7297401428223,19.9050369262695,7.23802380440603,4.28729867935181,184T
WH4Y75,4,0.340865136415842,Delta,AL,AL,1.41566165828697,1.64759957790375,0.310728778995526,230,142.100000023842,Dbl - Closed,48,A,M,TIC Premium Brand,1800,0.917,0.802,7.49999971875556,460,60,1765,9.5,4.4,100,450,453,57,1.4799085266252858,6.63512262960137,4.32107305526733,15.3735046386719,15.2172355651855,15.2172355651855,73.3737869262695,26.1653881072998,21.5398426055908,17.8737659454346,7.05493016577206,8.28603553771973,213TC
WH4Y75C,4,0.340865136415842,Delta,AL,AL,2.20896948206248,2.53334927558899,0.477776570583521,230,142.100000023842,Dbl - Closed,48,A,M,TIC Premium Brand,1800,0.917,0.799,7.49999971875556,575,60,1765,8,3.6,81,460,460,57,1.4848289218850872,6.63512262960137,6.67633056640625,23.7036838531494,15.2172355651855,15.2172355651855,73.7475814819336,26.1238689422607,21.5398426055908,17.7677440643311,7.05493016577206,12.7082424163818,213TC
WH4010,4,0.340865136415842,Delta,AL,AL,1.32259462861535,1.51842784881592,0.286367642722277,230,142.100000023842,Dbl - Closed,48,A,K,TIC Premium Brand,1800,0.917,0.831,10.0000000511354,460,60,1755,12.3,4.8,110,370,395,118,1.4766355140186915,6.63512262960137,4.00022172927856,13.0918416976929,15.2172355651855,15.2172355651855,63.2942123413086,25.9338665008545,21.5398426055908,17.2795372009277,7.05493016577206,7.52780437469482,215TC
WH4010C,4,0.340865136415842,Delta,AL,AL,1.83004093972424,2.21701002120972,0.41811664501638,230,142.100000023842,Dbl - Closed,48,A,L,TIC Premium Brand,1800,0.917,0.823,10.0000000511354,575,60,1760,10,4.2,94,400,415,111,1.456140350877193,6.63512262960137,5.73956298828125,19.3290481567383,15.2172355651855,15.2172355651855,64.7089309692383,25.7252101898193,21.5398426055908,16.7374782562256,7.05493016577206,10.8468608856201,215T
WE4Y15,4,0.0350722722961731,Wye,AL,AL,4.94571416828656,5.15110111236572,0.913141296633994,160,94.6499999761581,Diamond,36,"A,B",K,TIC Premium Brand,1800,0.85,0.811,1.49999994375111,460,60,1740,2.2,1,16.5,255,323,66,1.2281368821292775,6.81510820414654,11.0099563598633,25.6279811859131,13.7188405990601,13.7188405990601,45.4041404724121,19.5426864624023,31.0262050628662,25.0110130310059,6.66294855878327,15.7739267349243,145TC
4H2003,2,0.0289344927446747,Wye,AL,AL,2.74506140958636,1.34435105323792,0.772064235584348,190,99.1000000238419,Diamond,36,"A,B",K,TIC Premium Brand,3600,0.888,0.911,2.99999988750223,460,60,3509,3.5,1.1,32,248,388,29,1.2102308172177167,38.7364483557525,4.86147689819336,10.7179384231567,12.6802444458008,12.6802444458008,38.5682411193848,16.2829456329346,20.5784225463867,16.740442276001,11.646110425402,7.71296501159668,182T
4H2025,2,0.367497419249886,Delta,AL,AL,0.617465308927114,0.437126964330673,0.140578425411372,265,146.399999976158,Dbl - Closed,36,"A,B",G,TIC Premium Brand,3600,0.924,0.932,24.9999994886465,460,60,3529,28,5,182,260,250,54,1.01667344448963,18.3205805468107,1.76457822322845,5.90851402282715,11.6625537872314,11.6625537872314,53.9701728820801,27.9848804473877,15.590892791748,14.6906766891479,10.7536979087052,4.38101816177368,284T
4H2030C,2,0.440996903099863,Delta,AL,AL,0.686793310731575,0.566114604473114,0.154285618818831,265,146.399999976158,Dbl - Closed,36,"A,B",G,TIC Premium Brand,3600,0.924,0.935,29.9999988750223,575,60,3524,26.7,4.8,174,260,250,46,0.9858044164037855,15.2150441401272,2.14462208747864,7.55939292907715,11.6625537872314,11.6625537872314,53.9755020141602,27.8313102722168,15.590892791748,14.558406829834,10.7536979087052,5.52712392807007,286T
4H2Y15C,2,0.00873760038434474,Wye,AL,AL,8.66047588500924,5.00793886184692,3.15521873825745,160,81.3000000119209,Diamond,24,"A,B",M,TIC Premium Brand,3600,0.854,0.819,1.49999994375111,575,60,3489,1.6,0.9,16,350,400,29,1.0955902492467817,33.0911838132187,16.8236331939697,26.8430328369141,10.237286567688,10.237286567688,27.4784984588623,10.3440370559692,26.4915428161621,18.4440898895264,10.6726513947107,17.896800994873,143T
4H2002C,2,0.0113588804996482,Wye,AL,AL,5.6347689881847,3.6642689704895,1.90322613782839,160,81.3000000119209,Diamond,24,"A,B",L,TIC Premium Brand,3600,0.864,0.841,1.99999997826748,575,60,3500,2.13,1,20,350,400,34,1.0660980810234542,25.9166935331868,11.2022638320923,20.7117881774902,10.237286567688,10.237286567688,27.4141731262207,10.1365852355957,26.4915428161621,16.8139896392822,10.6726513947107,12.9254741668701,145T
4H4Y15C,4,0.0228732210627216,Wye,AL,AL,9.67377380795407,7.71895742416382,2.00222438895819,160,94.6499999761581,Diamond,36,"A,B,C",M,TIC Premium Brand,1800,0.869,0.787,1.49999994375111,575,60,1740,1.6,0.9,16,385,370,35,1.3805970149253732,11.6209345067257,19.3949565887451,37.3046607971191,13.7188405990601,13.7188405990601,40.8505935668945,18.9579753875732,31.0262050628662,22.3431224822998,6.66294855878327,22.8706588745117,145T
4H2002,2,0.0113588804996482,Wye,AL,AL,3.59964486882409,2.37568736076355,1.23393511111694,160,81.3000000119209,Diamond,24,"A,B",L,TIC Premium Brand,3600,0.864,0.841,1.99999997826748,460,60,3500,2.6,1.3,25,350,400,25,1.0761366693570085,25.9166935331868,7.20926713943481,13.4505891799927,10.237286567688,10.237286567688,27.3072967529297,10.1437969207764,26.4915428161621,16.8581352233887,10.6726513947107,8.38837623596191,145T
4H6Y15,6,0.0670727372273225,Wye,AL,AL,4.88458756941987,3.76565432548523,0.626085015949929,190,119.9500015378,Diamond,36,"A,B,C",M,TIC Premium Brand,1200,0.864,0.682,1.49999994375111,460,60,1170,2.4,1.6,20,266,398,21,1.5983935742971886,5.63029772612681,9.27632713317871,25.8441619873047,11.6013660430908,11.6013660430908,43.0878257751465,16.60032081604,24.0670223236084,21.0861492156982,4.92307544736989,14.7529268264771,182T
4H2003C,2,0.0289344927446747,Wye,AL,AL,4.3439855655029,2.10597252845764,1.20946544641193,190,99.1000000238419,Diamond,36,"A,B",K,TIC Premium Brand,3600,0.888,0.911,2.99999988750223,575,60,3510,2.8,0.9,25.6,248,388,29,1.1825662907650105,38.3174103652488,7.65942335128784,16.195291519165,12.6802444458008,12.6802444458008,38.5393371582031,16.2044792175293,20.5784225463867,16.6393299102783,11.646110425402,11.58664894104,182T
4H4003,4,0.0707990013937409,Wye,AL,AL,2.93524356735598,1.92757928371429,0.584114708433513,190,119.9500015378,Diamond,36,"A,B,C",H,TIC Premium Brand,1800,0.868,0.804,2.99999988750223,460,60,1735,2.7,1.4,25,380,340,31,1.4449638759031023,11.1104541795569,5.44693756103516,14.6949329376221,11.6013660430908,11.6013660430908,34.4923286437988,15.4993848800659,33.7297401428223,21.3190383911133,7.23802380440603,8.41123676300049,182T
4H2005C,2,0.0385793236595662,Wye,AL,AL,3.01592688554554,1.60060787200928,0.727391963606344,190,99.1000000238419,Diamond,36,"A,B",J,TIC Premium Brand,3600,0.89,0.925,5.00000002556768,575,60,3500,4.5,1.2,36.8,265,357,47,1.3000728332119444,30.3420423938772,5.34392642974854,11.8142108917236,12.6802444458008,12.6802444458008,33.0402679443359,15.9715528488159,20.5784225463867,15.7401084899902,11.646110425402,8.33312606811523,184T
WE4Y15C,4,0.0350722722961731,Wye,AL,AL,8.14956752719504,7.80285167694092,1.38321995229765,160,94.6499999761581,Diamond,36,"A,B,C",L,TIC Premium Brand,1800,0.882,0.81,1.49999994375111,575,60,1725,1.7,0.9,14.4,390,540,48,2.0408163265306123,7.65524672239961,17.3356399536133,39.2150726318359,13.7188405990601,13.7188405990601,45.7291641235352,19.5851249694824,31.0262050628662,25.2003154754639,6.66294855878327,24.2715187072754,145TC
WE4Y15C-TENV,4,0.0350722722961731,Wye,AL,AL,8.14956752719504,7.80285167694092,1.38321995229765,160,94.6499999761581,Diamond,36,"A,B,C",L,TIC Premium Brand,1800,0.882,0.81,1.49999994375111,575,60,1725,1.7,0.9,14.4,390,540,48,2.0408163265306123,7.65524672239961,17.3356399536133,39.2150726318359,13.7188405990601,13.7188405990601,45.7291641235352,19.5851249694824,31.0262050628662,25.2003154754639,6.66294855878327,24.2715187072754,145TC
WE6Y15,6,0.0332263627646913,Wye,AL,AL,4.73573129900366,5.19016170501709,0.551513194171338,160,94.6499999761581,Diamond,36,"A,B,C",L,TIC Premium Brand,1200,0.84,0.671,1.49999994375111,460,60,1151,2.49,1.76,17.7,350.3,341.3,77,1.3426435877262,3.83839427589863,10.4774055480957,24.446252822876,13.7188405990601,13.7188405990601,44.4251670837402,20.3024463653564,22.1321754455566,19.6157035827637,4.53192740770853,14.8458156585693,145T
4H2010,2,0.107562161689452,Delta,AL,AL,1.31654840041538,1.22746050357819,0.655729710398008,230,118.799999952316,Dbl - Closed,24,"A,B",H,TIC Premium Brand,3600,0.903,0.897,10.0000000511354,460,60,3510,11.5,2.9,81,212,300,63,1.2809564474807857,19.0846239961158,3.54986548423767,15.3611841201782,10.9143390655518,10.9143390655518,42.6117744445801,21.3307571411133,26.1267890930176,20.863245010376,9.73646872336893,10.4926023483276,215T
4H2010C,2,0.107562161689452,Delta,AL,AL,2.02311271426186,1.86843979358673,0.998151393390122,230,118.799999952316,Dbl - Closed,24,"A,B",H,TIC Premium Brand,3600,0.903,0.897,10.0000000511354,575,60,3510,9.2,2.3,64.8,212,300,62,1.1971268954509178,18.7444614192524,5.42266654968262,22.398265838623,10.9143390655518,10.9143390655518,43.0432739257813,21.0745849609375,26.1267890930176,20.3317031860352,9.73646872336893,14.9811353683472,215T
4H2015,2,0.25724819347492,Delta,AL,AL,0.891935897804299,0.599542081356049,0.26296936402477,265,146.399999976158,Dbl - Closed,36,"A,B",G,TIC Premium Brand,3600,0.916,0.919,14.9999994375111,460,60,3530,16.6,3.4,116,220,290,48,1.1613936724068883,30.693165889857,2.54784107208252,9.7505578994751,11.6625537872314,11.6625537872314,58.9184913635254,28.6123600006104,15.590892791748,14.9372205734253,10.7536979087052,7.06915140151978,254T
WE4002,4,0.0350722722961731,Wye,AL,AL,4.30603697687816,4.38910388946533,0.778061223167427,160,94.6499999761581,Diamond,36,"A,B,C",J,TIC Premium Brand,1800,0.877,0.816,1.99999997826748,460,60,1708,2.6,1.2,20,330,345,94,1.4507989907485281,7.65524672239961,9.4732027053833,20.9665393829346,13.7188405990601,13.7188405990601,40.0393753051758,19.2266635894775,31.0262050628662,23.583646774292,6.66294855878327,13.2097320556641,145TC
WE4002-TENV,4,0.0350722722961731,Wye,AL,AL,4.30603697687816,4.38910388946533,0.778061223167427,160,94.6499999761581,Diamond,36,"A,B",K,TIC Premium Brand,1800,0.858,0.828,1.99999997826748,460,60,1735,2.8,1.2,21,255,307,94,1.291000841042893,7.65524672239961,9.4732027053833,20.9665393829346,13.7188405990601,13.7188405990601,40.0393753051758,19.2266635894775,31.0262050628662,23.583646774292,6.66294855878327,13.2097320556641,145TC
WE4002C,4,0.0350722722961731,Wye,AL,AL,6.59236478167969,6.40839672088623,1.13602341785383,160,94.6499999761581,Diamond,36,"A,B,C",K,TIC Premium Brand,1800,0.878,0.802,1.99999997826748,575,60,1720,2.1,1,17,350,365,93,1.453604141776185,7.65524672239961,14.1367845535278,30.8335742950439,13.7188405990601,13.7188405990601,40.8639221191406,19.1114521026611,31.0262050628662,23.0623645782471,6.66294855878327,19.078670501709,145TC
WE4002C-TENV,4,0.0350722722961731,Wye,AL,AL,6.59236478167969,6.40839672088623,1.13602341785383,160,94.6499999761581,Diamond,36,"A,B",K,TIC Premium Brand,1800,0.858,0.829,1.99999997826748,575,60,1735,2.2,0.9,17,255,305,93,1.2146555157307846,7.65524672239961,14.1367845535278,30.8335742950439,13.7188405990601,13.7188405990601,40.8639221191406,19.1114521026611,31.0262050628662,23.0623645782471,6.66294855878327,19.078670501709,145TC
4H2015C,2,0.25724819347492,Delta,AL,AL,1.48418804954015,0.943467736244202,0.413821019347097,265,146.399999976158,Dbl - Closed,36,"A,B",G,TIC Premium Brand,3600,0.916,0.919,14.9999994375111,575,60,3530,13,2.7,92.8,220,290,53,1.152623211446741,32.509331136297,4.08999872207642,15.0267248153687,11.6625537872314,11.6625537872314,58.7904663085938,28.5771713256836,15.590892791748,14.9758539199829,10.7536979087052,10.9488849639893,254T
4H2020,2,0.349122548287392,Delta,AL,AL,0.704076222669754,0.517764389514923,0.174888887686644,265,146.399999976158,Dbl - Closed,36,"A,B",G,TIC Premium Brand,3600,0.925,0.929,20.0000001022707,460,60,3530,21,4.1,145,200,280,59,1.1676396997497915,24.6500343715846,2.08436036109924,7.6513204574585,11.6625537872314,11.6625537872314,51.6153602600098,27.8160305023193,15.590892791748,15.0206642150879,10.7536979087052,5.92609834671021,256T
4H2020C,2,0.349122548287392,Delta,AL,AL,1.06475824994204,0.809006810188293,0.273263887010382,265,146.399999976158,Dbl - Closed,36,"A,B",G,TIC Premium Brand,3600,0.925,0.929,20.0000001022707,575,60,3530,17.5,3.3,116,200,280,61,1.1489536315141569,23.0427342728222,3.22145247459412,11.7926073074341,11.6625537872314,11.6625537872314,51.6510314941406,27.7508525848389,15.590892791748,14.9686832427979,10.7536979087052,9.07742881774902,256T
4H2025C,2,0.367497419249886,Delta,AL,AL,0.978338851147894,0.670063138008118,0.215489831242829,265,146.399999976158,Dbl - Closed,36,"A,B",G,TIC Premium Brand,3600,0.924,0.932,24.9999994886465,575,60,3520,22.2,4,146,260,250,54,1.0024057738572574,18.3205805468107,2.7367250919342,9.07539367675781,11.6625537872314,11.6625537872314,54.1990051269531,27.9524517059326,15.590892791748,14.6636219024658,10.7536979087052,6.70923566818237,284T
3H2030,2,0.440996903099863,Delta,AL,AL,0.45217695066743,0.378969252109528,0.103282108465498,265,146.399999976158,Dbl - Closed,36,"A,B",G,TIC Premium Brand,3600,0.924,0.935,29.9999988750223,460,60,3520,33,6,217,260,250,50,1.0254306808859721,15.2150441401272,1.4280788898468,5.03409862518311,11.6625537872314,11.6625537872314,53.4062919616699,27.9188556671143,15.590892791748,14.6351089477539,10.7536979087052,3.71010613441467,286T
WE4003,4,0.133731447077066,Wye,AL,AL,1.63290341831738,1.48086512088776,0.251677180837314,190,119.9500015378,Diamond,36,A,N,TIC Premium Brand,1800,0.896,0.778,2.99999988750223,460,60,1740,4,2.1,47,425,485,85,1.6632373113854595,5.61259197619181,3.36544561386108,12.6271286010742,11.6013660430908,11.6013660430908,45.7134666442871,15.6583347320557,33.7297401428223,22.5906829833984,7.23802380440603,6.08972978591919,184T
WE4003,4,0.133731447077066,Wye,AL,AL,1.63290341831738,1.48086512088776,0.251677180837314,190,119.9500015378,Diamond,36,"A,B,C",K,TIC Premium Brand,1800,0.896,0.778,2.99999988750223,460,60,1740,4,2.1,47,425,485,85,1.6632373113854595,5.61259197619181,3.36544561386108,12.6271286010742,11.6013660430908,11.6013660430908,45.7134666442871,15.6583347320557,33.7297401428223,22.5906829833984,7.23802380440603,6.08972978591919,184T
WE4003-TENV,4,0.133731447077066,Wye,AL,AL,1.63290341831738,1.48086512088776,0.251677180837314,190,119.9500015378,Diamond,36,"A,B",K,TIC Premium Brand,1800,0.877,0.839,2.99999988750223,460,60,1740,4,1.6,32,255,305,85,1.0459533607681755,5.61259197619181,3.36544561386108,12.6271286010742,11.6013660430908,11.6013660430908,45.7134666442871,15.6583347320557,33.7297401428223,22.5906829833984,7.23802380440603,6.08972978591919,184T
WE4003C,4,0.102265224235403,Wye,AL,AL,4.19663855335847,3.05522465705872,0.664358431490303,190,119.9500015378,Diamond,36,"A,B,C",K,TIC Premium Brand,1800,0.896,0.784,2.99999988750223,575,60,1740,3,1.6,37,410,470,127,2.1809744779582365,8.10762872562261,7.91622161865234,25.5687217712402,11.6013660430908,11.6013660430908,37.8964767456055,16.0925922393799,33.7297401428223,24.1998176574707,7.23802380440603,14.0584077835083,184T
WE4003C-TENV,4,0.102265224235403,Wye,AL,AL,4.19663855335847,3.05522465705872,0.664358431490303,190,119.9500015378,Diamond,36,"A,B",K,TIC Premium Brand,1800,0.88,0.834,2.99999988750223,575,60,1740,3.5,1.3,27,255,315,127,1.4617169373549883,8.10762872562261,7.91622161865234,25.5687217712402,11.6013660430908,11.6013660430908,37.8964767456055,16.0925922393799,33.7297401428223,24.1998176574707,7.23802380440603,14.0584077835083,184T
3H2040C,2,0.66285133034,Delta,AL,AL,0.428723076296221,0.314741015434265,0.181341987060156,310,173,Dbl - Closed,36,"A,B",G,TIC Premium Brand,3600,0.931,0.897,40.0000002045414,575,60,3535,36.1,8.8,232,260,240,51,0.9523809523809523,20.9077164445525,1.59952414035797,5.72165060043335,11.7662973403931,11.7662973403931,63.6567840576172,33.3665351867676,15.3300352096558,14.461630821228,10.3518706372465,4.19746971130371,324T
3H4040,4,1.33458122830615,Delta,AL,AL,0.245203987758272,0.240387737751007,0.0446039385222214,310,193.600000023842,Dbl - Closed,48,"A,B,C",E,TIC Premium Brand,1800,0.941,0.845,40.0000002045414,460,60,1770,38.3,12,232,290,250,56,1.278118609406953,8.96523523539924,1.05753004550934,4.66559648513794,13.9970588684082,13.9970588684082,70.525016784668,36.0119094848633,21.2902946472168,18.0181102752686,6.61338609753464,3.09686517715454,324T
3H2050,2,0.82408543772,Delta,AL,AL,0.212871709905969,0.170546904206276,0.0805964386934028,310,173,Dbl - Closed,36,"A,B",G,TIC Premium Brand,3600,0.93,0.909,49.999998977293,460,60,3535,56,12,362,270,270,65,1.1024908125765618,17.0259840503775,0.829620718955994,3.04150295257568,11.7662973403931,11.7662973403931,62.8239288330078,33.3249588012695,15.3300352096558,14.4259996414185,10.3518706372465,2.21698403358459,326T
3H2050C,2,0.82408543772,Delta,AL,AL,0.340987170206842,0.266479551792145,0.125931935458442,310,173,Dbl - Closed,36,"A,B",G,TIC Premium Brand,3600,0.93,0.909,49.999998977293,575,60,3535,44.8,9.6,290,270,270,65,1.108829568788501,17.7571612795348,1.30465745925903,4.78261041641235,11.7662973403931,11.7662973403931,62.7976036071777,33.3564872741699,15.3300352096558,14.4530916213989,10.3518706372465,3.49647974967957,326T
WE4005,4,0.133731447077066,Wye,AL,AL,1.25183820483704,1.11229419708252,0.189037526940027,190,119.9500015378,Diamond,36,"A,B,C",J,TIC Premium Brand,1800,0.898,0.821,5.00000002556768,460,60,1735,6.4,2.8,66,370,415,89,1.6619943932719263,5.61259197619181,2.55316996574402,8.74293422698975,11.6013660430908,11.6013660430908,36.1263656616211,15.1391859054565,33.7297401428223,19.9050369262695,7.23802380440603,4.28729867935181,184T
3H4050,4,1.44432802657449,Delta,AL,AL,0.185615611445366,0.203916564583778,0.0352213259733054,310,193.700000047684,Dbl - Closed,48,"A,B,C",G,TIC Premium Brand,1800,0.943,0.842,49.999998977293,460,60,1770,60,20,362,260,240,54,1.2282497441146365,6.93290808966627,0.872081637382507,3.71268010139465,13.9970588684082,13.9970588684082,70.2806701660156,35.8352584838867,22.7296543121338,17.0618591308594,7.08655918460563,2.37377619743347,326T
WE4005C,4,0.133731447077066,Wye,AL,AL,2.00831169294649,1.79184675216675,0.304529388813149,190,119.9500015378,Diamond,36,"A,B,C",J,TIC Premium Brand,1800,0.897,0.826,5.00000002556768,575,60,1735,5,2.2,51,355,400,91,1.6467682173734046,5.61259197619181,4.10468769073486,14.0423440933228,11.6013660430908,11.6013660430908,35.7469177246094,15.1887178421021,33.7297401428223,20.1667785644531,7.23802380440603,6.95150184631348,184T
3H4050C,4,1.44432802657449,Delta,AL,AL,0.305883814692818,0.32418492436409,0.0559945843923438,310,193.700000047684,Dbl - Closed,48,"A,B,C",G,TIC Premium Brand,1800,0.945,0.842,49.999998977293,575,60,1770,47.9,16,290,260,240,62,1.2480499219968797,6.93290808966627,1.39722204208374,5.89553165435791,13.9970588684082,13.9970588684082,70.0747528076172,35.8873481750488,22.7296543121338,17.2004165649414,7.08655918460563,3.78496050834656,326T
3H2060,2,1.26593951939363,Delta,AL,AL,0.133718493213658,0.114582121372223,0.0632524010933527,350,192.599999904633,Dbl - Closed,36,"A,B",G,TIC Premium Brand,3600,0.938,0.89,59.9999977500445,460,60,3535,69,18,435,230,280,57,1.142390860873113,18.3838846188125,0.663621664047241,2.56845116615295,11.478175163269,11.478175163269,74.6753921508789,45.2224922180176,19.0527896881104,17.6049842834473,9.77237301523873,1.92016649246216,364T
3H4060,4,2.32576773171886,Delta,AL,AL,0.12864407318728,0.137620225548744,0.0196411197049902,350,218.200000047684,Dbl - Closed,48,"A,B,C",G,TIC Premium Brand,1800,0.951,0.84,59.9999977500445,460,60,1775,70,22,435,216,274,54,1.255153458543289,7.69616402614329,0.652290761470795,2.8090543746948198,14.4394159317017,14.4394159317017,68.514778137207,41.6638793945313,19.6596126556396,17.4998760223389,5.9713005558791,1.96428000926971,364T
3H2075,2,1.4310620654015,Delta,AL,AL,0.0878918215358503,0.0891280323266983,0.0439252785370505,350,192.599999904633,Dbl - Closed,36,"A,B",G,TIC Premium Brand,3600,0.935,0.885,75.000001022707,460,60,3545,85,22,542,260,270,56,1.0509926041261193,16.3088679217809,0.494802743196487,1.96730613708496,11.478175163269,11.478175163269,73.7279739379883,44.909553527832,19.0527896881104,17.2106170654297,9.77237301523873,1.46314835548401,365T
3H2075C,2,1.4310620654015,Delta,AL,AL,0.139019471294131,0.139262542128563,0.0686332477141414,350,192.599999904633,Dbl - Closed,36,"A,B",G,TIC Premium Brand,3600,0.935,0.885,75.000001022707,575,60,3545,68.4,17,434,260,270,60,1.0518114530580445,16.3088679217809,0.774817824363709,3.07384395599365,11.478175163269,11.478175163269,73.7248611450195,44.9103546142578,19.0527896881104,17.2117176055908,9.77237301523873,2.28622651100159,365T
3H4075,4,2.58418636857651,Delta,AL,AL,0.0985720297917392,0.109241403639317,0.0141907089868554,350,218.200000047684,Dbl - Closed,48,"A,B,C",G,TIC Premium Brand,1800,0.953,0.838,75.000001022707,460,60,1775,88,29,542,200,270,54,1.1790393013100438,6.95516972114685,0.512836754322052,2.1364758014679,14.4394159317017,14.4394159317017,67.5961380004883,41.4576568603516,19.6596126556396,17.1220054626465,5.9713005558791,1.55066668987274,365T
3H4075C,4,2.58418636857651,Delta,AL,AL,0.167219494209042,0.182951003313065,0.0237657548430382,350,218.200000047684,Dbl - Closed,48,"A,B,C",G,TIC Premium Brand,1800,0.953,0.838,75.000001022707,575,60,1775,70.6,23,434,200,270,55,1.2540640966093821,6.95516972114685,0.861005425453186,3.5660560131073,14.4394159317017,14.4394159317017,67.020866394043,41.5637321472168,19.6596126556396,17.3229846954346,5.9713005558791,2.6081874370575,365T
3H8300,8,55.9213906692174,Delta,AL,AL,0.0168226988148056,0.0169810894876719,0.00176532687164063,610,422.799999952316,Dbl - Closed,72,,G,TIC Premium Brand,900,0.951,0.776,300.000004090828,460,60,891,381.01,145.25,2236,135,223.5,65,1.2749572162007985,3.56407198350925,0.0946952849626541,0.699480831623077,16.6951694488525,16.6951694488525,38.0269775390625,17.1963157653809,22.1114959716797,16.1076164245605,4.44043600519647,0.41743540763855,5810
3H2060C,2,1.26593951939363,Wye,AL,AL,0.108278529573996,0.044758640229702,0.0247079691770909,350,192.599999904633,Dbl - Closed,36,"A,B",G,TIC Premium Brand,3600,0.938,0.89,59.9999977500445,575,60,3535,55,14,348,230,280,57,0.9330223258913695,18.3838846188125,0.315271973609924,1.02201437950134,11.478175163269,11.478175163269,77.8081817626953,44.7856750488281,19.0527896881104,17.0341358184814,9.77237301523873,0.740475594997406,364T
